grid_index,gross_return_R
1,0.003
2,0.003099903330111
3,0.00319980666022201
4,0.00329970999033301
5,0.00339961332044401
6,0.00349951665055502
7,0.00359941998066602
8,0.00369932331077703
9,0.00379922664088803
10,0.00389912997099903
11,0.00399903330111004
12,0.00409893663122104
13,0.00419883996133204
14,0.00429874329144305
15,0.00439864662155405
16,0.00449854995166506
17,0.00459845328177606
18,0.00469835661188706
19,0.00479825994199807
20,0.00489816327210907
21,0.00499806660222007
22,0.00509796993233108
23,0.00519787326244208
24,0.00529777659255309
25,0.00539767992266409
26,0.00549758325277509
27,0.0055974865828861
28,0.0056973899129971
29,0.0057972932431081
30,0.00589719657321911
31,0.00599709990333011
32,0.00609700323344111
33,0.00619690656355212
34,0.00629680989366312
35,0.00639671322377413
36,0.00649661655388513
37,0.00659651988399613
38,0.00669642321410714
39,0.00679632654421814
40,0.00689622987432914
41,0.00699613320444015
42,0.00709603653455115
43,0.00719593986466216
44,0.00729584319477316
45,0.00739574652488416
46,0.00749564985499517
47,0.00759555318510617
48,0.00769545651521717
49,0.00779535984532818
50,0.00789526317543918
51,0.00799516650555019
52,0.00809506983566119
53,0.00819497316577219
54,0.0082948764958832
55,0.0083947798259942
56,0.0084946831561052
57,0.00859458648621621
58,0.00869448981632721
59,0.00879439314643822
60,0.00889429647654922
61,0.00899419980666022
62,0.00909410313677123
63,0.00919400646688223
64,0.00929390979699323
65,0.00939381312710424
66,0.00949371645721524
67,0.00959361978732625
68,0.00969352311743725
69,0.00979342644754825
70,0.00989332977765926
71,0.00999323310777026
72,0.0100931364378813
73,0.0101930397679923
74,0.0102929430981033
75,0.0103928464282143
76,0.0104927497583253
77,0.0105926530884363
78,0.0106925564185473
79,0.0107924597486583
80,0.0108923630787693
81,0.0109922664088803
82,0.0110921697389913
83,0.0111920730691023
84,0.0112919763992133
85,0.0113918797293243
86,0.0114917830594353
87,0.0115916863895463
88,0.0116915897196573
89,0.0117914930497683
90,0.0118913963798793
91,0.0119912997099903
92,0.0120912030401013
93,0.0121911063702123
94,0.0122910097003233
95,0.0123909130304343
96,0.0124908163605454
97,0.0125907196906564
98,0.0126906230207674
99,0.0127905263508784
100,0.0128904296809894
101,0.0129903330111004
102,0.0130902363412114
103,0.0131901396713224
104,0.0132900430014334
105,0.0133899463315444
106,0.0134898496616554
107,0.0135897529917664
108,0.0136896563218774
109,0.0137895596519884
110,0.0138894629820994
111,0.0139893663122104
112,0.0140892696423214
113,0.0141891729724324
114,0.0142890763025434
115,0.0143889796326544
116,0.0144888829627654
117,0.0145887862928764
118,0.0146886896229874
119,0.0147885929530984
120,0.0148884962832094
121,0.0149883996133204
122,0.0150883029434314
123,0.0151882062735425
124,0.0152881096036535
125,0.0153880129337645
126,0.0154879162638755
127,0.0155878195939865
128,0.0156877229240975
129,0.0157876262542085
130,0.0158875295843195
131,0.0159874329144305
132,0.0160873362445415
133,0.0161872395746525
134,0.0162871429047635
135,0.0163870462348745
136,0.0164869495649855
137,0.0165868528950965
138,0.0166867562252075
139,0.0167866595553185
140,0.0168865628854295
141,0.0169864662155405
142,0.0170863695456515
143,0.0171862728757625
144,0.0172861762058735
145,0.0173860795359845
146,0.0174859828660955
147,0.0175858861962065
148,0.0176857895263175
149,0.0177856928564286
150,0.0178855961865396
151,0.0179854995166506
152,0.0180854028467616
153,0.0181853061768726
154,0.0182852095069836
155,0.0183851128370946
156,0.0184850161672056
157,0.0185849194973166
158,0.0186848228274276
159,0.0187847261575386
160,0.0188846294876496
161,0.0189845328177606
162,0.0190844361478716
163,0.0191843394779826
164,0.0192842428080936
165,0.0193841461382046
166,0.0194840494683156
167,0.0195839527984266
168,0.0196838561285376
169,0.0197837594586486
170,0.0198836627887596
171,0.0199835661188706
172,0.0200834694489816
173,0.0201833727790926
174,0.0202832761092036
175,0.0203831794393146
176,0.0204830827694256
177,0.0205829860995367
178,0.0206828894296477
179,0.0207827927597587
180,0.0208826960898697
181,0.0209825994199807
182,0.0210825027500917
183,0.0211824060802027
184,0.0212823094103137
185,0.0213822127404247
186,0.0214821160705357
187,0.0215820194006467
188,0.0216819227307577
189,0.0217818260608687
190,0.0218817293909797
191,0.0219816327210907
192,0.0220815360512017
193,0.0221814393813127
194,0.0222813427114237
195,0.0223812460415347
196,0.0224811493716457
197,0.0225810527017567
198,0.0226809560318677
199,0.0227808593619787
200,0.0228807626920897
201,0.0229806660222007
202,0.0230805693523117
203,0.0231804726824227
204,0.0232803760125338
205,0.0233802793426448
206,0.0234801826727558
207,0.0235800860028668
208,0.0236799893329778
209,0.0237798926630888
210,0.0238797959931998
211,0.0239796993233108
212,0.0240796026534218
213,0.0241795059835328
214,0.0242794093136438
215,0.0243793126437548
216,0.0244792159738658
217,0.0245791193039768
218,0.0246790226340878
219,0.0247789259641988
220,0.0248788292943098
221,0.0249787326244208
222,0.0250786359545318
223,0.0251785392846428
224,0.0252784426147538
225,0.0253783459448648
226,0.0254782492749758
227,0.0255781526050868
228,0.0256780559351978
229,0.0257779592653088
230,0.0258778625954199
231,0.0259777659255309
232,0.0260776692556419
233,0.0261775725857529
234,0.0262774759158639
235,0.0263773792459749
236,0.0264772825760859
237,0.0265771859061969
238,0.0266770892363079
239,0.0267769925664189
240,0.0268768958965299
241,0.0269767992266409
242,0.0270767025567519
243,0.0271766058868629
244,0.0272765092169739
245,0.0273764125470849
246,0.0274763158771959
247,0.0275762192073069
248,0.0276761225374179
249,0.0277760258675289
250,0.0278759291976399
251,0.0279758325277509
252,0.0280757358578619
253,0.0281756391879729
254,0.0282755425180839
255,0.0283754458481949
256,0.0284753491783059
257,0.0285752525084169
258,0.028675155838528
259,0.028775059168639
260,0.02887496249875
261,0.028974865828861
262,0.029074769158972
263,0.029174672489083
264,0.029274575819194
265,0.029374479149305
266,0.029474382479416
267,0.029574285809527
268,0.029674189139638
269,0.029774092469749
270,0.02987399579986
271,0.029973899129971
272,0.030073802460082
273,0.030173705790193
274,0.030273609120304
275,0.030373512450415
276,0.030473415780526
277,0.030573319110637
278,0.030673222440748
279,0.030773125770859
280,0.03087302910097
281,0.030972932431081
282,0.031072835761192
283,0.031172739091303
284,0.031272642421414
285,0.0313725457515251
286,0.0314724490816361
287,0.0315723524117471
288,0.0316722557418581
289,0.0317721590719691
290,0.0318720624020801
291,0.0319719657321911
292,0.0320718690623021
293,0.0321717723924131
294,0.0322716757225241
295,0.0323715790526351
296,0.0324714823827461
297,0.0325713857128571
298,0.0326712890429681
299,0.0327711923730791
300,0.0328710957031901
301,0.0329709990333011
302,0.0330709023634121
303,0.0331708056935231
304,0.0332707090236341
305,0.0333706123537451
306,0.0334705156838561
307,0.0335704190139671
308,0.0336703223440781
309,0.0337702256741891
310,0.0338701290043001
311,0.0339700323344111
312,0.0340699356645222
313,0.0341698389946332
314,0.0342697423247442
315,0.0343696456548552
316,0.0344695489849662
317,0.0345694523150772
318,0.0346693556451882
319,0.0347692589752992
320,0.0348691623054102
321,0.0349690656355212
322,0.0350689689656322
323,0.0351688722957432
324,0.0352687756258542
325,0.0353686789559652
326,0.0354685822860762
327,0.0355684856161872
328,0.0356683889462982
329,0.0357682922764092
330,0.0358681956065202
331,0.0359680989366312
332,0.0360680022667422
333,0.0361679055968532
334,0.0362678089269642
335,0.0363677122570752
336,0.0364676155871862
337,0.0365675189172972
338,0.0366674222474083
339,0.0367673255775193
340,0.0368672289076303
341,0.0369671322377413
342,0.0370670355678523
343,0.0371669388979633
344,0.0372668422280743
345,0.0373667455581853
346,0.0374666488882963
347,0.0375665522184073
348,0.0376664555485183
349,0.0377663588786293
350,0.0378662622087403
351,0.0379661655388513
352,0.0380660688689623
353,0.0381659721990733
354,0.0382658755291843
355,0.0383657788592953
356,0.0384656821894063
357,0.0385655855195173
358,0.0386654888496283
359,0.0387653921797393
360,0.0388652955098503
361,0.0389651988399613
362,0.0390651021700723
363,0.0391650055001833
364,0.0392649088302943
365,0.0393648121604053
366,0.0394647154905163
367,0.0395646188206274
368,0.0396645221507384
369,0.0397644254808494
370,0.0398643288109604
371,0.0399642321410714
372,0.0400641354711824
373,0.0401640388012934
374,0.0402639421314044
375,0.0403638454615154
376,0.0404637487916264
377,0.0405636521217374
378,0.0406635554518484
379,0.0407634587819594
380,0.0408633621120704
381,0.0409632654421814
382,0.0410631687722924
383,0.0411630721024034
384,0.0412629754325144
385,0.0413628787626254
386,0.0414627820927364
387,0.0415626854228474
388,0.0416625887529584
389,0.0417624920830694
390,0.0418623954131804
391,0.0419622987432915
392,0.0420622020734024
393,0.0421621054035135
394,0.0422620087336245
395,0.0423619120637355
396,0.0424618153938465
397,0.0425617187239575
398,0.0426616220540685
399,0.0427615253841795
400,0.0428614287142905
401,0.0429613320444015
402,0.0430612353745125
403,0.0431611387046235
404,0.0432610420347345
405,0.0433609453648455
406,0.0434608486949565
407,0.0435607520250675
408,0.0436606553551785
409,0.0437605586852895
410,0.0438604620154005
411,0.0439603653455115
412,0.0440602686756225
413,0.0441601720057335
414,0.0442600753358445
415,0.0443599786659555
416,0.0444598819960665
417,0.0445597853261775
418,0.0446596886562885
419,0.0447595919863995
420,0.0448594953165106
421,0.0449593986466216
422,0.0450593019767326
423,0.0451592053068436
424,0.0452591086369546
425,0.0453590119670656
426,0.0454589152971766
427,0.0455588186272876
428,0.0456587219573986
429,0.0457586252875096
430,0.0458585286176206
431,0.0459584319477316
432,0.0460583352778426
433,0.0461582386079536
434,0.0462581419380646
435,0.0463580452681756
436,0.0464579485982866
437,0.0465578519283976
438,0.0466577552585086
439,0.0467576585886196
440,0.0468575619187306
441,0.0469574652488416
442,0.0470573685789526
443,0.0471572719090636
444,0.0472571752391746
445,0.0473570785692856
446,0.0474569818993966
447,0.0475568852295077
448,0.0476567885596187
449,0.0477566918897297
450,0.0478565952198407
451,0.0479564985499517
452,0.0480564018800627
453,0.0481563052101737
454,0.0482562085402847
455,0.0483561118703957
456,0.0484560152005067
457,0.0485559185306177
458,0.0486558218607287
459,0.0487557251908397
460,0.0488556285209507
461,0.0489555318510617
462,0.0490554351811727
463,0.0491553385112837
464,0.0492552418413947
465,0.0493551451715057
466,0.0494550485016167
467,0.0495549518317277
468,0.0496548551618387
469,0.0497547584919497
470,0.0498546618220607
471,0.0499545651521717
472,0.0500544684822827
473,0.0501543718123937
474,0.0502542751425048
475,0.0503541784726158
476,0.0504540818027268
477,0.0505539851328378
478,0.0506538884629488
479,0.0507537917930598
480,0.0508536951231708
481,0.0509535984532818
482,0.0510535017833928
483,0.0511534051135038
484,0.0512533084436148
485,0.0513532117737258
486,0.0514531151038368
487,0.0515530184339478
488,0.0516529217640588
489,0.0517528250941698
490,0.0518527284242808
491,0.0519526317543918
492,0.0520525350845028
493,0.0521524384146138
494,0.0522523417447248
495,0.0523522450748358
496,0.0524521484049468
497,0.0525520517350578
498,0.0526519550651688
499,0.0527518583952798
500,0.0528517617253909
501,0.0529516650555018
502,0.0530515683856129
503,0.0531514717157239
504,0.0532513750458349
505,0.0533512783759459
506,0.0534511817060569
507,0.0535510850361679
508,0.0536509883662789
509,0.0537508916963899
510,0.0538507950265009
511,0.0539506983566119
512,0.0540506016867229
513,0.0541505050168339
514,0.0542504083469449
515,0.0543503116770559
516,0.0544502150071669
517,0.0545501183372779
518,0.0546500216673889
519,0.0547499249974999
520,0.0548498283276109
521,0.0549497316577219
522,0.0550496349878329
523,0.0551495383179439
524,0.0552494416480549
525,0.0553493449781659
526,0.055449248308277
527,0.055549151638388
528,0.055649054968499
529,0.05574895829861
530,0.055848861628721
531,0.055948764958832
532,0.056048668288943
533,0.056148571619054
534,0.056248474949165
535,0.056348378279276
536,0.056448281609387
537,0.056548184939498
538,0.056648088269609
539,0.05674799159972
540,0.056847894929831
541,0.056947798259942
542,0.057047701590053
543,0.057147604920164
544,0.057247508250275
545,0.057347411580386
546,0.057447314910497
547,0.057547218240608
548,0.057647121570719
549,0.05774702490083
550,0.057846928230941
551,0.057946831561052
552,0.058046734891163
553,0.0581466382212741
554,0.058246541551385
555,0.0583464448814961
556,0.0584463482116071
557,0.0585462515417181
558,0.0586461548718291
559,0.0587460582019401
560,0.0588459615320511
561,0.0589458648621621
562,0.0590457681922731
563,0.0591456715223841
564,0.0592455748524951
565,0.0593454781826061
566,0.0594453815127171
567,0.0595452848428281
568,0.0596451881729391
569,0.0597450915030501
570,0.0598449948331611
571,0.0599448981632721
572,0.0600448014933831
573,0.0601447048234941
574,0.0602446081536051
575,0.0603445114837161
576,0.0604444148138271
577,0.0605443181439381
578,0.0606442214740491
579,0.0607441248041601
580,0.0608440281342712
581,0.0609439314643822
582,0.0610438347944932
583,0.0611437381246042
584,0.0612436414547152
585,0.0613435447848262
586,0.0614434481149372
587,0.0615433514450482
588,0.0616432547751592
589,0.0617431581052702
590,0.0618430614353812
591,0.0619429647654922
592,0.0620428680956032
593,0.0621427714257142
594,0.0622426747558252
595,0.0623425780859362
596,0.0624424814160472
597,0.0625423847461582
598,0.0626422880762692
599,0.0627421914063802
600,0.0628420947364912
601,0.0629419980666022
602,0.0630419013967132
603,0.0631418047268242
604,0.0632417080569352
605,0.0633416113870462
606,0.0634415147171572
607,0.0635414180472682
608,0.0636413213773793
609,0.0637412247074903
610,0.0638411280376013
611,0.0639410313677123
612,0.0640409346978233
613,0.0641408380279343
614,0.0642407413580453
615,0.0643406446881563
616,0.0644405480182673
617,0.0645404513483783
618,0.0646403546784893
619,0.0647402580086003
620,0.0648401613387113
621,0.0649400646688223
622,0.0650399679989333
623,0.0651398713290443
624,0.0652397746591553
625,0.0653396779892663
626,0.0654395813193773
627,0.0655394846494883
628,0.0656393879795993
629,0.0657392913097103
630,0.0658391946398213
631,0.0659390979699323
632,0.0660390013000433
633,0.0661389046301544
634,0.0662388079602654
635,0.0663387112903764
636,0.0664386146204873
637,0.0665385179505984
638,0.0666384212807094
639,0.0667383246108204
640,0.0668382279409314
641,0.0669381312710424
642,0.0670380346011534
643,0.0671379379312644
644,0.0672378412613754
645,0.0673377445914864
646,0.0674376479215974
647,0.0675375512517084
648,0.0676374545818194
649,0.0677373579119304
650,0.0678372612420414
651,0.0679371645721524
652,0.0680370679022634
653,0.0681369712323744
654,0.0682368745624854
655,0.0683367778925964
656,0.0684366812227074
657,0.0685365845528184
658,0.0686364878829294
659,0.0687363912130404
660,0.0688362945431514
661,0.0689361978732625
662,0.0690361012033735
663,0.0691360045334845
664,0.0692359078635955
665,0.0693358111937065
666,0.0694357145238175
667,0.0695356178539285
668,0.0696355211840395
669,0.0697354245141505
670,0.0698353278442615
671,0.0699352311743725
672,0.0700351345044835
673,0.0701350378345945
674,0.0702349411647055
675,0.0703348444948165
676,0.0704347478249275
677,0.0705346511550385
678,0.0706345544851495
679,0.0707344578152605
680,0.0708343611453715
681,0.0709342644754825
682,0.0710341678055935
683,0.0711340711357045
684,0.0712339744658155
685,0.0713338777959265
686,0.0714337811260375
687,0.0715336844561485
688,0.0716335877862596
689,0.0717334911163705
690,0.0718333944464816
691,0.0719332977765926
692,0.0720332011067036
693,0.0721331044368146
694,0.0722330077669256
695,0.0723329110970366
696,0.0724328144271476
697,0.0725327177572586
698,0.0726326210873696
699,0.0727325244174806
700,0.0728324277475916
701,0.0729323310777026
702,0.0730322344078136
703,0.0731321377379246
704,0.0732320410680356
705,0.0733319443981466
706,0.0734318477282576
707,0.0735317510583686
708,0.0736316543884796
709,0.0737315577185906
710,0.0738314610487016
711,0.0739313643788126
712,0.0740312677089236
713,0.0741311710390346
714,0.0742310743691457
715,0.0743309776992566
716,0.0744308810293677
717,0.0745307843594787
718,0.0746306876895897
719,0.0747305910197007
720,0.0748304943498117
721,0.0749303976799227
722,0.0750303010100337
723,0.0751302043401447
724,0.0752301076702557
725,0.0753300110003667
726,0.0754299143304777
727,0.0755298176605887
728,0.0756297209906997
729,0.0757296243208107
730,0.0758295276509217
731,0.0759294309810327
732,0.0760293343111437
733,0.0761292376412547
734,0.0762291409713657
735,0.0763290443014767
736,0.0764289476315877
737,0.0765288509616987
738,0.0766287542918097
739,0.0767286576219207
740,0.0768285609520317
741,0.0769284642821427
742,0.0770283676122537
743,0.0771282709423648
744,0.0772281742724758
745,0.0773280776025868
746,0.0774279809326978
747,0.0775278842628088
748,0.0776277875929198
749,0.0777276909230308
750,0.0778275942531418
751,0.0779274975832528
752,0.0780274009133638
753,0.0781273042434748
754,0.0782272075735858
755,0.0783271109036968
756,0.0784270142338078
757,0.0785269175639188
758,0.0786268208940298
759,0.0787267242241408
760,0.0788266275542518
761,0.0789265308843628
762,0.0790264342144738
763,0.0791263375445848
764,0.0792262408746958
765,0.0793261442048068
766,0.0794260475349178
767,0.0795259508650289
768,0.0796258541951398
769,0.0797257575252509
770,0.0798256608553619
771,0.0799255641854728
772,0.0800254675155839
773,0.0801253708456949
774,0.0802252741758059
775,0.0803251775059169
776,0.0804250808360279
777,0.0805249841661389
778,0.0806248874962499
779,0.0807247908263609
780,0.0808246941564719
781,0.0809245974865829
782,0.0810245008166939
783,0.0811244041468049
784,0.0812243074769159
785,0.0813242108070269
786,0.0814241141371379
787,0.0815240174672489
788,0.0816239207973599
789,0.0817238241274709
790,0.0818237274575819
791,0.0819236307876929
792,0.0820235341178039
793,0.0821234374479149
794,0.0822233407780259
795,0.0823232441081369
796,0.082423147438248
797,0.082523050768359
798,0.08262295409847
799,0.082722857428581
800,0.082822760758692
801,0.082922664088803
802,0.083022567418914
803,0.083122470749025
804,0.083222374079136
805,0.083322277409247
806,0.083422180739358
807,0.083522084069469
808,0.08362198739958
809,0.083721890729691
810,0.083821794059802
811,0.083921697389913
812,0.084021600720024
813,0.084121504050135
814,0.084221407380246
815,0.084321310710357
816,0.084421214040468
817,0.084521117370579
818,0.08462102070069
819,0.084720924030801
820,0.084820827360912
821,0.084920730691023
822,0.0850206340211341
823,0.0851205373512451
824,0.085220440681356
825,0.0853203440114671
826,0.0854202473415781
827,0.0855201506716891
828,0.0856200540018001
829,0.0857199573319111
830,0.0858198606620221
831,0.0859197639921331
832,0.0860196673222441
833,0.0861195706523551
834,0.0862194739824661
835,0.0863193773125771
836,0.0864192806426881
837,0.0865191839727991
838,0.0866190873029101
839,0.0867189906330211
840,0.0868188939631321
841,0.0869187972932431
842,0.0870187006233541
843,0.0871186039534651
844,0.0872185072835761
845,0.0873184106136871
846,0.0874183139437981
847,0.0875182172739091
848,0.0876181206040201
849,0.0877180239341312
850,0.0878179272642421
851,0.0879178305943532
852,0.0880177339244642
853,0.0881176372545752
854,0.0882175405846862
855,0.0883174439147972
856,0.0884173472449082
857,0.0885172505750192
858,0.0886171539051302
859,0.0887170572352412
860,0.0888169605653522
861,0.0889168638954632
862,0.0890167672255742
863,0.0891166705556852
864,0.0892165738857962
865,0.0893164772159072
866,0.0894163805460182
867,0.0895162838761292
868,0.0896161872062402
869,0.0897160905363512
870,0.0898159938664622
871,0.0899158971965732
872,0.0900158005266842
873,0.0901157038567952
874,0.0902156071869062
875,0.0903155105170173
876,0.0904154138471283
877,0.0905153171772392
878,0.0906152205073503
879,0.0907151238374613
880,0.0908150271675723
881,0.0909149304976833
882,0.0910148338277943
883,0.0911147371579053
884,0.0912146404880163
885,0.0913145438181273
886,0.0914144471482383
887,0.0915143504783493
888,0.0916142538084603
889,0.0917141571385713
890,0.0918140604686823
891,0.0919139637987933
892,0.0920138671289043
893,0.0921137704590153
894,0.0922136737891263
895,0.0923135771192373
896,0.0924134804493483
897,0.0925133837794593
898,0.0926132871095703
899,0.0927131904396813
900,0.0928130937697923
901,0.0929129970999033
902,0.0930129004300144
903,0.0931128037601253
904,0.0932127070902364
905,0.0933126104203474
906,0.0934125137504584
907,0.0935124170805694
908,0.0936123204106804
909,0.0937122237407914
910,0.0938121270709024
911,0.0939120304010134
912,0.0940119337311244
913,0.0941118370612354
914,0.0942117403913464
915,0.0943116437214574
916,0.0944115470515684
917,0.0945114503816794
918,0.0946113537117904
919,0.0947112570419014
920,0.0948111603720124
921,0.0949110637021234
922,0.0950109670322344
923,0.0951108703623454
924,0.0952107736924564
925,0.0953106770225674
926,0.0954105803526784
927,0.0955104836827894
928,0.0956103870129004
929,0.0957102903430115
930,0.0958101936731224
931,0.0959100970032335
932,0.0960100003333445
933,0.0961099036634555
934,0.0962098069935665
935,0.0963097103236775
936,0.0964096136537885
937,0.0965095169838995
938,0.0966094203140105
939,0.0967093236441215
940,0.0968092269742325
941,0.0969091303043435
942,0.0970090336344545
943,0.0971089369645655
944,0.0972088402946765
945,0.0973087436247875
946,0.0974086469548985
947,0.0975085502850095
948,0.0976084536151205
949,0.0977083569452315
950,0.0978082602753425
951,0.0979081636054535
952,0.0980080669355645
953,0.0981079702656755
954,0.0982078735957865
955,0.0983077769258976
956,0.0984076802560085
957,0.0985075835861196
958,0.0986074869162306
959,0.0987073902463416
960,0.0988072935764526
961,0.0989071969065636
962,0.0990071002366746
963,0.0991070035667856
964,0.0992069068968966
965,0.0993068102270076
966,0.0994067135571186
967,0.0995066168872296
968,0.0996065202173406
969,0.0997064235474516
970,0.0998063268775626
971,0.0999062302076736
972,0.100006133537785
973,0.100106036867896
974,0.100205940198007
975,0.100305843528118
976,0.100405746858229
977,0.10050565018834
978,0.100605553518451
979,0.100705456848562
980,0.100805360178673
981,0.100905263508784
982,0.101005166838895
983,0.101105070169006
984,0.101204973499117
985,0.101304876829228
986,0.101404780159339
987,0.10150468348945
988,0.101604586819561
989,0.101704490149672
990,0.101804393479783
991,0.101904296809894
992,0.102004200140005
993,0.102104103470116
994,0.102204006800227
995,0.102303910130338
996,0.102403813460449
997,0.10250371679056
998,0.102603620120671
999,0.102703523450782
1000,0.102803426780893
1001,0.102903330111004
1002,0.103003233441115
1003,0.103103136771226
1004,0.103203040101337
1005,0.103302943431448
1006,0.103402846761559
1007,0.10350275009167
1008,0.103602653421781
1009,0.103702556751892
1010,0.103802460082003
1011,0.103902363412114
1012,0.104002266742225
1013,0.104102170072336
1014,0.104202073402447
1015,0.104301976732558
1016,0.104401880062669
1017,0.10450178339278
1018,0.104601686722891
1019,0.104701590053002
1020,0.104801493383113
1021,0.104901396713224
1022,0.105001300043335
1023,0.105101203373446
1024,0.105201106703557
1025,0.105301010033668
1026,0.105400913363779
1027,0.10550081669389
1028,0.105600720024001
1029,0.105700623354112
1030,0.105800526684223
1031,0.105900430014334
1032,0.106000333344445
1033,0.106100236674556
1034,0.106200140004667
1035,0.106300043334778
1036,0.106399946664889
1037,0.106499849995
1038,0.106599753325111
1039,0.106699656655222
1040,0.106799559985333
1041,0.106899463315444
1042,0.106999366645555
1043,0.107099269975666
1044,0.107199173305777
1045,0.107299076635888
1046,0.107398979965999
1047,0.10749888329611
1048,0.107598786626221
1049,0.107698689956332
1050,0.107798593286443
1051,0.107898496616554
1052,0.107998399946665
1053,0.108098303276776
1054,0.108198206606887
1055,0.108298109936998
1056,0.108398013267109
1057,0.10849791659722
1058,0.108597819927331
1059,0.108697723257442
1060,0.108797626587553
1061,0.108897529917664
1062,0.108997433247775
1063,0.109097336577886
1064,0.109197239907997
1065,0.109297143238108
1066,0.109397046568219
1067,0.10949694989833
1068,0.109596853228441
1069,0.109696756558552
1070,0.109796659888663
1071,0.109896563218774
1072,0.109996466548885
1073,0.110096369878996
1074,0.110196273209107
1075,0.110296176539218
1076,0.110396079869329
1077,0.11049598319944
1078,0.110595886529551
1079,0.110695789859662
1080,0.110795693189773
1081,0.110895596519884
1082,0.110995499849995
1083,0.111095403180106
1084,0.111195306510217
1085,0.111295209840328
1086,0.111395113170439
1087,0.11149501650055
1088,0.111594919830661
1089,0.111694823160772
1090,0.111794726490883
1091,0.111894629820994
1092,0.111994533151105
1093,0.112094436481216
1094,0.112194339811327
1095,0.112294243141438
1096,0.112394146471549
1097,0.11249404980166
1098,0.112593953131771
1099,0.112693856461882
1100,0.112793759791993
1101,0.112893663122104
1102,0.112993566452215
1103,0.113093469782326
1104,0.113193373112437
1105,0.113293276442548
1106,0.113393179772659
1107,0.11349308310277
1108,0.113592986432881
1109,0.113692889762992
1110,0.113792793093103
1111,0.113892696423214
1112,0.113992599753325
1113,0.114092503083436
1114,0.114192406413547
1115,0.114292309743658
1116,0.114392213073769
1117,0.11449211640388
1118,0.114592019733991
1119,0.114691923064102
1120,0.114791826394213
1121,0.114891729724324
1122,0.114991633054435
1123,0.115091536384546
1124,0.115191439714657
1125,0.115291343044768
1126,0.115391246374879
1127,0.11549114970499
1128,0.115591053035101
1129,0.115690956365212
1130,0.115790859695323
1131,0.115890763025434
1132,0.115990666355545
1133,0.116090569685656
1134,0.116190473015767
1135,0.116290376345878
1136,0.116390279675989
1137,0.1164901830061
1138,0.116590086336211
1139,0.116689989666322
1140,0.116789892996433
1141,0.116889796326544
1142,0.116989699656655
1143,0.117089602986766
1144,0.117189506316877
1145,0.117289409646988
1146,0.117389312977099
1147,0.11748921630721
1148,0.117589119637321
1149,0.117689022967432
1150,0.117788926297543
1151,0.117888829627654
1152,0.117988732957765
1153,0.118088636287876
1154,0.118188539617987
1155,0.118288442948098
1156,0.118388346278209
1157,0.11848824960832
1158,0.118588152938431
1159,0.118688056268542
1160,0.118787959598653
1161,0.118887862928764
1162,0.118987766258875
1163,0.119087669588986
1164,0.119187572919097
1165,0.119287476249208
1166,0.119387379579319
1167,0.11948728290943
1168,0.119587186239541
1169,0.119687089569652
1170,0.119786992899763
1171,0.119886896229874
1172,0.119986799559985
1173,0.120086702890096
1174,0.120186606220207
1175,0.120286509550318
1176,0.120386412880429
1177,0.12048631621054
1178,0.120586219540651
1179,0.120686122870762
1180,0.120786026200873
1181,0.120885929530984
1182,0.120985832861095
1183,0.121085736191206
1184,0.121185639521317
1185,0.121285542851428
1186,0.121385446181539
1187,0.12148534951165
1188,0.121585252841761
1189,0.121685156171872
1190,0.121785059501983
1191,0.121884962832094
1192,0.121984866162205
1193,0.122084769492316
1194,0.122184672822427
1195,0.122284576152538
1196,0.122384479482649
1197,0.12248438281276
1198,0.122584286142871
1199,0.122684189472982
1200,0.122784092803093
1201,0.122883996133204
1202,0.122983899463315
1203,0.123083802793426
1204,0.123183706123537
1205,0.123283609453648
1206,0.123383512783759
1207,0.12348341611387
1208,0.123583319443981
1209,0.123683222774092
1210,0.123783126104203
1211,0.123883029434314
1212,0.123982932764425
1213,0.124082836094536
1214,0.124182739424647
1215,0.124282642754759
1216,0.12438254608487
1217,0.124482449414981
1218,0.124582352745092
1219,0.124682256075203
1220,0.124782159405314
1221,0.124882062735425
1222,0.124981966065536
1223,0.125081869395647
1224,0.125181772725758
1225,0.125281676055869
1226,0.12538157938598
1227,0.125481482716091
1228,0.125581386046202
1229,0.125681289376313
1230,0.125781192706424
1231,0.125881096036535
1232,0.125980999366646
1233,0.126080902696757
1234,0.126180806026868
1235,0.126280709356979
1236,0.12638061268709
1237,0.126480516017201
1238,0.126580419347312
1239,0.126680322677423
1240,0.126780226007534
1241,0.126880129337645
1242,0.126980032667756
1243,0.127079935997867
1244,0.127179839327978
1245,0.127279742658089
1246,0.1273796459882
1247,0.127479549318311
1248,0.127579452648422
1249,0.127679355978533
1250,0.127779259308644
1251,0.127879162638755
1252,0.127979065968866
1253,0.128078969298977
1254,0.128178872629088
1255,0.128278775959199
1256,0.12837867928931
1257,0.128478582619421
1258,0.128578485949532
1259,0.128678389279643
1260,0.128778292609754
1261,0.128878195939865
1262,0.128978099269976
1263,0.129078002600087
1264,0.129177905930198
1265,0.129277809260309
1266,0.12937771259042
1267,0.129477615920531
1268,0.129577519250642
1269,0.129677422580753
1270,0.129777325910864
1271,0.129877229240975
1272,0.129977132571086
1273,0.130077035901197
1274,0.130176939231308
1275,0.130276842561419
1276,0.13037674589153
1277,0.130476649221641
1278,0.130576552551752
1279,0.130676455881863
1280,0.130776359211974
1281,0.130876262542085
1282,0.130976165872196
1283,0.131076069202307
1284,0.131175972532418
1285,0.131275875862529
1286,0.13137577919264
1287,0.131475682522751
1288,0.131575585852862
1289,0.131675489182973
1290,0.131775392513084
1291,0.131875295843195
1292,0.131975199173306
1293,0.132075102503417
1294,0.132175005833528
1295,0.132274909163639
1296,0.13237481249375
1297,0.132474715823861
1298,0.132574619153972
1299,0.132674522484083
1300,0.132774425814194
1301,0.132874329144305
1302,0.132974232474416
1303,0.133074135804527
1304,0.133174039134638
1305,0.133273942464749
1306,0.13337384579486
1307,0.133473749124971
1308,0.133573652455082
1309,0.133673555785193
1310,0.133773459115304
1311,0.133873362445415
1312,0.133973265775526
1313,0.134073169105637
1314,0.134173072435748
1315,0.134272975765859
1316,0.13437287909597
1317,0.134472782426081
1318,0.134572685756192
1319,0.134672589086303
1320,0.134772492416414
1321,0.134872395746525
1322,0.134972299076636
1323,0.135072202406747
1324,0.135172105736858
1325,0.135272009066969
1326,0.13537191239708
1327,0.135471815727191
1328,0.135571719057302
1329,0.135671622387413
1330,0.135771525717524
1331,0.135871429047635
1332,0.135971332377746
1333,0.136071235707857
1334,0.136171139037968
1335,0.136271042368079
1336,0.13637094569819
1337,0.136470849028301
1338,0.136570752358412
1339,0.136670655688523
1340,0.136770559018634
1341,0.136870462348745
1342,0.136970365678856
1343,0.137070269008967
1344,0.137170172339078
1345,0.137270075669189
1346,0.1373699789993
1347,0.137469882329411
1348,0.137569785659522
1349,0.137669688989633
1350,0.137769592319744
1351,0.137869495649855
1352,0.137969398979966
1353,0.138069302310077
1354,0.138169205640188
1355,0.138269108970299
1356,0.13836901230041
1357,0.138468915630521
1358,0.138568818960632
1359,0.138668722290743
1360,0.138768625620854
1361,0.138868528950965
1362,0.138968432281076
1363,0.139068335611187
1364,0.139168238941298
1365,0.139268142271409
1366,0.13936804560152
1367,0.139467948931631
1368,0.139567852261742
1369,0.139667755591853
1370,0.139767658921964
1371,0.139867562252075
1372,0.139967465582186
1373,0.140067368912297
1374,0.140167272242408
1375,0.140267175572519
1376,0.14036707890263
1377,0.140466982232741
1378,0.140566885562852
1379,0.140666788892963
1380,0.140766692223074
1381,0.140866595553185
1382,0.140966498883296
1383,0.141066402213407
1384,0.141166305543518
1385,0.141266208873629
1386,0.14136611220374
1387,0.141466015533851
1388,0.141565918863962
1389,0.141665822194073
1390,0.141765725524184
1391,0.141865628854295
1392,0.141965532184406
1393,0.142065435514517
1394,0.142165338844628
1395,0.142265242174739
1396,0.14236514550485
1397,0.142465048834961
1398,0.142564952165072
1399,0.142664855495183
1400,0.142764758825294
1401,0.142864662155405
1402,0.142964565485516
1403,0.143064468815627
1404,0.143164372145738
1405,0.143264275475849
1406,0.14336417880596
1407,0.143464082136071
1408,0.143563985466182
1409,0.143663888796293
1410,0.143763792126404
1411,0.143863695456515
1412,0.143963598786626
1413,0.144063502116737
1414,0.144163405446848
1415,0.144263308776959
1416,0.14436321210707
1417,0.144463115437181
1418,0.144563018767292
1419,0.144662922097403
1420,0.144762825427514
1421,0.144862728757625
1422,0.144962632087736
1423,0.145062535417847
1424,0.145162438747958
1425,0.145262342078069
1426,0.14536224540818
1427,0.145462148738291
1428,0.145562052068402
1429,0.145661955398513
1430,0.145761858728624
1431,0.145861762058735
1432,0.145961665388846
1433,0.146061568718957
1434,0.146161472049068
1435,0.146261375379179
1436,0.14636127870929
1437,0.146461182039401
1438,0.146561085369512
1439,0.146660988699623
1440,0.146760892029734
1441,0.146860795359845
1442,0.146960698689956
1443,0.147060602020067
1444,0.147160505350178
1445,0.147260408680289
1446,0.1473603120104
1447,0.147460215340511
1448,0.147560118670622
1449,0.147660022000733
1450,0.147759925330844
1451,0.147859828660955
1452,0.147959731991066
1453,0.148059635321177
1454,0.148159538651288
1455,0.148259441981399
1456,0.14835934531151
1457,0.148459248641621
1458,0.148559151971732
1459,0.148659055301843
1460,0.148758958631954
1461,0.148858861962065
1462,0.148958765292176
1463,0.149058668622287
1464,0.149158571952398
1465,0.149258475282509
1466,0.14935837861262
1467,0.149458281942731
1468,0.149558185272842
1469,0.149658088602953
1470,0.149757991933064
1471,0.149857895263175
1472,0.149957798593286
1473,0.150057701923397
1474,0.150157605253508
1475,0.150257508583619
1476,0.15035741191373
1477,0.150457315243841
1478,0.150557218573952
1479,0.150657121904063
1480,0.150757025234174
1481,0.150856928564285
1482,0.150956831894396
1483,0.151056735224507
1484,0.151156638554618
1485,0.15125654188473
1486,0.15135644521484
1487,0.151456348544952
1488,0.151556251875063
1489,0.151656155205174
1490,0.151756058535285
1491,0.151855961865396
1492,0.151955865195507
1493,0.152055768525618
1494,0.152155671855729
1495,0.15225557518584
1496,0.152355478515951
1497,0.152455381846062
1498,0.152555285176173
1499,0.152655188506284
1500,0.152755091836395
1501,0.152854995166506
1502,0.152954898496617
1503,0.153054801826728
1504,0.153154705156839
1505,0.15325460848695
1506,0.153354511817061
1507,0.153454415147172
1508,0.153554318477283
1509,0.153654221807394
1510,0.153754125137505
1511,0.153854028467616
1512,0.153953931797727
1513,0.154053835127838
1514,0.154153738457949
1515,0.15425364178806
1516,0.154353545118171
1517,0.154453448448282
1518,0.154553351778393
1519,0.154653255108504
1520,0.154753158438615
1521,0.154853061768726
1522,0.154952965098837
1523,0.155052868428948
1524,0.155152771759059
1525,0.15525267508917
1526,0.155352578419281
1527,0.155452481749392
1528,0.155552385079503
1529,0.155652288409614
1530,0.155752191739725
1531,0.155852095069836
1532,0.155951998399947
1533,0.156051901730058
1534,0.156151805060169
1535,0.15625170839028
1536,0.156351611720391
1537,0.156451515050502
1538,0.156551418380613
1539,0.156651321710724
1540,0.156751225040835
1541,0.156851128370946
1542,0.156951031701057
1543,0.157050935031168
1544,0.157150838361279
1545,0.15725074169139
1546,0.157350645021501
1547,0.157450548351612
1548,0.157550451681723
1549,0.157650355011834
1550,0.157750258341945
1551,0.157850161672056
1552,0.157950065002167
1553,0.158049968332278
1554,0.158149871662389
1555,0.1582497749925
1556,0.158349678322611
1557,0.158449581652722
1558,0.158549484982833
1559,0.158649388312944
1560,0.158749291643055
1561,0.158849194973166
1562,0.158949098303277
1563,0.159049001633388
1564,0.159148904963499
1565,0.15924880829361
1566,0.159348711623721
1567,0.159448614953832
1568,0.159548518283943
1569,0.159648421614054
1570,0.159748324944165
1571,0.159848228274276
1572,0.159948131604387
1573,0.160048034934498
1574,0.160147938264609
1575,0.16024784159472
1576,0.160347744924831
1577,0.160447648254942
1578,0.160547551585053
1579,0.160647454915164
1580,0.160747358245275
1581,0.160847261575386
1582,0.160947164905497
1583,0.161047068235608
1584,0.161146971565719
1585,0.16124687489583
1586,0.161346778225941
1587,0.161446681556052
1588,0.161546584886163
1589,0.161646488216274
1590,0.161746391546385
1591,0.161846294876496
1592,0.161946198206607
1593,0.162046101536718
1594,0.162146004866829
1595,0.16224590819694
1596,0.162345811527051
1597,0.162445714857162
1598,0.162545618187273
1599,0.162645521517384
1600,0.162745424847495
1601,0.162845328177606
1602,0.162945231507717
1603,0.163045134837828
1604,0.163145038167939
1605,0.16324494149805
1606,0.163344844828161
1607,0.163444748158272
1608,0.163544651488383
1609,0.163644554818494
1610,0.163744458148605
1611,0.163844361478716
1612,0.163944264808827
1613,0.164044168138938
1614,0.164144071469049
1615,0.16424397479916
1616,0.164343878129271
1617,0.164443781459382
1618,0.164543684789493
1619,0.164643588119604
1620,0.164743491449715
1621,0.164843394779826
1622,0.164943298109937
1623,0.165043201440048
1624,0.165143104770159
1625,0.16524300810027
1626,0.165342911430381
1627,0.165442814760492
1628,0.165542718090603
1629,0.165642621420714
1630,0.165742524750825
1631,0.165842428080936
1632,0.165942331411047
1633,0.166042234741158
1634,0.166142138071269
1635,0.16624204140138
1636,0.166341944731491
1637,0.166441848061602
1638,0.166541751391713
1639,0.166641654721824
1640,0.166741558051935
1641,0.166841461382046
1642,0.166941364712157
1643,0.167041268042268
1644,0.167141171372379
1645,0.16724107470249
1646,0.167340978032601
1647,0.167440881362712
1648,0.167540784692823
1649,0.167640688022934
1650,0.167740591353045
1651,0.167840494683156
1652,0.167940398013267
1653,0.168040301343378
1654,0.168140204673489
1655,0.1682401080036
1656,0.168340011333711
1657,0.168439914663822
1658,0.168539817993933
1659,0.168639721324044
1660,0.168739624654155
1661,0.168839527984266
1662,0.168939431314377
1663,0.169039334644488
1664,0.169139237974599
1665,0.16923914130471
1666,0.169339044634821
1667,0.169438947964932
1668,0.169538851295043
1669,0.169638754625154
1670,0.169738657955265
1671,0.169838561285376
1672,0.169938464615487
1673,0.170038367945598
1674,0.170138271275709
1675,0.17023817460582
1676,0.170338077935931
1677,0.170437981266042
1678,0.170537884596153
1679,0.170637787926264
1680,0.170737691256375
1681,0.170837594586486
1682,0.170937497916597
1683,0.171037401246708
1684,0.171137304576819
1685,0.17123720790693
1686,0.171337111237041
1687,0.171437014567152
1688,0.171536917897263
1689,0.171636821227374
1690,0.171736724557485
1691,0.171836627887596
1692,0.171936531217707
1693,0.172036434547818
1694,0.172136337877929
1695,0.17223624120804
1696,0.172336144538151
1697,0.172436047868262
1698,0.172535951198373
1699,0.172635854528484
1700,0.172735757858595
1701,0.172835661188706
1702,0.172935564518817
1703,0.173035467848928
1704,0.173135371179039
1705,0.17323527450915
1706,0.173335177839261
1707,0.173435081169372
1708,0.173534984499483
1709,0.173634887829594
1710,0.173734791159705
1711,0.173834694489816
1712,0.173934597819927
1713,0.174034501150038
1714,0.174134404480149
1715,0.17423430781026
1716,0.174334211140371
1717,0.174434114470482
1718,0.174534017800593
1719,0.174633921130704
1720,0.174733824460815
1721,0.174833727790926
1722,0.174933631121037
1723,0.175033534451148
1724,0.175133437781259
1725,0.17523334111137
1726,0.175333244441481
1727,0.175433147771592
1728,0.175533051101703
1729,0.175632954431814
1730,0.175732857761925
1731,0.175832761092036
1732,0.175932664422147
1733,0.176032567752258
1734,0.176132471082369
1735,0.17623237441248
1736,0.176332277742591
1737,0.176432181072702
1738,0.176532084402813
1739,0.176631987732924
1740,0.176731891063035
1741,0.176831794393146
1742,0.176931697723257
1743,0.177031601053368
1744,0.177131504383479
1745,0.17723140771359
1746,0.177331311043701
1747,0.177431214373812
1748,0.177531117703923
1749,0.177631021034034
1750,0.177730924364145
1751,0.177830827694257
1752,0.177930731024367
1753,0.178030634354478
1754,0.17813053768459
1755,0.178230441014701
1756,0.178330344344811
1757,0.178430247674922
1758,0.178530151005033
1759,0.178630054335145
1760,0.178729957665256
1761,0.178829860995367
1762,0.178929764325478
1763,0.179029667655589
1764,0.1791295709857
1765,0.179229474315811
1766,0.179329377645922
1767,0.179429280976033
1768,0.179529184306144
1769,0.179629087636255
1770,0.179728990966366
1771,0.179828894296477
1772,0.179928797626588
1773,0.180028700956699
1774,0.18012860428681
1775,0.180228507616921
1776,0.180328410947032
1777,0.180428314277143
1778,0.180528217607254
1779,0.180628120937365
1780,0.180728024267476
1781,0.180827927597587
1782,0.180927830927698
1783,0.181027734257809
1784,0.18112763758792
1785,0.181227540918031
1786,0.181327444248142
1787,0.181427347578253
1788,0.181527250908364
1789,0.181627154238475
1790,0.181727057568586
1791,0.181826960898697
1792,0.181926864228808
1793,0.182026767558919
1794,0.18212667088903
1795,0.182226574219141
1796,0.182326477549252
1797,0.182426380879363
1798,0.182526284209474
1799,0.182626187539585
1800,0.182726090869696
1801,0.182825994199807
1802,0.182925897529918
1803,0.183025800860029
1804,0.18312570419014
1805,0.183225607520251
1806,0.183325510850362
1807,0.183425414180473
1808,0.183525317510584
1809,0.183625220840695
1810,0.183725124170806
1811,0.183825027500917
1812,0.183924930831028
1813,0.184024834161139
1814,0.18412473749125
1815,0.184224640821361
1816,0.184324544151472
1817,0.184424447481583
1818,0.184524350811694
1819,0.184624254141805
1820,0.184724157471916
1821,0.184824060802027
1822,0.184923964132138
1823,0.185023867462249
1824,0.18512377079236
1825,0.185223674122471
1826,0.185323577452582
1827,0.185423480782693
1828,0.185523384112804
1829,0.185623287442915
1830,0.185723190773026
1831,0.185823094103137
1832,0.185922997433248
1833,0.186022900763359
1834,0.18612280409347
1835,0.186222707423581
1836,0.186322610753692
1837,0.186422514083803
1838,0.186522417413914
1839,0.186622320744025
1840,0.186722224074136
1841,0.186822127404247
1842,0.186922030734358
1843,0.187021934064469
1844,0.18712183739458
1845,0.187221740724691
1846,0.187321644054802
1847,0.187421547384913
1848,0.187521450715024
1849,0.187621354045135
1850,0.187721257375246
1851,0.187821160705357
1852,0.187921064035468
1853,0.188020967365579
1854,0.18812087069569
1855,0.188220774025801
1856,0.188320677355912
1857,0.188420580686023
1858,0.188520484016134
1859,0.188620387346245
1860,0.188720290676356
1861,0.188820194006467
1862,0.188920097336578
1863,0.189020000666689
1864,0.1891199039968
1865,0.189219807326911
1866,0.189319710657022
1867,0.189419613987133
1868,0.189519517317244
1869,0.189619420647355
1870,0.189719323977466
1871,0.189819227307577
1872,0.189919130637688
1873,0.190019033967799
1874,0.19011893729791
1875,0.190218840628021
1876,0.190318743958132
1877,0.190418647288243
1878,0.190518550618354
1879,0.190618453948465
1880,0.190718357278576
1881,0.190818260608687
1882,0.190918163938798
1883,0.191018067268909
1884,0.19111797059902
1885,0.191217873929131
1886,0.191317777259242
1887,0.191417680589353
1888,0.191517583919464
1889,0.191617487249575
1890,0.191717390579686
1891,0.191817293909797
1892,0.191917197239908
1893,0.192017100570019
1894,0.19211700390013
1895,0.192216907230241
1896,0.192316810560352
1897,0.192416713890463
1898,0.192516617220574
1899,0.192616520550685
1900,0.192716423880796
1901,0.192816327210907
1902,0.192916230541018
1903,0.193016133871129
1904,0.19311603720124
1905,0.193215940531351
1906,0.193315843861462
1907,0.193415747191573
1908,0.193515650521684
1909,0.193615553851795
1910,0.193715457181906
1911,0.193815360512017
1912,0.193915263842128
1913,0.194015167172239
1914,0.19411507050235
1915,0.194214973832461
1916,0.194314877162572
1917,0.194414780492683
1918,0.194514683822794
1919,0.194614587152905
1920,0.194714490483016
1921,0.194814393813127
1922,0.194914297143238
1923,0.195014200473349
1924,0.19511410380346
1925,0.195214007133571
1926,0.195313910463682
1927,0.195413813793793
1928,0.195513717123904
1929,0.195613620454015
1930,0.195713523784126
1931,0.195813427114237
1932,0.195913330444348
1933,0.196013233774459
1934,0.19611313710457
1935,0.196213040434681
1936,0.196312943764792
1937,0.196412847094903
1938,0.196512750425014
1939,0.196612653755125
1940,0.196712557085236
1941,0.196812460415347
1942,0.196912363745458
1943,0.197012267075569
1944,0.19711217040568
1945,0.197212073735791
1946,0.197311977065902
1947,0.197411880396013
1948,0.197511783726124
1949,0.197611687056235
1950,0.197711590386346
1951,0.197811493716457
1952,0.197911397046568
1953,0.198011300376679
1954,0.19811120370679
1955,0.198211107036901
1956,0.198311010367012
1957,0.198410913697123
1958,0.198510817027234
1959,0.198610720357345
1960,0.198710623687456
1961,0.198810527017567
1962,0.198910430347678
1963,0.199010333677789
1964,0.1991102370079
1965,0.199210140338011
1966,0.199310043668122
1967,0.199409946998233
1968,0.199509850328344
1969,0.199609753658455
1970,0.199709656988566
1971,0.199809560318677
1972,0.199909463648788
1973,0.200009366978899
1974,0.20010927030901
1975,0.200209173639121
1976,0.200309076969232
1977,0.200408980299343
1978,0.200508883629454
1979,0.200608786959565
1980,0.200708690289676
1981,0.200808593619787
1982,0.200908496949898
1983,0.201008400280009
1984,0.20110830361012
1985,0.201208206940231
1986,0.201308110270342
1987,0.201408013600453
1988,0.201507916930564
1989,0.201607820260675
1990,0.201707723590786
1991,0.201807626920897
1992,0.201907530251008
1993,0.202007433581119
1994,0.20210733691123
1995,0.202207240241341
1996,0.202307143571452
1997,0.202407046901563
1998,0.202506950231674
1999,0.202606853561785
2000,0.202706756891896
2001,0.202806660222007
2002,0.202906563552118
2003,0.203006466882229
2004,0.20310637021234
2005,0.203206273542451
2006,0.203306176872562
2007,0.203406080202673
2008,0.203505983532784
2009,0.203605886862895
2010,0.203705790193006
2011,0.203805693523117
2012,0.203905596853228
2013,0.204005500183339
2014,0.20410540351345
2015,0.204205306843561
2016,0.204305210173672
2017,0.204405113503783
2018,0.204505016833894
2019,0.204604920164005
2020,0.204704823494116
2021,0.204804726824227
2022,0.204904630154338
2023,0.205004533484449
2024,0.205104436814561
2025,0.205204340144672
2026,0.205304243474783
2027,0.205404146804894
2028,0.205504050135005
2029,0.205603953465116
2030,0.205703856795227
2031,0.205803760125338
2032,0.205903663455449
2033,0.20600356678556
2034,0.206103470115671
2035,0.206203373445782
2036,0.206303276775893
2037,0.206403180106004
2038,0.206503083436115
2039,0.206602986766226
2040,0.206702890096337
2041,0.206802793426448
2042,0.206902696756559
2043,0.20700260008667
2044,0.207102503416781
2045,0.207202406746892
2046,0.207302310077003
2047,0.207402213407114
2048,0.207502116737225
2049,0.207602020067336
2050,0.207701923397447
2051,0.207801826727558
2052,0.207901730057669
2053,0.20800163338778
2054,0.208101536717891
2055,0.208201440048002
2056,0.208301343378113
2057,0.208401246708224
2058,0.208501150038335
2059,0.208601053368446
2060,0.208700956698557
2061,0.208800860028668
2062,0.208900763358779
2063,0.20900066668889
2064,0.209100570019001
2065,0.209200473349112
2066,0.209300376679223
2067,0.209400280009334
2068,0.209500183339445
2069,0.209600086669556
2070,0.209699989999667
2071,0.209799893329778
2072,0.209899796659889
2073,0.20999969999
2074,0.210099603320111
2075,0.210199506650222
2076,0.210299409980333
2077,0.210399313310444
2078,0.210499216640555
2079,0.210599119970666
2080,0.210699023300777
2081,0.210798926630888
2082,0.210898829960999
2083,0.21099873329111
2084,0.211098636621221
2085,0.211198539951332
2086,0.211298443281443
2087,0.211398346611554
2088,0.211498249941665
2089,0.211598153271776
2090,0.211698056601887
2091,0.211797959931998
2092,0.211897863262109
2093,0.21199776659222
2094,0.212097669922331
2095,0.212197573252442
2096,0.212297476582553
2097,0.212397379912664
2098,0.212497283242775
2099,0.212597186572886
2100,0.212697089902997
2101,0.212796993233108
2102,0.212896896563219
2103,0.21299679989333
2104,0.213096703223441
2105,0.213196606553552
2106,0.213296509883663
2107,0.213396413213774
2108,0.213496316543885
2109,0.213596219873996
2110,0.213696123204107
2111,0.213796026534218
2112,0.213895929864329
2113,0.21399583319444
2114,0.214095736524551
2115,0.214195639854662
2116,0.214295543184773
2117,0.214395446514884
2118,0.214495349844995
2119,0.214595253175106
2120,0.214695156505217
2121,0.214795059835328
2122,0.214894963165439
2123,0.21499486649555
2124,0.215094769825661
2125,0.215194673155772
2126,0.215294576485883
2127,0.215394479815994
2128,0.215494383146105
2129,0.215594286476216
2130,0.215694189806327
2131,0.215794093136438
2132,0.215893996466549
2133,0.21599389979666
2134,0.216093803126771
2135,0.216193706456882
2136,0.216293609786993
2137,0.216393513117104
2138,0.216493416447215
2139,0.216593319777326
2140,0.216693223107437
2141,0.216793126437548
2142,0.216893029767659
2143,0.21699293309777
2144,0.217092836427881
2145,0.217192739757992
2146,0.217292643088103
2147,0.217392546418214
2148,0.217492449748325
2149,0.217592353078436
2150,0.217692256408547
2151,0.217792159738658
2152,0.217892063068769
2153,0.21799196639888
2154,0.218091869728991
2155,0.218191773059102
2156,0.218291676389213
2157,0.218391579719324
2158,0.218491483049435
2159,0.218591386379546
2160,0.218691289709657
2161,0.218791193039768
2162,0.218891096369879
2163,0.21899099969999
2164,0.219090903030101
2165,0.219190806360212
2166,0.219290709690323
2167,0.219390613020434
2168,0.219490516350545
2169,0.219590419680656
2170,0.219690323010767
2171,0.219790226340878
2172,0.219890129670989
2173,0.2199900330011
2174,0.220089936331211
2175,0.220189839661322
2176,0.220289742991433
2177,0.220389646321544
2178,0.220489549651655
2179,0.220589452981766
2180,0.220689356311877
2181,0.220789259641988
2182,0.220889162972099
2183,0.22098906630221
2184,0.221088969632321
2185,0.221188872962432
2186,0.221288776292543
2187,0.221388679622654
2188,0.221488582952765
2189,0.221588486282876
2190,0.221688389612987
2191,0.221788292943098
2192,0.221888196273209
2193,0.22198809960332
2194,0.222088002933431
2195,0.222187906263542
2196,0.222287809593653
2197,0.222387712923764
2198,0.222487616253875
2199,0.222587519583986
2200,0.222687422914097
2201,0.222787326244208
2202,0.222887229574319
2203,0.22298713290443
2204,0.223087036234541
2205,0.223186939564652
2206,0.223286842894763
2207,0.223386746224874
2208,0.223486649554985
2209,0.223586552885096
2210,0.223686456215207
2211,0.223786359545318
2212,0.223886262875429
2213,0.22398616620554
2214,0.224086069535651
2215,0.224185972865762
2216,0.224285876195873
2217,0.224385779525984
2218,0.224485682856095
2219,0.224585586186206
2220,0.224685489516317
2221,0.224785392846428
2222,0.224885296176539
2223,0.22498519950665
2224,0.225085102836761
2225,0.225185006166872
2226,0.225284909496983
2227,0.225384812827094
2228,0.225484716157205
2229,0.225584619487316
2230,0.225684522817427
2231,0.225784426147538
2232,0.225884329477649
2233,0.22598423280776
2234,0.226084136137871
2235,0.226184039467982
2236,0.226283942798093
2237,0.226383846128204
2238,0.226483749458315
2239,0.226583652788426
2240,0.226683556118537
2241,0.226783459448648
2242,0.226883362778759
2243,0.22698326610887
2244,0.227083169438981
2245,0.227183072769092
2246,0.227282976099203
2247,0.227382879429314
2248,0.227482782759425
2249,0.227582686089536
2250,0.227682589419647
2251,0.227782492749758
2252,0.227882396079869
2253,0.22798229940998
2254,0.228082202740091
2255,0.228182106070202
2256,0.228282009400313
2257,0.228381912730424
2258,0.228481816060535
2259,0.228581719390646
2260,0.228681622720757
2261,0.228781526050868
2262,0.228881429380979
2263,0.22898133271109
2264,0.229081236041201
2265,0.229181139371312
2266,0.229281042701423
2267,0.229380946031534
2268,0.229480849361645
2269,0.229580752691756
2270,0.229680656021867
2271,0.229780559351978
2272,0.229880462682089
2273,0.2299803660122
2274,0.230080269342311
2275,0.230180172672422
2276,0.230280076002533
2277,0.230379979332644
2278,0.230479882662755
2279,0.230579785992866
2280,0.230679689322977
2281,0.230779592653088
2282,0.230879495983199
2283,0.23097939931331
2284,0.231079302643421
2285,0.231179205973532
2286,0.231279109303643
2287,0.231379012633754
2288,0.231478915963865
2289,0.231578819293976
2290,0.231678722624087
2291,0.231778625954199
2292,0.231878529284309
2293,0.23197843261442
2294,0.232078335944531
2295,0.232178239274642
2296,0.232278142604754
2297,0.232378045934865
2298,0.232477949264976
2299,0.232577852595087
2300,0.232677755925198
2301,0.232777659255309
2302,0.23287756258542
2303,0.232977465915531
2304,0.233077369245642
2305,0.233177272575753
2306,0.233277175905864
2307,0.233377079235975
2308,0.233476982566086
2309,0.233576885896197
2310,0.233676789226308
2311,0.233776692556419
2312,0.23387659588653
2313,0.233976499216641
2314,0.234076402546752
2315,0.234176305876863
2316,0.234276209206974
2317,0.234376112537085
2318,0.234476015867196
2319,0.234575919197307
2320,0.234675822527418
2321,0.234775725857529
2322,0.23487562918764
2323,0.234975532517751
2324,0.235075435847862
2325,0.235175339177973
2326,0.235275242508084
2327,0.235375145838195
2328,0.235475049168306
2329,0.235574952498417
2330,0.235674855828528
2331,0.235774759158639
2332,0.23587466248875
2333,0.235974565818861
2334,0.236074469148972
2335,0.236174372479083
2336,0.236274275809194
2337,0.236374179139305
2338,0.236474082469416
2339,0.236573985799527
2340,0.236673889129638
2341,0.236773792459749
2342,0.23687369578986
2343,0.236973599119971
2344,0.237073502450082
2345,0.237173405780193
2346,0.237273309110304
2347,0.237373212440415
2348,0.237473115770526
2349,0.237573019100637
2350,0.237672922430748
2351,0.237772825760859
2352,0.23787272909097
2353,0.237972632421081
2354,0.238072535751192
2355,0.238172439081303
2356,0.238272342411414
2357,0.238372245741525
2358,0.238472149071636
2359,0.238572052401747
2360,0.238671955731858
2361,0.238771859061969
2362,0.23887176239208
2363,0.238971665722191
2364,0.239071569052302
2365,0.239171472382413
2366,0.239271375712524
2367,0.239371279042635
2368,0.239471182372746
2369,0.239571085702857
2370,0.239670989032968
2371,0.239770892363079
2372,0.23987079569319
2373,0.239970699023301
2374,0.240070602353412
2375,0.240170505683523
2376,0.240270409013634
2377,0.240370312343745
2378,0.240470215673856
2379,0.240570119003967
2380,0.240670022334078
2381,0.240769925664189
2382,0.2408698289943
2383,0.240969732324411
2384,0.241069635654522
2385,0.241169538984633
2386,0.241269442314744
2387,0.241369345644855
2388,0.241469248974966
2389,0.241569152305077
2390,0.241669055635188
2391,0.241768958965299
2392,0.24186886229541
2393,0.241968765625521
2394,0.242068668955632
2395,0.242168572285743
2396,0.242268475615854
2397,0.242368378945965
2398,0.242468282276076
2399,0.242568185606187
2400,0.242668088936298
2401,0.242767992266409
2402,0.24286789559652
2403,0.242967798926631
2404,0.243067702256742
2405,0.243167605586853
2406,0.243267508916964
2407,0.243367412247075
2408,0.243467315577186
2409,0.243567218907297
2410,0.243667122237408
2411,0.243767025567519
2412,0.24386692889763
2413,0.243966832227741
2414,0.244066735557852
2415,0.244166638887963
2416,0.244266542218074
2417,0.244366445548185
2418,0.244466348878296
2419,0.244566252208407
2420,0.244666155538518
2421,0.244766058868629
2422,0.24486596219874
2423,0.244965865528851
2424,0.245065768858962
2425,0.245165672189073
2426,0.245265575519184
2427,0.245365478849295
2428,0.245465382179406
2429,0.245565285509517
2430,0.245665188839628
2431,0.245765092169739
2432,0.24586499549985
2433,0.245964898829961
2434,0.246064802160072
2435,0.246164705490183
2436,0.246264608820294
2437,0.246364512150405
2438,0.246464415480516
2439,0.246564318810627
2440,0.246664222140738
2441,0.246764125470849
2442,0.24686402880096
2443,0.246963932131071
2444,0.247063835461182
2445,0.247163738791293
2446,0.247263642121404
2447,0.247363545451515
2448,0.247463448781626
2449,0.247563352111737
2450,0.247663255441848
2451,0.247763158771959
2452,0.24786306210207
2453,0.247962965432181
2454,0.248062868762292
2455,0.248162772092403
2456,0.248262675422514
2457,0.248362578752625
2458,0.248462482082736
2459,0.248562385412847
2460,0.248662288742958
2461,0.248762192073069
2462,0.24886209540318
2463,0.248961998733291
2464,0.249061902063402
2465,0.249161805393513
2466,0.249261708723624
2467,0.249361612053735
2468,0.249461515383846
2469,0.249561418713957
2470,0.249661322044068
2471,0.249761225374179
2472,0.24986112870429
2473,0.249961032034401
2474,0.250060935364512
2475,0.250160838694623
2476,0.250260742024734
2477,0.250360645354845
2478,0.250460548684956
2479,0.250560452015067
2480,0.250660355345178
2481,0.250760258675289
2482,0.2508601620054
2483,0.250960065335511
2484,0.251059968665622
2485,0.251159871995733
2486,0.251259775325844
2487,0.251359678655955
2488,0.251459581986066
2489,0.251559485316177
2490,0.251659388646288
2491,0.251759291976399
2492,0.25185919530651
2493,0.251959098636621
2494,0.252059001966732
2495,0.252158905296843
2496,0.252258808626954
2497,0.252358711957065
2498,0.252458615287176
2499,0.252558518617287
2500,0.252658421947398
2501,0.252758325277509
2502,0.25285822860762
2503,0.252958131937731
2504,0.253058035267842
2505,0.253157938597953
2506,0.253257841928064
2507,0.253357745258175
2508,0.253457648588286
2509,0.253557551918397
2510,0.253657455248508
2511,0.253757358578619
2512,0.25385726190873
2513,0.253957165238841
2514,0.254057068568952
2515,0.254156971899063
2516,0.254256875229174
2517,0.254356778559285
2518,0.254456681889396
2519,0.254556585219507
2520,0.254656488549618
2521,0.254756391879729
2522,0.25485629520984
2523,0.254956198539951
2524,0.255056101870062
2525,0.255156005200173
2526,0.255255908530284
2527,0.255355811860395
2528,0.255455715190506
2529,0.255555618520617
2530,0.255655521850728
2531,0.255755425180839
2532,0.25585532851095
2533,0.255955231841061
2534,0.256055135171172
2535,0.256155038501283
2536,0.256254941831394
2537,0.256354845161505
2538,0.256454748491616
2539,0.256554651821727
2540,0.256654555151838
2541,0.256754458481949
2542,0.25685436181206
2543,0.256954265142171
2544,0.257054168472282
2545,0.257154071802393
2546,0.257253975132504
2547,0.257353878462615
2548,0.257453781792726
2549,0.257553685122837
2550,0.257653588452948
2551,0.257753491783059
2552,0.25785339511317
2553,0.257953298443281
2554,0.258053201773392
2555,0.258153105103503
2556,0.258253008433614
2557,0.258352911763725
2558,0.258452815093836
2559,0.258552718423948
2560,0.258652621754058
2561,0.25875252508417
2562,0.258852428414281
2563,0.258952331744391
2564,0.259052235074503
2565,0.259152138404614
2566,0.259252041734725
2567,0.259351945064835
2568,0.259451848394947
2569,0.259551751725058
2570,0.259651655055169
2571,0.25975155838528
2572,0.259851461715391
2573,0.259951365045502
2574,0.260051268375612
2575,0.260151171705724
2576,0.260251075035835
2577,0.260350978365946
2578,0.260450881696057
2579,0.260550785026168
2580,0.260650688356279
2581,0.26075059168639
2582,0.260850495016501
2583,0.260950398346612
2584,0.261050301676723
2585,0.261150205006834
2586,0.261250108336945
2587,0.261350011667056
2588,0.261449914997167
2589,0.261549818327278
2590,0.261649721657389
2591,0.2617496249875
2592,0.261849528317611
2593,0.261949431647722
2594,0.262049334977833
2595,0.262149238307944
2596,0.262249141638055
2597,0.262349044968166
2598,0.262448948298277
2599,0.262548851628388
2600,0.262648754958499
2601,0.26274865828861
2602,0.262848561618721
2603,0.262948464948832
2604,0.263048368278943
2605,0.263148271609054
2606,0.263248174939165
2607,0.263348078269276
2608,0.263447981599387
2609,0.263547884929498
2610,0.263647788259609
2611,0.26374769158972
2612,0.263847594919831
2613,0.263947498249942
2614,0.264047401580053
2615,0.264147304910164
2616,0.264247208240275
2617,0.264347111570386
2618,0.264447014900497
2619,0.264546918230608
2620,0.264646821560719
2621,0.26474672489083
2622,0.264846628220941
2623,0.264946531551052
2624,0.265046434881163
2625,0.265146338211274
2626,0.265246241541385
2627,0.265346144871496
2628,0.265446048201607
2629,0.265545951531718
2630,0.265645854861829
2631,0.26574575819194
2632,0.265845661522051
2633,0.265945564852162
2634,0.266045468182273
2635,0.266145371512384
2636,0.266245274842495
2637,0.266345178172606
2638,0.266445081502717
2639,0.266544984832828
2640,0.266644888162939
2641,0.26674479149305
2642,0.266844694823161
2643,0.266944598153272
2644,0.267044501483383
2645,0.267144404813494
2646,0.267244308143605
2647,0.267344211473716
2648,0.267444114803827
2649,0.267544018133938
2650,0.267643921464049
2651,0.26774382479416
2652,0.267843728124271
2653,0.267943631454382
2654,0.268043534784493
2655,0.268143438114604
2656,0.268243341444715
2657,0.268343244774826
2658,0.268443148104937
2659,0.268543051435048
2660,0.268642954765159
2661,0.26874285809527
2662,0.268842761425381
2663,0.268942664755492
2664,0.269042568085603
2665,0.269142471415714
2666,0.269242374745825
2667,0.269342278075936
2668,0.269442181406047
2669,0.269542084736158
2670,0.269641988066269
2671,0.26974189139638
2672,0.269841794726491
2673,0.269941698056602
2674,0.270041601386713
2675,0.270141504716824
2676,0.270241408046935
2677,0.270341311377046
2678,0.270441214707157
2679,0.270541118037268
2680,0.270641021367379
2681,0.27074092469749
2682,0.270840828027601
2683,0.270940731357712
2684,0.271040634687823
2685,0.271140538017934
2686,0.271240441348045
2687,0.271340344678156
2688,0.271440248008267
2689,0.271540151338378
2690,0.271640054668489
2691,0.2717399579986
2692,0.271839861328711
2693,0.271939764658822
2694,0.272039667988933
2695,0.272139571319044
2696,0.272239474649155
2697,0.272339377979266
2698,0.272439281309377
2699,0.272539184639488
2700,0.272639087969599
2701,0.27273899129971
2702,0.272838894629821
2703,0.272938797959932
2704,0.273038701290043
2705,0.273138604620154
2706,0.273238507950265
2707,0.273338411280376
2708,0.273438314610487
2709,0.273538217940598
2710,0.273638121270709
2711,0.27373802460082
2712,0.273837927930931
2713,0.273937831261042
2714,0.274037734591153
2715,0.274137637921264
2716,0.274237541251375
2717,0.274337444581486
2718,0.274437347911597
2719,0.274537251241708
2720,0.274637154571819
2721,0.27473705790193
2722,0.274836961232041
2723,0.274936864562152
2724,0.275036767892263
2725,0.275136671222374
2726,0.275236574552485
2727,0.275336477882596
2728,0.275436381212707
2729,0.275536284542818
2730,0.275636187872929
2731,0.27573609120304
2732,0.275835994533151
2733,0.275935897863262
2734,0.276035801193373
2735,0.276135704523484
2736,0.276235607853595
2737,0.276335511183706
2738,0.276435414513817
2739,0.276535317843928
2740,0.276635221174039
2741,0.27673512450415
2742,0.276835027834261
2743,0.276934931164372
2744,0.277034834494483
2745,0.277134737824594
2746,0.277234641154705
2747,0.277334544484816
2748,0.277434447814927
2749,0.277534351145038
2750,0.277634254475149
2751,0.27773415780526
2752,0.277834061135371
2753,0.277933964465482
2754,0.278033867795593
2755,0.278133771125704
2756,0.278233674455815
2757,0.278333577785926
2758,0.278433481116037
2759,0.278533384446148
2760,0.278633287776259
2761,0.27873319110637
2762,0.278833094436481
2763,0.278932997766592
2764,0.279032901096703
2765,0.279132804426814
2766,0.279232707756925
2767,0.279332611087036
2768,0.279432514417147
2769,0.279532417747258
2770,0.279632321077369
2771,0.27973222440748
2772,0.279832127737591
2773,0.279932031067702
2774,0.280031934397813
2775,0.280131837727924
2776,0.280231741058035
2777,0.280331644388146
2778,0.280431547718257
2779,0.280531451048368
2780,0.280631354378479
2781,0.28073125770859
2782,0.280831161038701
2783,0.280931064368812
2784,0.281030967698923
2785,0.281130871029034
2786,0.281230774359145
2787,0.281330677689256
2788,0.281430581019367
2789,0.281530484349478
2790,0.281630387679589
2791,0.2817302910097
2792,0.281830194339811
2793,0.281930097669922
2794,0.282030001000033
2795,0.282129904330144
2796,0.282229807660255
2797,0.282329710990366
2798,0.282429614320477
2799,0.282529517650588
2800,0.282629420980699
2801,0.28272932431081
2802,0.282829227640921
2803,0.282929130971032
2804,0.283029034301143
2805,0.283128937631254
2806,0.283228840961365
2807,0.283328744291476
2808,0.283428647621587
2809,0.283528550951698
2810,0.283628454281809
2811,0.28372835761192
2812,0.283828260942031
2813,0.283928164272142
2814,0.284028067602253
2815,0.284127970932364
2816,0.284227874262475
2817,0.284327777592586
2818,0.284427680922697
2819,0.284527584252808
2820,0.284627487582919
2821,0.28472739091303
2822,0.284827294243141
2823,0.284927197573252
2824,0.285027100903363
2825,0.285127004233474
2826,0.285226907563585
2827,0.285326810893696
2828,0.285426714223807
2829,0.285526617553919
2830,0.285626520884029
2831,0.285726424214141
2832,0.285826327544252
2833,0.285926230874363
2834,0.286026134204473
2835,0.286126037534584
2836,0.286225940864695
2837,0.286325844194807
2838,0.286425747524918
2839,0.286525650855029
2840,0.28662555418514
2841,0.28672545751525
2842,0.286825360845362
2843,0.286925264175473
2844,0.287025167505584
2845,0.287125070835695
2846,0.287224974165806
2847,0.287324877495917
2848,0.287424780826028
2849,0.287524684156139
2850,0.28762458748625
2851,0.287724490816361
2852,0.287824394146472
2853,0.287924297476583
2854,0.288024200806694
2855,0.288124104136805
2856,0.288224007466916
2857,0.288323910797027
2858,0.288423814127138
2859,0.288523717457249
2860,0.28862362078736
2861,0.288723524117471
2862,0.288823427447582
2863,0.288923330777693
2864,0.289023234107804
2865,0.289123137437915
2866,0.289223040768026
2867,0.289322944098137
2868,0.289422847428248
2869,0.289522750758359
2870,0.28962265408847
2871,0.289722557418581
2872,0.289822460748692
2873,0.289922364078803
2874,0.290022267408914
2875,0.290122170739025
2876,0.290222074069136
2877,0.290321977399247
2878,0.290421880729358
2879,0.290521784059469
2880,0.29062168738958
2881,0.290721590719691
2882,0.290821494049802
2883,0.290921397379913
2884,0.291021300710024
2885,0.291121204040135
2886,0.291221107370246
2887,0.291321010700357
2888,0.291420914030468
2889,0.291520817360579
2890,0.29162072069069
2891,0.291720624020801
2892,0.291820527350912
2893,0.291920430681023
2894,0.292020334011134
2895,0.292120237341245
2896,0.292220140671356
2897,0.292320044001467
2898,0.292419947331578
2899,0.292519850661689
2900,0.2926197539918
2901,0.292719657321911
2902,0.292819560652022
2903,0.292919463982133
2904,0.293019367312244
2905,0.293119270642355
2906,0.293219173972466
2907,0.293319077302577
2908,0.293418980632688
2909,0.293518883962799
2910,0.29361878729291
2911,0.293718690623021
2912,0.293818593953132
2913,0.293918497283243
2914,0.294018400613354
2915,0.294118303943465
2916,0.294218207273576
2917,0.294318110603687
2918,0.294418013933798
2919,0.294517917263909
2920,0.29461782059402
2921,0.294717723924131
2922,0.294817627254242
2923,0.294917530584353
2924,0.295017433914464
2925,0.295117337244575
2926,0.295217240574686
2927,0.295317143904797
2928,0.295417047234908
2929,0.295516950565019
2930,0.29561685389513
2931,0.295716757225241
2932,0.295816660555352
2933,0.295916563885463
2934,0.296016467215574
2935,0.296116370545685
2936,0.296216273875796
2937,0.296316177205907
2938,0.296416080536018
2939,0.296515983866129
2940,0.29661588719624
2941,0.296715790526351
2942,0.296815693856462
2943,0.296915597186573
2944,0.297015500516684
2945,0.297115403846795
2946,0.297215307176906
2947,0.297315210507017
2948,0.297415113837128
2949,0.297515017167239
2950,0.29761492049735
2951,0.297714823827461
2952,0.297814727157572
2953,0.297914630487683
2954,0.298014533817794
2955,0.298114437147905
2956,0.298214340478016
2957,0.298314243808127
2958,0.298414147138238
2959,0.298514050468349
2960,0.29861395379846
2961,0.298713857128571
2962,0.298813760458682
2963,0.298913663788793
2964,0.299013567118904
2965,0.299113470449015
2966,0.299213373779126
2967,0.299313277109237
2968,0.299413180439348
2969,0.299513083769459
2970,0.29961298709957
2971,0.299712890429681
2972,0.299812793759792
2973,0.299912697089903
2974,0.300012600420014
2975,0.300112503750125
2976,0.300212407080236
2977,0.300312310410347
2978,0.300412213740458
2979,0.300512117070569
2980,0.30061202040068
2981,0.300711923730791
2982,0.300811827060902
2983,0.300911730391013
2984,0.301011633721124
2985,0.301111537051235
2986,0.301211440381346
2987,0.301311343711457
2988,0.301411247041568
2989,0.301511150371679
2990,0.30161105370179
2991,0.301710957031901
2992,0.301810860362012
2993,0.301910763692123
2994,0.302010667022234
2995,0.302110570352345
2996,0.302210473682456
2997,0.302310377012567
2998,0.302410280342678
2999,0.302510183672789
3000,0.3026100870029
3001,0.302709990333011
3002,0.302809893663122
3003,0.302909796993233
3004,0.303009700323344
3005,0.303109603653455
3006,0.303209506983566
3007,0.303309410313677
3008,0.303409313643788
3009,0.303509216973899
3010,0.30360912030401
3011,0.303709023634121
3012,0.303808926964232
3013,0.303908830294343
3014,0.304008733624454
3015,0.304108636954565
3016,0.304208540284676
3017,0.304308443614787
3018,0.304408346944898
3019,0.304508250275009
3020,0.30460815360512
3021,0.304708056935231
3022,0.304807960265342
3023,0.304907863595453
3024,0.305007766925564
3025,0.305107670255675
3026,0.305207573585786
3027,0.305307476915897
3028,0.305407380246008
3029,0.305507283576119
3030,0.30560718690623
3031,0.305707090236341
3032,0.305806993566452
3033,0.305906896896563
3034,0.306006800226674
3035,0.306106703556785
3036,0.306206606886896
3037,0.306306510217007
3038,0.306406413547118
3039,0.306506316877229
3040,0.30660622020734
3041,0.306706123537451
3042,0.306806026867562
3043,0.306905930197673
3044,0.307005833527784
3045,0.307105736857895
3046,0.307205640188006
3047,0.307305543518117
3048,0.307405446848228
3049,0.307505350178339
3050,0.30760525350845
3051,0.307705156838561
3052,0.307805060168672
3053,0.307904963498783
3054,0.308004866828894
3055,0.308104770159005
3056,0.308204673489116
3057,0.308304576819227
3058,0.308404480149338
3059,0.308504383479449
3060,0.30860428680956
3061,0.308704190139671
3062,0.308804093469782
3063,0.308903996799893
3064,0.309003900130004
3065,0.309103803460115
3066,0.309203706790226
3067,0.309303610120337
3068,0.309403513450448
3069,0.309503416780559
3070,0.30960332011067
3071,0.309703223440781
3072,0.309803126770892
3073,0.309903030101003
3074,0.310002933431114
3075,0.310102836761225
3076,0.310202740091336
3077,0.310302643421447
3078,0.310402546751558
3079,0.310502450081669
3080,0.31060235341178
3081,0.310702256741891
3082,0.310802160072002
3083,0.310902063402113
3084,0.311001966732224
3085,0.311101870062335
3086,0.311201773392446
3087,0.311301676722557
3088,0.311401580052668
3089,0.311501483382779
3090,0.31160138671289
3091,0.311701290043001
3092,0.311801193373112
3093,0.311901096703223
3094,0.312001000033334
3095,0.312100903363445
3096,0.312200806693556
3097,0.312300710023667
3098,0.312400613353779
3099,0.31250051668389
3100,0.312600420014
3101,0.312700323344111
3102,0.312800226674222
3103,0.312900130004334
3104,0.313000033334445
3105,0.313099936664556
3106,0.313199839994667
3107,0.313299743324778
3108,0.313399646654889
3109,0.313499549985
3110,0.313599453315111
3111,0.313699356645222
3112,0.313799259975333
3113,0.313899163305444
3114,0.313999066635555
3115,0.314098969965666
3116,0.314198873295777
3117,0.314298776625888
3118,0.314398679955999
3119,0.31449858328611
3120,0.314598486616221
3121,0.314698389946332
3122,0.314798293276443
3123,0.314898196606554
3124,0.314998099936665
3125,0.315098003266776
3126,0.315197906596887
3127,0.315297809926998
3128,0.315397713257109
3129,0.31549761658722
3130,0.315597519917331
3131,0.315697423247442
3132,0.315797326577553
3133,0.315897229907664
3134,0.315997133237775
3135,0.316097036567886
3136,0.316196939897997
3137,0.316296843228108
3138,0.316396746558219
3139,0.31649664988833
3140,0.316596553218441
3141,0.316696456548552
3142,0.316796359878663
3143,0.316896263208774
3144,0.316996166538885
3145,0.317096069868996
3146,0.317195973199107
3147,0.317295876529218
3148,0.317395779859329
3149,0.31749568318944
3150,0.317595586519551
3151,0.317695489849662
3152,0.317795393179773
3153,0.317895296509884
3154,0.317995199839995
3155,0.318095103170106
3156,0.318195006500217
3157,0.318294909830328
3158,0.318394813160439
3159,0.31849471649055
3160,0.318594619820661
3161,0.318694523150772
3162,0.318794426480883
3163,0.318894329810994
3164,0.318994233141105
3165,0.319094136471216
3166,0.319194039801327
3167,0.319293943131438
3168,0.319393846461549
3169,0.31949374979166
3170,0.319593653121771
3171,0.319693556451882
3172,0.319793459781993
3173,0.319893363112104
3174,0.319993266442215
3175,0.320093169772326
3176,0.320193073102437
3177,0.320292976432548
3178,0.320392879762659
3179,0.32049278309277
3180,0.320592686422881
3181,0.320692589752992
3182,0.320792493083103
3183,0.320892396413214
3184,0.320992299743325
3185,0.321092203073436
3186,0.321192106403547
3187,0.321292009733658
3188,0.321391913063769
3189,0.32149181639388
3190,0.321591719723991
3191,0.321691623054102
3192,0.321791526384213
3193,0.321891429714324
3194,0.321991333044435
3195,0.322091236374546
3196,0.322191139704657
3197,0.322291043034768
3198,0.322390946364879
3199,0.32249084969499
3200,0.322590753025101
3201,0.322690656355212
3202,0.322790559685323
3203,0.322890463015434
3204,0.322990366345545
3205,0.323090269675656
3206,0.323190173005767
3207,0.323290076335878
3208,0.323389979665989
3209,0.3234898829961
3210,0.323589786326211
3211,0.323689689656322
3212,0.323789592986433
3213,0.323889496316544
3214,0.323989399646655
3215,0.324089302976766
3216,0.324189206306877
3217,0.324289109636988
3218,0.324389012967099
3219,0.32448891629721
3220,0.324588819627321
3221,0.324688722957432
3222,0.324788626287543
3223,0.324888529617654
3224,0.324988432947765
3225,0.325088336277876
3226,0.325188239607987
3227,0.325288142938098
3228,0.325388046268209
3229,0.32548794959832
3230,0.325587852928431
3231,0.325687756258542
3232,0.325787659588653
3233,0.325887562918764
3234,0.325987466248875
3235,0.326087369578986
3236,0.326187272909097
3237,0.326287176239208
3238,0.326387079569319
3239,0.32648698289943
3240,0.326586886229541
3241,0.326686789559652
3242,0.326786692889763
3243,0.326886596219874
3244,0.326986499549985
3245,0.327086402880096
3246,0.327186306210207
3247,0.327286209540318
3248,0.327386112870429
3249,0.32748601620054
3250,0.327585919530651
3251,0.327685822860762
3252,0.327785726190873
3253,0.327885629520984
3254,0.327985532851095
3255,0.328085436181206
3256,0.328185339511317
3257,0.328285242841428
3258,0.328385146171539
3259,0.32848504950165
3260,0.328584952831761
3261,0.328684856161872
3262,0.328784759491983
3263,0.328884662822094
3264,0.328984566152205
3265,0.329084469482316
3266,0.329184372812427
3267,0.329284276142538
3268,0.329384179472649
3269,0.32948408280276
3270,0.329583986132871
3271,0.329683889462982
3272,0.329783792793093
3273,0.329883696123204
3274,0.329983599453315
3275,0.330083502783426
3276,0.330183406113537
3277,0.330283309443648
3278,0.330383212773759
3279,0.33048311610387
3280,0.330583019433981
3281,0.330682922764092
3282,0.330782826094203
3283,0.330882729424314
3284,0.330982632754425
3285,0.331082536084536
3286,0.331182439414647
3287,0.331282342744758
3288,0.331382246074869
3289,0.33148214940498
3290,0.331582052735091
3291,0.331681956065202
3292,0.331781859395313
3293,0.331881762725424
3294,0.331981666055535
3295,0.332081569385646
3296,0.332181472715757
3297,0.332281376045868
3298,0.332381279375979
3299,0.33248118270609
3300,0.332581086036201
3301,0.332680989366312
3302,0.332780892696423
3303,0.332880796026534
3304,0.332980699356645
3305,0.333080602686756
3306,0.333180506016867
3307,0.333280409346978
3308,0.333380312677089
3309,0.3334802160072
3310,0.333580119337311
3311,0.333680022667422
3312,0.333779925997533
3313,0.333879829327644
3314,0.333979732657755
3315,0.334079635987866
3316,0.334179539317977
3317,0.334279442648088
3318,0.334379345978199
3319,0.33447924930831
3320,0.334579152638421
3321,0.334679055968532
3322,0.334778959298643
3323,0.334878862628754
3324,0.334978765958865
3325,0.335078669288976
3326,0.335178572619087
3327,0.335278475949198
3328,0.335378379279309
3329,0.33547828260942
3330,0.335578185939531
3331,0.335678089269642
3332,0.335777992599753
3333,0.335877895929864
3334,0.335977799259975
3335,0.336077702590086
3336,0.336177605920197
3337,0.336277509250308
3338,0.336377412580419
3339,0.33647731591053
3340,0.336577219240641
3341,0.336677122570752
3342,0.336777025900863
3343,0.336876929230974
3344,0.336976832561085
3345,0.337076735891196
3346,0.337176639221307
3347,0.337276542551418
3348,0.337376445881529
3349,0.33747634921164
3350,0.337576252541751
3351,0.337676155871862
3352,0.337776059201973
3353,0.337875962532084
3354,0.337975865862195
3355,0.338075769192306
3356,0.338175672522417
3357,0.338275575852528
3358,0.338375479182639
3359,0.338475382512751
3360,0.338575285842861
3361,0.338675189172972
3362,0.338775092503083
3363,0.338874995833194
3364,0.338974899163305
3365,0.339074802493416
3366,0.339174705823527
3367,0.339274609153638
3368,0.33937451248375
3369,0.339474415813861
3370,0.339574319143972
3371,0.339674222474083
3372,0.339774125804194
3373,0.339874029134305
3374,0.339973932464415
3375,0.340073835794526
3376,0.340173739124638
3377,0.340273642454749
3378,0.34037354578486
3379,0.340473449114971
3380,0.340573352445082
3381,0.340673255775193
3382,0.340773159105304
3383,0.340873062435415
3384,0.340972965765526
3385,0.341072869095637
3386,0.341172772425748
3387,0.341272675755859
3388,0.34137257908597
3389,0.341472482416081
3390,0.341572385746192
3391,0.341672289076303
3392,0.341772192406414
3393,0.341872095736525
3394,0.341971999066636
3395,0.342071902396747
3396,0.342171805726858
3397,0.342271709056969
3398,0.34237161238708
3399,0.342471515717191
3400,0.342571419047302
3401,0.342671322377413
3402,0.342771225707524
3403,0.342871129037635
3404,0.342971032367746
3405,0.343070935697857
3406,0.343170839027968
3407,0.343270742358079
3408,0.34337064568819
3409,0.343470549018301
3410,0.343570452348412
3411,0.343670355678523
3412,0.343770259008634
3413,0.343870162338745
3414,0.343970065668856
3415,0.344069968998967
3416,0.344169872329078
3417,0.344269775659189
3418,0.3443696789893
3419,0.344469582319411
3420,0.344569485649522
3421,0.344669388979633
3422,0.344769292309744
3423,0.344869195639855
3424,0.344969098969966
3425,0.345069002300077
3426,0.345168905630188
3427,0.345268808960299
3428,0.34536871229041
3429,0.345468615620521
3430,0.345568518950632
3431,0.345668422280743
3432,0.345768325610854
3433,0.345868228940965
3434,0.345968132271076
3435,0.346068035601187
3436,0.346167938931298
3437,0.346267842261409
3438,0.34636774559152
3439,0.346467648921631
3440,0.346567552251742
3441,0.346667455581853
3442,0.346767358911964
3443,0.346867262242075
3444,0.346967165572186
3445,0.347067068902297
3446,0.347166972232408
3447,0.347266875562519
3448,0.34736677889263
3449,0.347466682222741
3450,0.347566585552852
3451,0.347666488882963
3452,0.347766392213074
3453,0.347866295543185
3454,0.347966198873296
3455,0.348066102203407
3456,0.348166005533518
3457,0.348265908863629
3458,0.34836581219374
3459,0.348465715523851
3460,0.348565618853962
3461,0.348665522184073
3462,0.348765425514184
3463,0.348865328844295
3464,0.348965232174406
3465,0.349065135504517
3466,0.349165038834628
3467,0.349264942164739
3468,0.34936484549485
3469,0.349464748824961
3470,0.349564652155072
3471,0.349664555485183
3472,0.349764458815294
3473,0.349864362145405
3474,0.349964265475516
3475,0.350064168805627
3476,0.350164072135738
3477,0.350263975465849
3478,0.35036387879596
3479,0.350463782126071
3480,0.350563685456182
3481,0.350663588786293
3482,0.350763492116404
3483,0.350863395446515
3484,0.350963298776626
3485,0.351063202106737
3486,0.351163105436848
3487,0.351263008766959
3488,0.35136291209707
3489,0.351462815427181
3490,0.351562718757292
3491,0.351662622087403
3492,0.351762525417514
3493,0.351862428747625
3494,0.351962332077736
3495,0.352062235407847
3496,0.352162138737958
3497,0.352262042068069
3498,0.35236194539818
3499,0.352461848728291
3500,0.352561752058402
3501,0.352661655388513
3502,0.352761558718624
3503,0.352861462048735
3504,0.352961365378846
3505,0.353061268708957
3506,0.353161172039068
3507,0.353261075369179
3508,0.35336097869929
3509,0.353460882029401
3510,0.353560785359512
3511,0.353660688689623
3512,0.353760592019734
3513,0.353860495349845
3514,0.353960398679956
3515,0.354060302010067
3516,0.354160205340178
3517,0.354260108670289
3518,0.3543600120004
3519,0.354459915330511
3520,0.354559818660622
3521,0.354659721990733
3522,0.354759625320844
3523,0.354859528650955
3524,0.354959431981066
3525,0.355059335311177
3526,0.355159238641288
3527,0.355259141971399
3528,0.35535904530151
3529,0.355458948631621
3530,0.355558851961732
3531,0.355658755291843
3532,0.355758658621954
3533,0.355858561952065
3534,0.355958465282176
3535,0.356058368612287
3536,0.356158271942398
3537,0.356258175272509
3538,0.35635807860262
3539,0.356457981932731
3540,0.356557885262842
3541,0.356657788592953
3542,0.356757691923064
3543,0.356857595253175
3544,0.356957498583286
3545,0.357057401913397
3546,0.357157305243508
3547,0.357257208573619
3548,0.35735711190373
3549,0.357457015233841
3550,0.357556918563952
3551,0.357656821894063
3552,0.357756725224174
3553,0.357856628554285
3554,0.357956531884396
3555,0.358056435214507
3556,0.358156338544618
3557,0.358256241874729
3558,0.35835614520484
3559,0.358456048534951
3560,0.358555951865062
3561,0.358655855195173
3562,0.358755758525284
3563,0.358855661855395
3564,0.358955565185506
3565,0.359055468515617
3566,0.359155371845728
3567,0.359255275175839
3568,0.35935517850595
3569,0.359455081836061
3570,0.359554985166172
3571,0.359654888496283
3572,0.359754791826394
3573,0.359854695156505
3574,0.359954598486616
3575,0.360054501816727
3576,0.360154405146838
3577,0.360254308476949
3578,0.36035421180706
3579,0.360454115137171
3580,0.360554018467282
3581,0.360653921797393
3582,0.360753825127504
3583,0.360853728457615
3584,0.360953631787726
3585,0.361053535117837
3586,0.361153438447948
3587,0.361253341778059
3588,0.36135324510817
3589,0.361453148438281
3590,0.361553051768392
3591,0.361652955098503
3592,0.361752858428614
3593,0.361852761758725
3594,0.361952665088836
3595,0.362052568418947
3596,0.362152471749058
3597,0.362252375079169
3598,0.36235227840928
3599,0.362452181739391
3600,0.362552085069502
3601,0.362651988399613
3602,0.362751891729724
3603,0.362851795059835
3604,0.362951698389946
3605,0.363051601720057
3606,0.363151505050168
3607,0.363251408380279
3608,0.36335131171039
3609,0.363451215040501
3610,0.363551118370612
3611,0.363651021700723
3612,0.363750925030834
3613,0.363850828360945
3614,0.363950731691056
3615,0.364050635021167
3616,0.364150538351278
3617,0.364250441681389
3618,0.3643503450115
3619,0.364450248341611
3620,0.364550151671722
3621,0.364650055001833
3622,0.364749958331944
3623,0.364849861662055
3624,0.364949764992166
3625,0.365049668322277
3626,0.365149571652388
3627,0.365249474982499
3628,0.36534937831261
3629,0.365449281642721
3630,0.365549184972832
3631,0.365649088302943
3632,0.365748991633055
3633,0.365848894963165
3634,0.365948798293276
3635,0.366048701623387
3636,0.366148604953498
3637,0.366248508283609
3638,0.366348411613721
3639,0.366448314943832
3640,0.366548218273943
3641,0.366648121604053
3642,0.366748024934164
3643,0.366847928264276
3644,0.366947831594386
3645,0.367047734924497
3646,0.367147638254608
3647,0.36724754158472
3648,0.367347444914831
3649,0.367447348244942
3650,0.367547251575053
3651,0.367647154905164
3652,0.367747058235275
3653,0.367846961565386
3654,0.367946864895497
3655,0.368046768225608
3656,0.368146671555719
3657,0.36824657488583
3658,0.368346478215941
3659,0.368446381546052
3660,0.368546284876163
3661,0.368646188206274
3662,0.368746091536385
3663,0.368845994866496
3664,0.368945898196607
3665,0.369045801526718
3666,0.369145704856829
3667,0.36924560818694
3668,0.369345511517051
3669,0.369445414847162
3670,0.369545318177273
3671,0.369645221507384
3672,0.369745124837495
3673,0.369845028167606
3674,0.369944931497717
3675,0.370044834827828
3676,0.370144738157939
3677,0.37024464148805
3678,0.370344544818161
3679,0.370444448148272
3680,0.370544351478383
3681,0.370644254808494
3682,0.370744158138605
3683,0.370844061468716
3684,0.370943964798827
3685,0.371043868128938
3686,0.371143771459049
3687,0.37124367478916
3688,0.371343578119271
3689,0.371443481449382
3690,0.371543384779493
3691,0.371643288109604
3692,0.371743191439715
3693,0.371843094769826
3694,0.371942998099937
3695,0.372042901430048
3696,0.372142804760159
3697,0.37224270809027
3698,0.372342611420381
3699,0.372442514750492
3700,0.372542418080603
3701,0.372642321410714
3702,0.372742224740825
3703,0.372842128070936
3704,0.372942031401047
3705,0.373041934731158
3706,0.373141838061269
3707,0.37324174139138
3708,0.373341644721491
3709,0.373441548051602
3710,0.373541451381713
3711,0.373641354711824
3712,0.373741258041935
3713,0.373841161372046
3714,0.373941064702157
3715,0.374040968032268
3716,0.374140871362379
3717,0.37424077469249
3718,0.374340678022601
3719,0.374440581352712
3720,0.374540484682823
3721,0.374640388012934
3722,0.374740291343045
3723,0.374840194673156
3724,0.374940098003267
3725,0.375040001333378
3726,0.375139904663489
3727,0.3752398079936
3728,0.375339711323711
3729,0.375439614653822
3730,0.375539517983933
3731,0.375639421314044
3732,0.375739324644155
3733,0.375839227974266
3734,0.375939131304377
3735,0.376039034634488
3736,0.376138937964599
3737,0.37623884129471
3738,0.376338744624821
3739,0.376438647954932
3740,0.376538551285043
3741,0.376638454615154
3742,0.376738357945265
3743,0.376838261275376
3744,0.376938164605487
3745,0.377038067935598
3746,0.377137971265709
3747,0.37723787459582
3748,0.377337777925931
3749,0.377437681256042
3750,0.377537584586153
3751,0.377637487916264
3752,0.377737391246375
3753,0.377837294576486
3754,0.377937197906597
3755,0.378037101236708
3756,0.378137004566819
3757,0.37823690789693
3758,0.378336811227041
3759,0.378436714557152
3760,0.378536617887263
3761,0.378636521217374
3762,0.378736424547485
3763,0.378836327877596
3764,0.378936231207707
3765,0.379036134537818
3766,0.379136037867929
3767,0.37923594119804
3768,0.379335844528151
3769,0.379435747858262
3770,0.379535651188373
3771,0.379635554518484
3772,0.379735457848595
3773,0.379835361178706
3774,0.379935264508817
3775,0.380035167838928
3776,0.380135071169039
3777,0.38023497449915
3778,0.380334877829261
3779,0.380434781159372
3780,0.380534684489483
3781,0.380634587819594
3782,0.380734491149705
3783,0.380834394479816
3784,0.380934297809927
3785,0.381034201140038
3786,0.381134104470149
3787,0.38123400780026
3788,0.381333911130371
3789,0.381433814460482
3790,0.381533717790593
3791,0.381633621120704
3792,0.381733524450815
3793,0.381833427780926
3794,0.381933331111037
3795,0.382033234441148
3796,0.382133137771259
3797,0.38223304110137
3798,0.382332944431481
3799,0.382432847761592
3800,0.382532751091703
3801,0.382632654421814
3802,0.382732557751925
3803,0.382832461082036
3804,0.382932364412147
3805,0.383032267742258
3806,0.383132171072369
3807,0.38323207440248
3808,0.383331977732591
3809,0.383431881062702
3810,0.383531784392813
3811,0.383631687722924
3812,0.383731591053035
3813,0.383831494383146
3814,0.383931397713257
3815,0.384031301043368
3816,0.384131204373479
3817,0.38423110770359
3818,0.384331011033701
3819,0.384430914363812
3820,0.384530817693923
3821,0.384630721024034
3822,0.384730624354145
3823,0.384830527684256
3824,0.384930431014367
3825,0.385030334344478
3826,0.385130237674589
3827,0.3852301410047
3828,0.385330044334811
3829,0.385429947664922
3830,0.385529850995033
3831,0.385629754325144
3832,0.385729657655255
3833,0.385829560985366
3834,0.385929464315477
3835,0.386029367645588
3836,0.386129270975699
3837,0.38622917430581
3838,0.386329077635921
3839,0.386428980966032
3840,0.386528884296143
3841,0.386628787626254
3842,0.386728690956365
3843,0.386828594286476
3844,0.386928497616587
3845,0.387028400946698
3846,0.387128304276809
3847,0.38722820760692
3848,0.387328110937031
3849,0.387428014267142
3850,0.387527917597253
3851,0.387627820927364
3852,0.387727724257475
3853,0.387827627587586
3854,0.387927530917697
3855,0.388027434247808
3856,0.388127337577919
3857,0.38822724090803
3858,0.388327144238141
3859,0.388427047568252
3860,0.388526950898363
3861,0.388626854228474
3862,0.388726757558585
3863,0.388826660888696
3864,0.388926564218807
3865,0.389026467548918
3866,0.389126370879029
3867,0.38922627420914
3868,0.389326177539251
3869,0.389426080869362
3870,0.389525984199473
3871,0.389625887529584
3872,0.389725790859695
3873,0.389825694189806
3874,0.389925597519917
3875,0.390025500850028
3876,0.390125404180139
3877,0.39022530751025
3878,0.390325210840361
3879,0.390425114170472
3880,0.390525017500583
3881,0.390624920830694
3882,0.390724824160805
3883,0.390824727490916
3884,0.390924630821027
3885,0.391024534151138
3886,0.391124437481249
3887,0.39122434081136
3888,0.391324244141471
3889,0.391424147471582
3890,0.391524050801693
3891,0.391623954131804
3892,0.391723857461915
3893,0.391823760792026
3894,0.391923664122137
3895,0.392023567452248
3896,0.392123470782359
3897,0.39222337411247
3898,0.392323277442581
3899,0.392423180772693
3900,0.392523084102803
3901,0.392622987432914
3902,0.392722890763025
3903,0.392822794093136
3904,0.392922697423247
3905,0.393022600753358
3906,0.393122504083469
3907,0.39322240741358
3908,0.393322310743691
3909,0.393422214073802
3910,0.393522117403914
3911,0.393622020734025
3912,0.393721924064136
3913,0.393821827394247
3914,0.393921730724357
3915,0.394021634054469
3916,0.39412153738458
3917,0.394221440714691
3918,0.394321344044802
3919,0.394421247374913
3920,0.394521150705024
3921,0.394621054035135
3922,0.394720957365246
3923,0.394820860695357
3924,0.394920764025468
3925,0.395020667355579
3926,0.39512057068569
3927,0.395220474015801
3928,0.395320377345912
3929,0.395420280676023
3930,0.395520184006134
3931,0.395620087336245
3932,0.395719990666356
3933,0.395819893996467
3934,0.395919797326578
3935,0.396019700656689
3936,0.3961196039868
3937,0.396219507316911
3938,0.396319410647022
3939,0.396419313977133
3940,0.396519217307244
3941,0.396619120637355
3942,0.396719023967466
3943,0.396818927297577
3944,0.396918830627688
3945,0.397018733957799
3946,0.39711863728791
3947,0.397218540618021
3948,0.397318443948132
3949,0.397418347278243
3950,0.397518250608354
3951,0.397618153938465
3952,0.397718057268576
3953,0.397817960598687
3954,0.397917863928798
3955,0.398017767258909
3956,0.39811767058902
3957,0.398217573919131
3958,0.398317477249242
3959,0.398417380579353
3960,0.398517283909464
3961,0.398617187239575
3962,0.398717090569686
3963,0.398816993899797
3964,0.398916897229908
3965,0.399016800560019
3966,0.39911670389013
3967,0.399216607220241
3968,0.399316510550352
3969,0.399416413880463
3970,0.399516317210574
3971,0.399616220540685
3972,0.399716123870796
3973,0.399816027200907
3974,0.399915930531018
3975,0.400015833861129
3976,0.40011573719124
3977,0.400215640521351
3978,0.400315543851462
3979,0.400415447181573
3980,0.400515350511684
3981,0.400615253841795
3982,0.400715157171906
3983,0.400815060502017
3984,0.400914963832128
3985,0.401014867162239
3986,0.40111477049235
3987,0.401214673822461
3988,0.401314577152572
3989,0.401414480482683
3990,0.401514383812794
3991,0.401614287142905
3992,0.401714190473016
3993,0.401814093803127
3994,0.401913997133238
3995,0.402013900463349
3996,0.40211380379346
3997,0.402213707123571
3998,0.402313610453682
3999,0.402413513783793
4000,0.402513417113904
4001,0.402613320444015
4002,0.402713223774126
4003,0.402813127104237
4004,0.402913030434348
4005,0.403012933764459
4006,0.40311283709457
4007,0.403212740424681
4008,0.403312643754792
4009,0.403412547084903
4010,0.403512450415014
4011,0.403612353745125
4012,0.403712257075236
4013,0.403812160405347
4014,0.403912063735458
4015,0.404011967065569
4016,0.40411187039568
4017,0.404211773725791
4018,0.404311677055902
4019,0.404411580386013
4020,0.404511483716124
4021,0.404611387046235
4022,0.404711290376346
4023,0.404811193706457
4024,0.404911097036568
4025,0.405011000366679
4026,0.40511090369679
4027,0.405210807026901
4028,0.405310710357012
4029,0.405410613687123
4030,0.405510517017234
4031,0.405610420347345
4032,0.405710323677456
4033,0.405810227007567
4034,0.405910130337678
4035,0.406010033667789
4036,0.4061099369979
4037,0.406209840328011
4038,0.406309743658122
4039,0.406409646988233
4040,0.406509550318344
4041,0.406609453648455
4042,0.406709356978566
4043,0.406809260308677
4044,0.406909163638788
4045,0.407009066968899
4046,0.40710897029901
4047,0.407208873629121
4048,0.407308776959232
4049,0.407408680289343
4050,0.407508583619454
4051,0.407608486949565
4052,0.407708390279676
4053,0.407808293609787
4054,0.407908196939898
4055,0.408008100270009
4056,0.40810800360012
4057,0.408207906930231
4058,0.408307810260342
4059,0.408407713590453
4060,0.408507616920564
4061,0.408607520250675
4062,0.408707423580786
4063,0.408807326910897
4064,0.408907230241008
4065,0.409007133571119
4066,0.40910703690123
4067,0.409206940231341
4068,0.409306843561452
4069,0.409406746891563
4070,0.409506650221674
4071,0.409606553551785
4072,0.409706456881896
4073,0.409806360212007
4074,0.409906263542118
4075,0.410006166872229
4076,0.41010607020234
4077,0.410205973532451
4078,0.410305876862562
4079,0.410405780192673
4080,0.410505683522784
4081,0.410605586852895
4082,0.410705490183006
4083,0.410805393513117
4084,0.410905296843228
4085,0.411005200173339
4086,0.41110510350345
4087,0.411205006833561
4088,0.411304910163672
4089,0.411404813493783
4090,0.411504716823894
4091,0.411604620154005
4092,0.411704523484116
4093,0.411804426814227
4094,0.411904330144338
4095,0.412004233474449
4096,0.41210413680456
4097,0.412204040134671
4098,0.412303943464782
4099,0.412403846794893
4100,0.412503750125004
4101,0.412603653455115
4102,0.412703556785226
4103,0.412803460115337
4104,0.412903363445448
4105,0.413003266775559
4106,0.41310317010567
4107,0.413203073435781
4108,0.413302976765892
4109,0.413402880096003
4110,0.413502783426114
4111,0.413602686756225
4112,0.413702590086336
4113,0.413802493416447
4114,0.413902396746558
4115,0.414002300076669
4116,0.41410220340678
4117,0.414202106736891
4118,0.414302010067002
4119,0.414401913397113
4120,0.414501816727224
4121,0.414601720057335
4122,0.414701623387446
4123,0.414801526717557
4124,0.414901430047668
4125,0.415001333377779
4126,0.41510123670789
4127,0.415201140038001
4128,0.415301043368112
4129,0.415400946698223
4130,0.415500850028334
4131,0.415600753358445
4132,0.415700656688556
4133,0.415800560018667
4134,0.415900463348778
4135,0.416000366678889
4136,0.416100270009
4137,0.416200173339111
4138,0.416300076669222
4139,0.416399979999333
4140,0.416499883329444
4141,0.416599786659555
4142,0.416699689989666
4143,0.416799593319777
4144,0.416899496649888
4145,0.416999399979999
4146,0.41709930331011
4147,0.417199206640221
4148,0.417299109970332
4149,0.417399013300443
4150,0.417498916630554
4151,0.417598819960665
4152,0.417698723290776
4153,0.417798626620887
4154,0.417898529950998
4155,0.417998433281109
4156,0.41809833661122
4157,0.418198239941331
4158,0.418298143271442
4159,0.418398046601553
4160,0.418497949931664
4161,0.418597853261775
4162,0.418697756591886
4163,0.418797659921997
4164,0.418897563252108
4165,0.418997466582219
4166,0.41909736991233
4167,0.419197273242441
4168,0.419297176572552
4169,0.419397079902663
4170,0.419496983232774
4171,0.419596886562885
4172,0.419696789892996
4173,0.419796693223107
4174,0.419896596553218
4175,0.419996499883329
4176,0.420096403213441
4177,0.420196306543552
4178,0.420296209873663
4179,0.420396113203774
4180,0.420496016533885
4181,0.420595919863995
4182,0.420695823194107
4183,0.420795726524218
4184,0.420895629854328
4185,0.420995533184439
4186,0.421095436514551
4187,0.421195339844662
4188,0.421295243174773
4189,0.421395146504884
4190,0.421495049834995
4191,0.421594953165106
4192,0.421694856495217
4193,0.421794759825328
4194,0.421894663155439
4195,0.42199456648555
4196,0.422094469815661
4197,0.422194373145772
4198,0.422294276475883
4199,0.422394179805994
4200,0.422494083136105
4201,0.422593986466216
4202,0.422693889796327
4203,0.422793793126438
4204,0.422893696456549
4205,0.42299359978666
4206,0.423093503116771
4207,0.423193406446882
4208,0.423293309776993
4209,0.423393213107104
4210,0.423493116437215
4211,0.423593019767326
4212,0.423692923097437
4213,0.423792826427548
4214,0.423892729757659
4215,0.42399263308777
4216,0.424092536417881
4217,0.424192439747992
4218,0.424292343078103
4219,0.424392246408214
4220,0.424492149738325
4221,0.424592053068436
4222,0.424691956398547
4223,0.424791859728658
4224,0.424891763058769
4225,0.42499166638888
4226,0.425091569718991
4227,0.425191473049102
4228,0.425291376379213
4229,0.425391279709324
4230,0.425491183039435
4231,0.425591086369546
4232,0.425690989699657
4233,0.425790893029768
4234,0.425890796359879
4235,0.42599069968999
4236,0.426090603020101
4237,0.426190506350212
4238,0.426290409680323
4239,0.426390313010434
4240,0.426490216340545
4241,0.426590119670656
4242,0.426690023000767
4243,0.426789926330878
4244,0.426889829660989
4245,0.4269897329911
4246,0.427089636321211
4247,0.427189539651322
4248,0.427289442981433
4249,0.427389346311544
4250,0.427489249641655
4251,0.427589152971766
4252,0.427689056301877
4253,0.427788959631988
4254,0.427888862962099
4255,0.42798876629221
4256,0.428088669622321
4257,0.428188572952432
4258,0.428288476282543
4259,0.428388379612654
4260,0.428488282942765
4261,0.428588186272876
4262,0.428688089602987
4263,0.428787992933098
4264,0.428887896263209
4265,0.42898779959332
4266,0.429087702923431
4267,0.429187606253542
4268,0.429287509583653
4269,0.429387412913764
4270,0.429487316243875
4271,0.429587219573986
4272,0.429687122904097
4273,0.429787026234208
4274,0.429886929564319
4275,0.42998683289443
4276,0.430086736224541
4277,0.430186639554652
4278,0.430286542884763
4279,0.430386446214874
4280,0.430486349544985
4281,0.430586252875096
4282,0.430686156205207
4283,0.430786059535318
4284,0.430885962865429
4285,0.43098586619554
4286,0.431085769525651
4287,0.431185672855762
4288,0.431285576185873
4289,0.431385479515984
4290,0.431485382846095
4291,0.431585286176206
4292,0.431685189506317
4293,0.431785092836428
4294,0.431884996166539
4295,0.43198489949665
4296,0.432084802826761
4297,0.432184706156872
4298,0.432284609486983
4299,0.432384512817094
4300,0.432484416147205
4301,0.432584319477316
4302,0.432684222807427
4303,0.432784126137538
4304,0.432884029467649
4305,0.43298393279776
4306,0.433083836127871
4307,0.433183739457982
4308,0.433283642788093
4309,0.433383546118204
4310,0.433483449448315
4311,0.433583352778426
4312,0.433683256108537
4313,0.433783159438648
4314,0.433883062768759
4315,0.43398296609887
4316,0.434082869428981
4317,0.434182772759092
4318,0.434282676089203
4319,0.434382579419314
4320,0.434482482749425
4321,0.434582386079536
4322,0.434682289409647
4323,0.434782192739758
4324,0.434882096069869
4325,0.43498199939998
4326,0.435081902730091
4327,0.435181806060202
4328,0.435281709390313
4329,0.435381612720424
4330,0.435481516050535
4331,0.435581419380646
4332,0.435681322710757
4333,0.435781226040868
4334,0.435881129370979
4335,0.43598103270109
4336,0.436080936031201
4337,0.436180839361312
4338,0.436280742691423
4339,0.436380646021534
4340,0.436480549351645
4341,0.436580452681756
4342,0.436680356011867
4343,0.436780259341978
4344,0.436880162672089
4345,0.4369800660022
4346,0.437079969332311
4347,0.437179872662422
4348,0.437279775992533
4349,0.437379679322644
4350,0.437479582652755
4351,0.437579485982866
4352,0.437679389312977
4353,0.437779292643088
4354,0.437879195973199
4355,0.43797909930331
4356,0.438079002633421
4357,0.438178905963532
4358,0.438278809293643
4359,0.438378712623754
4360,0.438478615953865
4361,0.438578519283976
4362,0.438678422614087
4363,0.438778325944198
4364,0.438878229274309
4365,0.43897813260442
4366,0.439078035934531
4367,0.439177939264642
4368,0.439277842594753
4369,0.439377745924864
4370,0.439477649254975
4371,0.439577552585086
4372,0.439677455915197
4373,0.439777359245308
4374,0.439877262575419
4375,0.43997716590553
4376,0.440077069235641
4377,0.440176972565752
4378,0.440276875895863
4379,0.440376779225974
4380,0.440476682556085
4381,0.440576585886196
4382,0.440676489216307
4383,0.440776392546418
4384,0.440876295876529
4385,0.44097619920664
4386,0.441076102536751
4387,0.441176005866862
4388,0.441275909196973
4389,0.441375812527084
4390,0.441475715857195
4391,0.441575619187306
4392,0.441675522517417
4393,0.441775425847528
4394,0.441875329177639
4395,0.44197523250775
4396,0.442075135837861
4397,0.442175039167972
4398,0.442274942498083
4399,0.442374845828194
4400,0.442474749158305
4401,0.442574652488416
4402,0.442674555818527
4403,0.442774459148638
4404,0.442874362478749
4405,0.44297426580886
4406,0.443074169138971
4407,0.443174072469082
4408,0.443273975799193
4409,0.443373879129304
4410,0.443473782459415
4411,0.443573685789526
4412,0.443673589119637
4413,0.443773492449748
4414,0.443873395779859
4415,0.44397329910997
4416,0.444073202440081
4417,0.444173105770192
4418,0.444273009100303
4419,0.444372912430414
4420,0.444472815760525
4421,0.444572719090636
4422,0.444672622420747
4423,0.444772525750858
4424,0.444872429080969
4425,0.44497233241108
4426,0.445072235741191
4427,0.445172139071302
4428,0.445272042401413
4429,0.445371945731524
4430,0.445471849061635
4431,0.445571752391746
4432,0.445671655721858
4433,0.445771559051969
4434,0.44587146238208
4435,0.445971365712191
4436,0.446071269042301
4437,0.446171172372412
4438,0.446271075702524
4439,0.446370979032635
4440,0.446470882362745
4441,0.446570785692856
4442,0.446670689022967
4443,0.446770592353079
4444,0.44687049568319
4445,0.446970399013301
4446,0.447070302343412
4447,0.447170205673523
4448,0.447270109003634
4449,0.447370012333745
4450,0.447469915663856
4451,0.447569818993967
4452,0.447669722324078
4453,0.447769625654189
4454,0.4478695289843
4455,0.447969432314411
4456,0.448069335644522
4457,0.448169238974633
4458,0.448269142304744
4459,0.448369045634855
4460,0.448468948964966
4461,0.448568852295077
4462,0.448668755625188
4463,0.448768658955299
4464,0.44886856228541
4465,0.448968465615521
4466,0.449068368945632
4467,0.449168272275743
4468,0.449268175605854
4469,0.449368078935965
4470,0.449467982266076
4471,0.449567885596187
4472,0.449667788926298
4473,0.449767692256409
4474,0.44986759558652
4475,0.449967498916631
4476,0.450067402246742
4477,0.450167305576853
4478,0.450267208906964
4479,0.450367112237075
4480,0.450467015567186
4481,0.450566918897297
4482,0.450666822227408
4483,0.450766725557519
4484,0.45086662888763
4485,0.450966532217741
4486,0.451066435547852
4487,0.451166338877963
4488,0.451266242208074
4489,0.451366145538185
4490,0.451466048868296
4491,0.451565952198407
4492,0.451665855528518
4493,0.451765758858629
4494,0.45186566218874
4495,0.451965565518851
4496,0.452065468848962
4497,0.452165372179073
4498,0.452265275509184
4499,0.452365178839295
4500,0.452465082169406
4501,0.452564985499517
4502,0.452664888829628
4503,0.452764792159739
4504,0.45286469548985
4505,0.452964598819961
4506,0.453064502150072
4507,0.453164405480183
4508,0.453264308810294
4509,0.453364212140405
4510,0.453464115470516
4511,0.453564018800627
4512,0.453663922130738
4513,0.453763825460849
4514,0.45386372879096
4515,0.453963632121071
4516,0.454063535451182
4517,0.454163438781293
4518,0.454263342111404
4519,0.454363245441515
4520,0.454463148771626
4521,0.454563052101737
4522,0.454662955431848
4523,0.454762858761959
4524,0.45486276209207
4525,0.454962665422181
4526,0.455062568752292
4527,0.455162472082403
4528,0.455262375412514
4529,0.455362278742625
4530,0.455462182072736
4531,0.455562085402847
4532,0.455661988732958
4533,0.455761892063069
4534,0.45586179539318
4535,0.455961698723291
4536,0.456061602053402
4537,0.456161505383513
4538,0.456261408713624
4539,0.456361312043735
4540,0.456461215373846
4541,0.456561118703957
4542,0.456661022034068
4543,0.456760925364179
4544,0.45686082869429
4545,0.456960732024401
4546,0.457060635354512
4547,0.457160538684623
4548,0.457260442014734
4549,0.457360345344845
4550,0.457460248674956
4551,0.457560152005067
4552,0.457660055335178
4553,0.457759958665289
4554,0.4578598619954
4555,0.457959765325511
4556,0.458059668655622
4557,0.458159571985733
4558,0.458259475315844
4559,0.458359378645955
4560,0.458459281976066
4561,0.458559185306177
4562,0.458659088636288
4563,0.458758991966399
4564,0.45885889529651
4565,0.458958798626621
4566,0.459058701956732
4567,0.459158605286843
4568,0.459258508616954
4569,0.459358411947065
4570,0.459458315277176
4571,0.459558218607287
4572,0.459658121937398
4573,0.459758025267509
4574,0.45985792859762
4575,0.459957831927731
4576,0.460057735257842
4577,0.460157638587953
4578,0.460257541918064
4579,0.460357445248175
4580,0.460457348578286
4581,0.460557251908397
4582,0.460657155238508
4583,0.460757058568619
4584,0.46085696189873
4585,0.460956865228841
4586,0.461056768558952
4587,0.461156671889063
4588,0.461256575219174
4589,0.461356478549285
4590,0.461456381879396
4591,0.461556285209507
4592,0.461656188539618
4593,0.461756091869729
4594,0.46185599519984
4595,0.461955898529951
4596,0.462055801860062
4597,0.462155705190173
4598,0.462255608520284
4599,0.462355511850395
4600,0.462455415180506
4601,0.462555318510617
4602,0.462655221840728
4603,0.462755125170839
4604,0.46285502850095
4605,0.462954931831061
4606,0.463054835161172
4607,0.463154738491283
4608,0.463254641821394
4609,0.463354545151505
4610,0.463454448481616
4611,0.463554351811727
4612,0.463654255141838
4613,0.463754158471949
4614,0.46385406180206
4615,0.463953965132171
4616,0.464053868462282
4617,0.464153771792393
4618,0.464253675122504
4619,0.464353578452615
4620,0.464453481782726
4621,0.464553385112837
4622,0.464653288442948
4623,0.464753191773059
4624,0.46485309510317
4625,0.464952998433281
4626,0.465052901763392
4627,0.465152805093503
4628,0.465252708423614
4629,0.465352611753725
4630,0.465452515083836
4631,0.465552418413947
4632,0.465652321744058
4633,0.465752225074169
4634,0.46585212840428
4635,0.465952031734391
4636,0.466051935064502
4637,0.466151838394613
4638,0.466251741724724
4639,0.466351645054835
4640,0.466451548384946
4641,0.466551451715057
4642,0.466651355045168
4643,0.466751258375279
4644,0.46685116170539
4645,0.466951065035501
4646,0.467050968365612
4647,0.467150871695723
4648,0.467250775025834
4649,0.467350678355945
4650,0.467450581686056
4651,0.467550485016167
4652,0.467650388346278
4653,0.467750291676389
4654,0.4678501950065
4655,0.467950098336611
4656,0.468050001666722
4657,0.468149904996833
4658,0.468249808326944
4659,0.468349711657055
4660,0.468449614987166
4661,0.468549518317277
4662,0.468649421647388
4663,0.468749324977499
4664,0.46884922830761
4665,0.468949131637721
4666,0.469049034967832
4667,0.469148938297943
4668,0.469248841628054
4669,0.469348744958165
4670,0.469448648288276
4671,0.469548551618387
4672,0.469648454948498
4673,0.469748358278609
4674,0.46984826160872
4675,0.469948164938831
4676,0.470048068268942
4677,0.470147971599053
4678,0.470247874929164
4679,0.470347778259275
4680,0.470447681589386
4681,0.470547584919497
4682,0.470647488249608
4683,0.470747391579719
4684,0.47084729490983
4685,0.470947198239941
4686,0.471047101570052
4687,0.471147004900163
4688,0.471246908230274
4689,0.471346811560385
4690,0.471446714890496
4691,0.471546618220607
4692,0.471646521550718
4693,0.47174642488083
4694,0.47184632821094
4695,0.471946231541052
4696,0.472046134871162
4697,0.472146038201273
4698,0.472245941531384
4699,0.472345844861496
4700,0.472445748191606
4701,0.472545651521717
4702,0.472645554851828
4703,0.47274545818194
4704,0.47284536151205
4705,0.472945264842162
4706,0.473045168172272
4707,0.473145071502383
4708,0.473244974832495
4709,0.473344878162606
4710,0.473444781492717
4711,0.473544684822827
4712,0.473644588152939
4713,0.47374449148305
4714,0.473844394813161
4715,0.473944298143272
4716,0.474044201473383
4717,0.474144104803494
4718,0.474244008133605
4719,0.474343911463716
4720,0.474443814793827
4721,0.474543718123937
4722,0.474643621454049
4723,0.474743524784159
4724,0.474843428114271
4725,0.474943331444382
4726,0.475043234774493
4727,0.475143138104604
4728,0.475243041434715
4729,0.475342944764826
4730,0.475442848094937
4731,0.475542751425048
4732,0.475642654755159
4733,0.47574255808527
4734,0.475842461415381
4735,0.475942364745492
4736,0.476042268075603
4737,0.476142171405714
4738,0.476242074735825
4739,0.476341978065936
4740,0.476441881396047
4741,0.476541784726158
4742,0.476641688056269
4743,0.47674159138638
4744,0.476841494716491
4745,0.476941398046602
4746,0.477041301376713
4747,0.477141204706824
4748,0.477241108036935
4749,0.477341011367046
4750,0.477440914697157
4751,0.477540818027268
4752,0.477640721357379
4753,0.47774062468749
4754,0.477840528017601
4755,0.477940431347712
4756,0.478040334677823
4757,0.478140238007934
4758,0.478240141338045
4759,0.478340044668156
4760,0.478439947998267
4761,0.478539851328378
4762,0.478639754658489
4763,0.4787396579886
4764,0.478839561318711
4765,0.478939464648822
4766,0.479039367978933
4767,0.479139271309044
4768,0.479239174639155
4769,0.479339077969266
4770,0.479438981299377
4771,0.479538884629488
4772,0.479638787959599
4773,0.47973869128971
4774,0.479838594619821
4775,0.479938497949932
4776,0.480038401280043
4777,0.480138304610154
4778,0.480238207940265
4779,0.480338111270376
4780,0.480438014600487
4781,0.480537917930598
4782,0.480637821260709
4783,0.48073772459082
4784,0.480837627920931
4785,0.480937531251042
4786,0.481037434581153
4787,0.481137337911264
4788,0.481237241241375
4789,0.481337144571486
4790,0.481437047901597
4791,0.481536951231708
4792,0.481636854561819
4793,0.48173675789193
4794,0.481836661222041
4795,0.481936564552152
4796,0.482036467882263
4797,0.482136371212374
4798,0.482236274542485
4799,0.482336177872596
4800,0.482436081202707
4801,0.482535984532818
4802,0.482635887862929
4803,0.48273579119304
4804,0.482835694523151
4805,0.482935597853262
4806,0.483035501183373
4807,0.483135404513484
4808,0.483235307843595
4809,0.483335211173706
4810,0.483435114503817
4811,0.483535017833928
4812,0.483634921164039
4813,0.48373482449415
4814,0.483834727824261
4815,0.483934631154372
4816,0.484034534484483
4817,0.484134437814594
4818,0.484234341144705
4819,0.484334244474816
4820,0.484434147804927
4821,0.484534051135038
4822,0.484633954465149
4823,0.48473385779526
4824,0.484833761125371
4825,0.484933664455482
4826,0.485033567785593
4827,0.485133471115704
4828,0.485233374445815
4829,0.485333277775926
4830,0.485433181106037
4831,0.485533084436148
4832,0.485632987766259
4833,0.48573289109637
4834,0.485832794426481
4835,0.485932697756592
4836,0.486032601086703
4837,0.486132504416814
4838,0.486232407746925
4839,0.486332311077036
4840,0.486432214407147
4841,0.486532117737258
4842,0.486632021067369
4843,0.48673192439748
4844,0.486831827727591
4845,0.486931731057702
4846,0.487031634387813
4847,0.487131537717924
4848,0.487231441048035
4849,0.487331344378146
4850,0.487431247708257
4851,0.487531151038368
4852,0.487631054368479
4853,0.48773095769859
4854,0.487830861028701
4855,0.487930764358812
4856,0.488030667688923
4857,0.488130571019034
4858,0.488230474349145
4859,0.488330377679256
4860,0.488430281009367
4861,0.488530184339478
4862,0.488630087669589
4863,0.4887299909997
4864,0.488829894329811
4865,0.488929797659922
4866,0.489029700990033
4867,0.489129604320144
4868,0.489229507650255
4869,0.489329410980366
4870,0.489429314310477
4871,0.489529217640588
4872,0.489629120970699
4873,0.48972902430081
4874,0.489828927630921
4875,0.489928830961032
4876,0.490028734291143
4877,0.490128637621254
4878,0.490228540951365
4879,0.490328444281476
4880,0.490428347611587
4881,0.490528250941698
4882,0.490628154271809
4883,0.49072805760192
4884,0.490827960932031
4885,0.490927864262142
4886,0.491027767592253
4887,0.491127670922364
4888,0.491227574252475
4889,0.491327477582586
4890,0.491427380912697
4891,0.491527284242808
4892,0.491627187572919
4893,0.49172709090303
4894,0.491826994233141
4895,0.491926897563252
4896,0.492026800893363
4897,0.492126704223474
4898,0.492226607553585
4899,0.492326510883696
4900,0.492426414213807
4901,0.492526317543918
4902,0.492626220874029
4903,0.49272612420414
4904,0.492826027534251
4905,0.492925930864362
4906,0.493025834194473
4907,0.493125737524584
4908,0.493225640854695
4909,0.493325544184806
4910,0.493425447514917
4911,0.493525350845028
4912,0.493625254175139
4913,0.49372515750525
4914,0.493825060835361
4915,0.493924964165472
4916,0.494024867495583
4917,0.494124770825694
4918,0.494224674155805
4919,0.494324577485916
4920,0.494424480816027
4921,0.494524384146138
4922,0.494624287476249
4923,0.49472419080636
4924,0.494824094136471
4925,0.494923997466582
4926,0.495023900796693
4927,0.495123804126804
4928,0.495223707456915
4929,0.495323610787026
4930,0.495423514117137
4931,0.495523417447248
4932,0.495623320777359
4933,0.49572322410747
4934,0.495823127437581
4935,0.495923030767692
4936,0.496022934097803
4937,0.496122837427914
4938,0.496222740758025
4939,0.496322644088136
4940,0.496422547418247
4941,0.496522450748358
4942,0.496622354078469
4943,0.49672225740858
4944,0.496822160738691
4945,0.496922064068802
4946,0.497021967398913
4947,0.497121870729024
4948,0.497221774059135
4949,0.497321677389246
4950,0.497421580719357
4951,0.497521484049468
4952,0.497621387379579
4953,0.49772129070969
4954,0.497821194039801
4955,0.497921097369912
4956,0.498021000700023
4957,0.498120904030134
4958,0.498220807360245
4959,0.498320710690356
4960,0.498420614020467
4961,0.498520517350578
4962,0.498620420680689
4963,0.4987203240108
4964,0.498820227340911
4965,0.498920130671023
4966,0.499020034001133
4967,0.499119937331244
4968,0.499219840661355
4969,0.499319743991467
4970,0.499419647321577
4971,0.499519550651688
4972,0.4996194539818
4973,0.49971935731191
4974,0.499819260642022
4975,0.499919163972133
4976,0.500019067302244
4977,0.500118970632355
4978,0.500218873962466
4979,0.500318777292576
4980,0.500418680622688
4981,0.500518583952798
4982,0.50061848728291
4983,0.50071839061302
4984,0.500818293943132
4985,0.500918197273242
4986,0.501018100603354
4987,0.501118003933465
4988,0.501217907263576
4989,0.501317810593687
4990,0.501417713923798
4991,0.501517617253909
4992,0.50161752058402
4993,0.501717423914131
4994,0.501817327244242
4995,0.501917230574353
4996,0.502017133904464
4997,0.502117037234575
4998,0.502216940564686
4999,0.502316843894797
5000,0.502416747224907
5001,0.502516650555019
5002,0.50261655388513
5003,0.502716457215241
5004,0.502816360545352
5005,0.502916263875463
5006,0.503016167205574
5007,0.503116070535685
5008,0.503215973865796
5009,0.503315877195907
5010,0.503415780526018
5011,0.503515683856129
5012,0.50361558718624
5013,0.503715490516351
5014,0.503815393846462
5015,0.503915297176573
5016,0.504015200506684
5017,0.504115103836795
5018,0.504215007166906
5019,0.504314910497017
5020,0.504414813827128
5021,0.504514717157239
5022,0.50461462048735
5023,0.504714523817461
5024,0.504814427147572
5025,0.504914330477683
5026,0.505014233807794
5027,0.505114137137905
5028,0.505214040468016
5029,0.505313943798127
5030,0.505413847128238
5031,0.505513750458349
5032,0.50561365378846
5033,0.505713557118571
5034,0.505813460448682
5035,0.505913363778793
5036,0.506013267108904
5037,0.506113170439015
5038,0.506213073769126
5039,0.506312977099237
5040,0.506412880429348
5041,0.506512783759459
5042,0.50661268708957
5043,0.506712590419681
5044,0.506812493749792
5045,0.506912397079903
5046,0.507012300410014
5047,0.507112203740125
5048,0.507212107070236
5049,0.507312010400347
5050,0.507411913730458
5051,0.507511817060569
5052,0.50761172039068
5053,0.507711623720791
5054,0.507811527050902
5055,0.507911430381013
5056,0.508011333711124
5057,0.508111237041235
5058,0.508211140371346
5059,0.508311043701457
5060,0.508410947031568
5061,0.508510850361679
5062,0.50861075369179
5063,0.508710657021901
5064,0.508810560352012
5065,0.508910463682123
5066,0.509010367012234
5067,0.509110270342345
5068,0.509210173672456
5069,0.509310077002567
5070,0.509409980332678
5071,0.509509883662789
5072,0.5096097869929
5073,0.509709690323011
5074,0.509809593653122
5075,0.509909496983233
5076,0.510009400313344
5077,0.510109303643455
5078,0.510209206973566
5079,0.510309110303677
5080,0.510409013633788
5081,0.510508916963899
5082,0.51060882029401
5083,0.510708723624121
5084,0.510808626954232
5085,0.510908530284343
5086,0.511008433614454
5087,0.511108336944565
5088,0.511208240274676
5089,0.511308143604787
5090,0.511408046934898
5091,0.511507950265009
5092,0.51160785359512
5093,0.511707756925231
5094,0.511807660255342
5095,0.511907563585453
5096,0.512007466915564
5097,0.512107370245675
5098,0.512207273575786
5099,0.512307176905897
5100,0.512407080236008
5101,0.512506983566119
5102,0.51260688689623
5103,0.512706790226341
5104,0.512806693556452
5105,0.512906596886563
5106,0.513006500216674
5107,0.513106403546785
5108,0.513206306876896
5109,0.513306210207007
5110,0.513406113537118
5111,0.513506016867229
5112,0.51360592019734
5113,0.513705823527451
5114,0.513805726857562
5115,0.513905630187673
5116,0.514005533517784
5117,0.514105436847895
5118,0.514205340178006
5119,0.514305243508117
5120,0.514405146838228
5121,0.514505050168339
5122,0.51460495349845
5123,0.514704856828561
5124,0.514804760158672
5125,0.514904663488783
5126,0.515004566818894
5127,0.515104470149005
5128,0.515204373479116
5129,0.515304276809227
5130,0.515404180139338
5131,0.515504083469449
5132,0.51560398679956
5133,0.515703890129671
5134,0.515803793459782
5135,0.515903696789893
5136,0.516003600120004
5137,0.516103503450115
5138,0.516203406780226
5139,0.516303310110337
5140,0.516403213440448
5141,0.516503116770559
5142,0.51660302010067
5143,0.516702923430781
5144,0.516802826760892
5145,0.516902730091003
5146,0.517002633421114
5147,0.517102536751225
5148,0.517202440081336
5149,0.517302343411447
5150,0.517402246741558
5151,0.517502150071669
5152,0.51760205340178
5153,0.517701956731891
5154,0.517801860062002
5155,0.517901763392113
5156,0.518001666722224
5157,0.518101570052335
5158,0.518201473382446
5159,0.518301376712557
5160,0.518401280042668
5161,0.518501183372779
5162,0.51860108670289
5163,0.518700990033001
5164,0.518800893363112
5165,0.518900796693223
5166,0.519000700023334
5167,0.519100603353445
5168,0.519200506683556
5169,0.519300410013667
5170,0.519400313343778
5171,0.519500216673889
5172,0.519600120004
5173,0.519700023334111
5174,0.519799926664222
5175,0.519899829994333
5176,0.519999733324444
5177,0.520099636654555
5178,0.520199539984666
5179,0.520299443314777
5180,0.520399346644888
5181,0.520499249974999
5182,0.52059915330511
5183,0.520699056635221
5184,0.520798959965332
5185,0.520898863295443
5186,0.520998766625554
5187,0.521098669955665
5188,0.521198573285776
5189,0.521298476615887
5190,0.521398379945998
5191,0.521498283276109
5192,0.52159818660622
5193,0.521698089936331
5194,0.521797993266442
5195,0.521897896596553
5196,0.521997799926664
5197,0.522097703256775
5198,0.522197606586886
5199,0.522297509916997
5200,0.522397413247108
5201,0.522497316577219
5202,0.52259721990733
5203,0.522697123237441
5204,0.522797026567552
5205,0.522896929897663
5206,0.522996833227774
5207,0.523096736557885
5208,0.523196639887996
5209,0.523296543218107
5210,0.523396446548218
5211,0.523496349878329
5212,0.52359625320844
5213,0.523696156538551
5214,0.523796059868662
5215,0.523895963198773
5216,0.523995866528884
5217,0.524095769858995
5218,0.524195673189106
5219,0.524295576519217
5220,0.524395479849328
5221,0.524495383179439
5222,0.52459528650955
5223,0.524695189839661
5224,0.524795093169772
5225,0.524894996499883
5226,0.524994899829994
5227,0.525094803160105
5228,0.525194706490216
5229,0.525294609820327
5230,0.525394513150439
5231,0.525494416480549
5232,0.52559431981066
5233,0.525694223140771
5234,0.525794126470882
5235,0.525894029800993
5236,0.525993933131105
5237,0.526093836461216
5238,0.526193739791326
5239,0.526293643121437
5240,0.526393546451548
5241,0.526493449781659
5242,0.526593353111771
5243,0.526693256441881
5244,0.526793159771993
5245,0.526893063102103
5246,0.526992966432214
5247,0.527092869762325
5248,0.527192773092437
5249,0.527292676422548
5250,0.527392579752659
5251,0.52749248308277
5252,0.527592386412881
5253,0.527692289742992
5254,0.527792193073103
5255,0.527892096403214
5256,0.527991999733325
5257,0.528091903063436
5258,0.528191806393547
5259,0.528291709723658
5260,0.528391613053768
5261,0.52849151638388
5262,0.52859141971399
5263,0.528691323044102
5264,0.528791226374213
5265,0.528891129704324
5266,0.528991033034435
5267,0.529090936364546
5268,0.529190839694657
5269,0.529290743024768
5270,0.529390646354879
5271,0.52949054968499
5272,0.529590453015101
5273,0.529690356345212
5274,0.529790259675323
5275,0.529890163005434
5276,0.529990066335545
5277,0.530089969665656
5278,0.530189872995767
5279,0.530289776325878
5280,0.530389679655989
5281,0.5304895829861
5282,0.530589486316211
5283,0.530689389646322
5284,0.530789292976433
5285,0.530889196306544
5286,0.530989099636655
5287,0.531089002966766
5288,0.531188906296877
5289,0.531288809626988
5290,0.531388712957099
5291,0.53148861628721
5292,0.531588519617321
5293,0.531688422947432
5294,0.531788326277543
5295,0.531888229607654
5296,0.531988132937765
5297,0.532088036267876
5298,0.532187939597987
5299,0.532287842928098
5300,0.532387746258209
5301,0.53248764958832
5302,0.532587552918431
5303,0.532687456248542
5304,0.532787359578653
5305,0.532887262908764
5306,0.532987166238875
5307,0.533087069568986
5308,0.533186972899097
5309,0.533286876229208
5310,0.533386779559319
5311,0.53348668288943
5312,0.533586586219541
5313,0.533686489549652
5314,0.533786392879763
5315,0.533886296209874
5316,0.533986199539985
5317,0.534086102870096
5318,0.534186006200207
5319,0.534285909530318
5320,0.534385812860429
5321,0.53448571619054
5322,0.534585619520651
5323,0.534685522850762
5324,0.534785426180873
5325,0.534885329510984
5326,0.534985232841095
5327,0.535085136171206
5328,0.535185039501317
5329,0.535284942831428
5330,0.535384846161539
5331,0.53548474949165
5332,0.535584652821761
5333,0.535684556151872
5334,0.535784459481983
5335,0.535884362812094
5336,0.535984266142205
5337,0.536084169472316
5338,0.536184072802427
5339,0.536283976132538
5340,0.536383879462649
5341,0.53648378279276
5342,0.536583686122871
5343,0.536683589452982
5344,0.536783492783093
5345,0.536883396113204
5346,0.536983299443315
5347,0.537083202773426
5348,0.537183106103537
5349,0.537283009433648
5350,0.537382912763759
5351,0.53748281609387
5352,0.537582719423981
5353,0.537682622754092
5354,0.537782526084203
5355,0.537882429414314
5356,0.537982332744425
5357,0.538082236074536
5358,0.538182139404647
5359,0.538282042734758
5360,0.538381946064869
5361,0.53848184939498
5362,0.538581752725091
5363,0.538681656055202
5364,0.538781559385313
5365,0.538881462715424
5366,0.538981366045535
5367,0.539081269375646
5368,0.539181172705757
5369,0.539281076035868
5370,0.539380979365979
5371,0.53948088269609
5372,0.539580786026201
5373,0.539680689356312
5374,0.539780592686423
5375,0.539880496016534
5376,0.539980399346645
5377,0.540080302676756
5378,0.540180206006867
5379,0.540280109336978
5380,0.540380012667089
5381,0.5404799159972
5382,0.540579819327311
5383,0.540679722657422
5384,0.540779625987533
5385,0.540879529317644
5386,0.540979432647755
5387,0.541079335977866
5388,0.541179239307977
5389,0.541279142638088
5390,0.541379045968199
5391,0.54147894929831
5392,0.541578852628421
5393,0.541678755958532
5394,0.541778659288643
5395,0.541878562618754
5396,0.541978465948865
5397,0.542078369278976
5398,0.542178272609087
5399,0.542278175939198
5400,0.542378079269309
5401,0.54247798259942
5402,0.542577885929531
5403,0.542677789259642
5404,0.542777692589753
5405,0.542877595919864
5406,0.542977499249975
5407,0.543077402580086
5408,0.543177305910197
5409,0.543277209240308
5410,0.543377112570419
5411,0.54347701590053
5412,0.543576919230641
5413,0.543676822560752
5414,0.543776725890863
5415,0.543876629220974
5416,0.543976532551085
5417,0.544076435881196
5418,0.544176339211307
5419,0.544276242541418
5420,0.544376145871529
5421,0.54447604920164
5422,0.544575952531751
5423,0.544675855861862
5424,0.544775759191973
5425,0.544875662522084
5426,0.544975565852195
5427,0.545075469182306
5428,0.545175372512417
5429,0.545275275842528
5430,0.545375179172639
5431,0.54547508250275
5432,0.545574985832861
5433,0.545674889162972
5434,0.545774792493083
5435,0.545874695823194
5436,0.545974599153305
5437,0.546074502483416
5438,0.546174405813527
5439,0.546274309143638
5440,0.546374212473749
5441,0.54647411580386
5442,0.546574019133971
5443,0.546673922464082
5444,0.546773825794193
5445,0.546873729124304
5446,0.546973632454415
5447,0.547073535784526
5448,0.547173439114637
5449,0.547273342444748
5450,0.547373245774859
5451,0.54747314910497
5452,0.547573052435081
5453,0.547672955765192
5454,0.547772859095303
5455,0.547872762425414
5456,0.547972665755525
5457,0.548072569085636
5458,0.548172472415747
5459,0.548272375745858
5460,0.548372279075969
5461,0.54847218240608
5462,0.548572085736191
5463,0.548671989066302
5464,0.548771892396413
5465,0.548871795726524
5466,0.548971699056635
5467,0.549071602386746
5468,0.549171505716857
5469,0.549271409046968
5470,0.549371312377079
5471,0.54947121570719
5472,0.549571119037301
5473,0.549671022367412
5474,0.549770925697523
5475,0.549870829027634
5476,0.549970732357745
5477,0.550070635687856
5478,0.550170539017967
5479,0.550270442348078
5480,0.550370345678189
5481,0.5504702490083
5482,0.550570152338411
5483,0.550670055668522
5484,0.550769958998633
5485,0.550869862328744
5486,0.550969765658855
5487,0.551069668988966
5488,0.551169572319077
5489,0.551269475649188
5490,0.551369378979299
5491,0.55146928230941
5492,0.551569185639521
5493,0.551669088969632
5494,0.551768992299743
5495,0.551868895629854
5496,0.551968798959965
5497,0.552068702290077
5498,0.552168605620187
5499,0.552268508950298
5500,0.552368412280409
5501,0.55246831561052
5502,0.552568218940631
5503,0.552668122270742
5504,0.552768025600853
5505,0.552867928930964
5506,0.552967832261075
5507,0.553067735591186
5508,0.553167638921297
5509,0.553267542251409
5510,0.55336744558152
5511,0.553467348911631
5512,0.553567252241741
5513,0.553667155571852
5514,0.553767058901964
5515,0.553866962232074
5516,0.553966865562186
5517,0.554066768892297
5518,0.554166672222408
5519,0.554266575552519
5520,0.554366478882629
5521,0.554466382212741
5522,0.554566285542851
5523,0.554666188872963
5524,0.554766092203073
5525,0.554865995533184
5526,0.554965898863296
5527,0.555065802193407
5528,0.555165705523518
5529,0.555265608853629
5530,0.55536551218374
5531,0.555465415513851
5532,0.555565318843962
5533,0.555665222174073
5534,0.555765125504184
5535,0.555865028834295
5536,0.555964932164406
5537,0.556064835494517
5538,0.556164738824628
5539,0.556264642154739
5540,0.55636454548485
5541,0.556464448814961
5542,0.556564352145072
5543,0.556664255475183
5544,0.556764158805294
5545,0.556864062135405
5546,0.556963965465516
5547,0.557063868795627
5548,0.557163772125738
5549,0.557263675455849
5550,0.55736357878596
5551,0.557463482116071
5552,0.557563385446182
5553,0.557663288776293
5554,0.557763192106404
5555,0.557863095436515
5556,0.557962998766626
5557,0.558062902096737
5558,0.558162805426848
5559,0.558262708756959
5560,0.55836261208707
5561,0.558462515417181
5562,0.558562418747292
5563,0.558662322077403
5564,0.558762225407514
5565,0.558862128737625
5566,0.558962032067736
5567,0.559061935397847
5568,0.559161838727958
5569,0.559261742058069
5570,0.55936164538818
5571,0.559461548718291
5572,0.559561452048402
5573,0.559661355378513
5574,0.559761258708624
5575,0.559861162038735
5576,0.559961065368846
5577,0.560060968698957
5578,0.560160872029068
5579,0.560260775359179
5580,0.56036067868929
5581,0.560460582019401
5582,0.560560485349512
5583,0.560660388679623
5584,0.560760292009734
5585,0.560860195339845
5586,0.560960098669956
5587,0.561060002000067
5588,0.561159905330178
5589,0.561259808660289
5590,0.5613597119904
5591,0.561459615320511
5592,0.561559518650622
5593,0.561659421980733
5594,0.561759325310844
5595,0.561859228640955
5596,0.561959131971066
5597,0.562059035301177
5598,0.562158938631288
5599,0.562258841961399
5600,0.56235874529151
5601,0.562458648621621
5602,0.562558551951732
5603,0.562658455281843
5604,0.562758358611954
5605,0.562858261942065
5606,0.562958165272176
5607,0.563058068602287
5608,0.563157971932398
5609,0.563257875262509
5610,0.56335777859262
5611,0.563457681922731
5612,0.563557585252842
5613,0.563657488582953
5614,0.563757391913064
5615,0.563857295243175
5616,0.563957198573286
5617,0.564057101903397
5618,0.564157005233508
5619,0.564256908563619
5620,0.56435681189373
5621,0.564456715223841
5622,0.564556618553952
5623,0.564656521884063
5624,0.564756425214174
5625,0.564856328544285
5626,0.564956231874396
5627,0.565056135204507
5628,0.565156038534618
5629,0.565255941864729
5630,0.56535584519484
5631,0.565455748524951
5632,0.565555651855062
5633,0.565655555185173
5634,0.565755458515284
5635,0.565855361845395
5636,0.565955265175506
5637,0.566055168505617
5638,0.566155071835728
5639,0.566254975165839
5640,0.56635487849595
5641,0.566454781826061
5642,0.566554685156172
5643,0.566654588486283
5644,0.566754491816394
5645,0.566854395146505
5646,0.566954298476616
5647,0.567054201806727
5648,0.567154105136838
5649,0.567254008466949
5650,0.56735391179706
5651,0.567453815127171
5652,0.567553718457282
5653,0.567653621787393
5654,0.567753525117504
5655,0.567853428447615
5656,0.567953331777726
5657,0.568053235107837
5658,0.568153138437948
5659,0.568253041768059
5660,0.56835294509817
5661,0.568452848428281
5662,0.568552751758392
5663,0.568652655088503
5664,0.568752558418614
5665,0.568852461748725
5666,0.568952365078836
5667,0.569052268408947
5668,0.569152171739058
5669,0.569252075069169
5670,0.56935197839928
5671,0.569451881729391
5672,0.569551785059502
5673,0.569651688389613
5674,0.569751591719724
5675,0.569851495049835
5676,0.569951398379946
5677,0.570051301710057
5678,0.570151205040168
5679,0.570251108370279
5680,0.57035101170039
5681,0.570450915030501
5682,0.570550818360612
5683,0.570650721690723
5684,0.570750625020834
5685,0.570850528350945
5686,0.570950431681056
5687,0.571050335011167
5688,0.571150238341278
5689,0.571250141671389
5690,0.5713500450015
5691,0.571449948331611
5692,0.571549851661722
5693,0.571649754991833
5694,0.571749658321944
5695,0.571849561652055
5696,0.571949464982166
5697,0.572049368312277
5698,0.572149271642388
5699,0.572249174972499
5700,0.57234907830261
5701,0.572448981632721
5702,0.572548884962832
5703,0.572648788292943
5704,0.572748691623054
5705,0.572848594953165
5706,0.572948498283276
5707,0.573048401613387
5708,0.573148304943498
5709,0.573248208273609
5710,0.57334811160372
5711,0.573448014933831
5712,0.573547918263942
5713,0.573647821594053
5714,0.573747724924164
5715,0.573847628254275
5716,0.573947531584386
5717,0.574047434914497
5718,0.574147338244608
5719,0.574247241574719
5720,0.57434714490483
5721,0.574447048234941
5722,0.574546951565052
5723,0.574646854895163
5724,0.574746758225274
5725,0.574846661555385
5726,0.574946564885496
5727,0.575046468215607
5728,0.575146371545718
5729,0.575246274875829
5730,0.57534617820594
5731,0.575446081536051
5732,0.575545984866162
5733,0.575645888196273
5734,0.575745791526384
5735,0.575845694856495
5736,0.575945598186606
5737,0.576045501516717
5738,0.576145404846828
5739,0.576245308176939
5740,0.57634521150705
5741,0.576445114837161
5742,0.576545018167272
5743,0.576644921497383
5744,0.576744824827494
5745,0.576844728157605
5746,0.576944631487716
5747,0.577044534817827
5748,0.577144438147938
5749,0.577244341478049
5750,0.57734424480816
5751,0.577444148138271
5752,0.577544051468382
5753,0.577643954798493
5754,0.577743858128604
5755,0.577843761458715
5756,0.577943664788826
5757,0.578043568118937
5758,0.578143471449048
5759,0.578243374779159
5760,0.57834327810927
5761,0.578443181439381
5762,0.578543084769492
5763,0.578642988099603
5764,0.578742891429714
5765,0.578842794759825
5766,0.578942698089936
5767,0.579042601420047
5768,0.579142504750158
5769,0.579242408080269
5770,0.579342311410381
5771,0.579442214740492
5772,0.579542118070602
5773,0.579642021400713
5774,0.579741924730824
5775,0.579841828060935
5776,0.579941731391047
5777,0.580041634721157
5778,0.580141538051268
5779,0.580241441381379
5780,0.58034134471149
5781,0.580441248041602
5782,0.580541151371712
5783,0.580641054701824
5784,0.580740958031934
5785,0.580840861362045
5786,0.580940764692156
5787,0.581040668022268
5788,0.581140571352379
5789,0.58124047468249
5790,0.581340378012601
5791,0.581440281342712
5792,0.581540184672823
5793,0.581640088002934
5794,0.581739991333044
5795,0.581839894663156
5796,0.581939797993266
5797,0.582039701323378
5798,0.582139604653489
5799,0.582239507983599
5800,0.582339411313711
5801,0.582439314643821
5802,0.582539217973933
5803,0.582639121304044
5804,0.582739024634155
5805,0.582838927964266
5806,0.582938831294377
5807,0.583038734624488
5808,0.583138637954599
5809,0.58323854128471
5810,0.583338444614821
5811,0.583438347944932
5812,0.583538251275043
5813,0.583638154605154
5814,0.583738057935265
5815,0.583837961265376
5816,0.583937864595487
5817,0.584037767925598
5818,0.584137671255709
5819,0.58423757458582
5820,0.584337477915931
5821,0.584437381246042
5822,0.584537284576153
5823,0.584637187906264
5824,0.584737091236375
5825,0.584836994566486
5826,0.584936897896597
5827,0.585036801226708
5828,0.585136704556819
5829,0.58523660788693
5830,0.585336511217041
5831,0.585436414547152
5832,0.585536317877263
5833,0.585636221207374
5834,0.585736124537485
5835,0.585836027867596
5836,0.585935931197707
5837,0.586035834527818
5838,0.586135737857929
5839,0.58623564118804
5840,0.586335544518151
5841,0.586435447848262
5842,0.586535351178373
5843,0.586635254508484
5844,0.586735157838595
5845,0.586835061168706
5846,0.586934964498817
5847,0.587034867828928
5848,0.587134771159039
5849,0.58723467448915
5850,0.587334577819261
5851,0.587434481149372
5852,0.587534384479483
5853,0.587634287809594
5854,0.587734191139705
5855,0.587834094469816
5856,0.587933997799927
5857,0.588033901130038
5858,0.588133804460149
5859,0.58823370779026
5860,0.588333611120371
5861,0.588433514450482
5862,0.588533417780593
5863,0.588633321110704
5864,0.588733224440815
5865,0.588833127770926
5866,0.588933031101037
5867,0.589032934431148
5868,0.589132837761259
5869,0.58923274109137
5870,0.589332644421481
5871,0.589432547751592
5872,0.589532451081703
5873,0.589632354411814
5874,0.589732257741925
5875,0.589832161072036
5876,0.589932064402147
5877,0.590031967732258
5878,0.590131871062369
5879,0.59023177439248
5880,0.590331677722591
5881,0.590431581052702
5882,0.590531484382813
5883,0.590631387712924
5884,0.590731291043035
5885,0.590831194373146
5886,0.590931097703257
5887,0.591031001033368
5888,0.591130904363479
5889,0.59123080769359
5890,0.591330711023701
5891,0.591430614353812
5892,0.591530517683923
5893,0.591630421014034
5894,0.591730324344145
5895,0.591830227674256
5896,0.591930131004367
5897,0.592030034334478
5898,0.592129937664589
5899,0.5922298409947
5900,0.592329744324811
5901,0.592429647654922
5902,0.592529550985033
5903,0.592629454315144
5904,0.592729357645255
5905,0.592829260975366
5906,0.592929164305477
5907,0.593029067635588
5908,0.593128970965699
5909,0.59322887429581
5910,0.593328777625921
5911,0.593428680956032
5912,0.593528584286143
5913,0.593628487616254
5914,0.593728390946365
5915,0.593828294276476
5916,0.593928197606587
5917,0.594028100936698
5918,0.594128004266809
5919,0.59422790759692
5920,0.594327810927031
5921,0.594427714257142
5922,0.594527617587253
5923,0.594627520917364
5924,0.594727424247475
5925,0.594827327577586
5926,0.594927230907697
5927,0.595027134237808
5928,0.595127037567919
5929,0.59522694089803
5930,0.595326844228141
5931,0.595426747558252
5932,0.595526650888363
5933,0.595626554218474
5934,0.595726457548585
5935,0.595826360878696
5936,0.595926264208807
5937,0.596026167538918
5938,0.596126070869029
5939,0.59622597419914
5940,0.596325877529251
5941,0.596425780859362
5942,0.596525684189473
5943,0.596625587519584
5944,0.596725490849695
5945,0.596825394179806
5946,0.596925297509917
5947,0.597025200840028
5948,0.597125104170139
5949,0.59722500750025
5950,0.597324910830361
5951,0.597424814160472
5952,0.597524717490583
5953,0.597624620820694
5954,0.597724524150805
5955,0.597824427480916
5956,0.597924330811027
5957,0.598024234141138
5958,0.598124137471249
5959,0.59822404080136
5960,0.598323944131471
5961,0.598423847461582
5962,0.598523750791693
5963,0.598623654121804
5964,0.598723557451915
5965,0.598823460782026
5966,0.598923364112137
5967,0.599023267442248
5968,0.599123170772359
5969,0.59922307410247
5970,0.599322977432581
5971,0.599422880762692
5972,0.599522784092803
5973,0.599622687422914
5974,0.599722590753025
5975,0.599822494083136
5976,0.599922397413247
5977,0.600022300743358
5978,0.600122204073469
5979,0.60022210740358
5980,0.600322010733691
5981,0.600421914063802
5982,0.600521817393913
5983,0.600621720724024
5984,0.600721624054135
5985,0.600821527384246
5986,0.600921430714357
5987,0.601021334044468
5988,0.601121237374579
5989,0.60122114070469
5990,0.601321044034801
5991,0.601420947364912
5992,0.601520850695023
5993,0.601620754025134
5994,0.601720657355245
5995,0.601820560685356
5996,0.601920464015467
5997,0.602020367345578
5998,0.602120270675689
5999,0.6022201740058
6000,0.602320077335911
6001,0.602419980666022
6002,0.602519883996133
6003,0.602619787326244
6004,0.602719690656355
6005,0.602819593986466
6006,0.602919497316577
6007,0.603019400646688
6008,0.603119303976799
6009,0.60321920730691
6010,0.603319110637021
6011,0.603419013967132
6012,0.603518917297243
6013,0.603618820627354
6014,0.603718723957465
6015,0.603818627287576
6016,0.603918530617687
6017,0.604018433947798
6018,0.604118337277909
6019,0.60421824060802
6020,0.604318143938131
6021,0.604418047268242
6022,0.604517950598353
6023,0.604617853928464
6024,0.604717757258575
6025,0.604817660588686
6026,0.604917563918797
6027,0.605017467248908
6028,0.605117370579019
6029,0.60521727390913
6030,0.605317177239241
6031,0.605417080569352
6032,0.605516983899463
6033,0.605616887229574
6034,0.605716790559685
6035,0.605816693889796
6036,0.605916597219907
6037,0.606016500550018
6038,0.606116403880129
6039,0.60621630721024
6040,0.606316210540351
6041,0.606416113870462
6042,0.606516017200573
6043,0.606615920530685
6044,0.606715823860795
6045,0.606815727190906
6046,0.606915630521017
6047,0.607015533851128
6048,0.60711543718124
6049,0.607215340511351
6050,0.607315243841462
6051,0.607415147171573
6052,0.607515050501683
6053,0.607614953831795
6054,0.607714857161905
6055,0.607814760492017
6056,0.607914663822127
6057,0.608014567152239
6058,0.60811447048235
6059,0.60821437381246
6060,0.608314277142572
6061,0.608414180472682
6062,0.608514083802794
6063,0.608613987132904
6064,0.608713890463016
6065,0.608813793793127
6066,0.608913697123238
6067,0.609013600453349
6068,0.60911350378346
6069,0.609213407113571
6070,0.609313310443682
6071,0.609413213773793
6072,0.609513117103904
6073,0.609613020434015
6074,0.609712923764126
6075,0.609812827094237
6076,0.609912730424348
6077,0.610012633754459
6078,0.61011253708457
6079,0.610212440414681
6080,0.610312343744792
6081,0.610412247074903
6082,0.610512150405014
6083,0.610612053735125
6084,0.610711957065236
6085,0.610811860395347
6086,0.610911763725458
6087,0.611011667055569
6088,0.61111157038568
6089,0.611211473715791
6090,0.611311377045902
6091,0.611411280376013
6092,0.611511183706124
6093,0.611611087036235
6094,0.611710990366346
6095,0.611810893696457
6096,0.611910797026568
6097,0.612010700356679
6098,0.61211060368679
6099,0.612210507016901
6100,0.612310410347012
6101,0.612410313677123
6102,0.612510217007234
6103,0.612610120337345
6104,0.612710023667456
6105,0.612809926997567
6106,0.612909830327678
6107,0.613009733657789
6108,0.6131096369879
6109,0.613209540318011
6110,0.613309443648122
6111,0.613409346978233
6112,0.613509250308344
6113,0.613609153638455
6114,0.613709056968566
6115,0.613808960298677
6116,0.613908863628788
6117,0.614008766958899
6118,0.61410867028901
6119,0.614208573619121
6120,0.614308476949232
6121,0.614408380279343
6122,0.614508283609454
6123,0.614608186939565
6124,0.614708090269676
6125,0.614807993599787
6126,0.614907896929898
6127,0.615007800260009
6128,0.61510770359012
6129,0.615207606920231
6130,0.615307510250342
6131,0.615407413580453
6132,0.615507316910564
6133,0.615607220240675
6134,0.615707123570786
6135,0.615807026900897
6136,0.615906930231008
6137,0.616006833561119
6138,0.61610673689123
6139,0.616206640221341
6140,0.616306543551452
6141,0.616406446881563
6142,0.616506350211674
6143,0.616606253541785
6144,0.616706156871896
6145,0.616806060202007
6146,0.616905963532118
6147,0.617005866862229
6148,0.61710577019234
6149,0.617205673522451
6150,0.617305576852562
6151,0.617405480182673
6152,0.617505383512784
6153,0.617605286842895
6154,0.617705190173006
6155,0.617805093503117
6156,0.617904996833228
6157,0.618004900163339
6158,0.61810480349345
6159,0.618204706823561
6160,0.618304610153672
6161,0.618404513483783
6162,0.618504416813894
6163,0.618604320144005
6164,0.618704223474116
6165,0.618804126804227
6166,0.618904030134338
6167,0.619003933464449
6168,0.61910383679456
6169,0.619203740124671
6170,0.619303643454782
6171,0.619403546784893
6172,0.619503450115004
6173,0.619603353445115
6174,0.619703256775226
6175,0.619803160105337
6176,0.619903063435448
6177,0.620002966765559
6178,0.62010287009567
6179,0.620202773425781
6180,0.620302676755892
6181,0.620402580086003
6182,0.620502483416114
6183,0.620602386746225
6184,0.620702290076336
6185,0.620802193406447
6186,0.620902096736558
6187,0.621002000066669
6188,0.62110190339678
6189,0.621201806726891
6190,0.621301710057002
6191,0.621401613387113
6192,0.621501516717224
6193,0.621601420047335
6194,0.621701323377446
6195,0.621801226707557
6196,0.621901130037668
6197,0.622001033367779
6198,0.62210093669789
6199,0.622200840028001
6200,0.622300743358112
6201,0.622400646688223
6202,0.622500550018334
6203,0.622600453348445
6204,0.622700356678556
6205,0.622800260008667
6206,0.622900163338778
6207,0.623000066668889
6208,0.623099969999
6209,0.623199873329111
6210,0.623299776659222
6211,0.623399679989333
6212,0.623499583319444
6213,0.623599486649555
6214,0.623699389979666
6215,0.623799293309777
6216,0.623899196639888
6217,0.623999099969999
6218,0.62409900330011
6219,0.624198906630221
6220,0.624298809960332
6221,0.624398713290443
6222,0.624498616620554
6223,0.624598519950665
6224,0.624698423280776
6225,0.624798326610887
6226,0.624898229940998
6227,0.624998133271109
6228,0.62509803660122
6229,0.625197939931331
6230,0.625297843261442
6231,0.625397746591553
6232,0.625497649921664
6233,0.625597553251775
6234,0.625697456581886
6235,0.625797359911997
6236,0.625897263242108
6237,0.625997166572219
6238,0.62609706990233
6239,0.626196973232441
6240,0.626296876562552
6241,0.626396779892663
6242,0.626496683222774
6243,0.626596586552885
6244,0.626696489882996
6245,0.626796393213107
6246,0.626896296543218
6247,0.626996199873329
6248,0.62709610320344
6249,0.627196006533551
6250,0.627295909863662
6251,0.627395813193773
6252,0.627495716523884
6253,0.627595619853995
6254,0.627695523184106
6255,0.627795426514217
6256,0.627895329844328
6257,0.627995233174439
6258,0.62809513650455
6259,0.628195039834661
6260,0.628294943164772
6261,0.628394846494883
6262,0.628494749824994
6263,0.628594653155105
6264,0.628694556485216
6265,0.628794459815327
6266,0.628894363145438
6267,0.628994266475549
6268,0.62909416980566
6269,0.629194073135771
6270,0.629293976465882
6271,0.629393879795993
6272,0.629493783126104
6273,0.629593686456215
6274,0.629693589786326
6275,0.629793493116437
6276,0.629893396446548
6277,0.629993299776659
6278,0.63009320310677
6279,0.630193106436881
6280,0.630293009766992
6281,0.630392913097103
6282,0.630492816427214
6283,0.630592719757325
6284,0.630692623087436
6285,0.630792526417547
6286,0.630892429747658
6287,0.630992333077769
6288,0.63109223640788
6289,0.631192139737991
6290,0.631292043068102
6291,0.631391946398213
6292,0.631491849728324
6293,0.631591753058435
6294,0.631691656388546
6295,0.631791559718657
6296,0.631891463048768
6297,0.631991366378879
6298,0.63209126970899
6299,0.632191173039101
6300,0.632291076369212
6301,0.632390979699323
6302,0.632490883029434
6303,0.632590786359545
6304,0.632690689689656
6305,0.632790593019767
6306,0.632890496349878
6307,0.632990399679989
6308,0.6330903030101
6309,0.633190206340212
6310,0.633290109670323
6311,0.633390013000434
6312,0.633489916330544
6313,0.633589819660655
6314,0.633689722990766
6315,0.633789626320878
6316,0.633889529650988
6317,0.6339894329811
6318,0.63408933631121
6319,0.634189239641321
6320,0.634289142971432
6321,0.634389046301543
6322,0.634488949631655
6323,0.634588852961765
6324,0.634688756291877
6325,0.634788659621987
6326,0.634888562952099
6327,0.63498846628221
6328,0.635088369612321
6329,0.635188272942432
6330,0.635288176272543
6331,0.635388079602654
6332,0.635487982932765
6333,0.635587886262875
6334,0.635687789592987
6335,0.635787692923097
6336,0.635887596253209
6337,0.63598749958332
6338,0.636087402913431
6339,0.636187306243542
6340,0.636287209573652
6341,0.636387112903764
6342,0.636487016233875
6343,0.636586919563986
6344,0.636686822894097
6345,0.636786726224208
6346,0.636886629554319
6347,0.63698653288443
6348,0.637086436214541
6349,0.637186339544652
6350,0.637286242874763
6351,0.637386146204874
6352,0.637486049534985
6353,0.637585952865096
6354,0.637685856195207
6355,0.637785759525318
6356,0.637885662855429
6357,0.63798556618554
6358,0.638085469515651
6359,0.638185372845762
6360,0.638285276175873
6361,0.638385179505984
6362,0.638485082836095
6363,0.638584986166206
6364,0.638684889496317
6365,0.638784792826428
6366,0.638884696156539
6367,0.63898459948665
6368,0.639084502816761
6369,0.639184406146872
6370,0.639284309476983
6371,0.639384212807094
6372,0.639484116137205
6373,0.639584019467316
6374,0.639683922797427
6375,0.639783826127538
6376,0.639883729457649
6377,0.63998363278776
6378,0.640083536117871
6379,0.640183439447982
6380,0.640283342778093
6381,0.640383246108204
6382,0.640483149438315
6383,0.640583052768426
6384,0.640682956098537
6385,0.640782859428648
6386,0.640882762758759
6387,0.64098266608887
6388,0.641082569418981
6389,0.641182472749092
6390,0.641282376079203
6391,0.641382279409314
6392,0.641482182739425
6393,0.641582086069536
6394,0.641681989399647
6395,0.641781892729758
6396,0.641881796059869
6397,0.64198169938998
6398,0.642081602720091
6399,0.642181506050202
6400,0.642281409380313
6401,0.642381312710424
6402,0.642481216040535
6403,0.642581119370646
6404,0.642681022700757
6405,0.642780926030868
6406,0.642880829360979
6407,0.64298073269109
6408,0.643080636021201
6409,0.643180539351312
6410,0.643280442681423
6411,0.643380346011534
6412,0.643480249341645
6413,0.643580152671756
6414,0.643680056001867
6415,0.643779959331978
6416,0.643879862662089
6417,0.6439797659922
6418,0.644079669322311
6419,0.644179572652422
6420,0.644279475982533
6421,0.644379379312644
6422,0.644479282642755
6423,0.644579185972866
6424,0.644679089302977
6425,0.644778992633088
6426,0.644878895963199
6427,0.64497879929331
6428,0.645078702623421
6429,0.645178605953532
6430,0.645278509283643
6431,0.645378412613754
6432,0.645478315943865
6433,0.645578219273976
6434,0.645678122604087
6435,0.645778025934198
6436,0.645877929264309
6437,0.64597783259442
6438,0.646077735924531
6439,0.646177639254642
6440,0.646277542584753
6441,0.646377445914864
6442,0.646477349244975
6443,0.646577252575086
6444,0.646677155905197
6445,0.646777059235308
6446,0.646876962565419
6447,0.64697686589553
6448,0.647076769225641
6449,0.647176672555752
6450,0.647276575885863
6451,0.647376479215974
6452,0.647476382546085
6453,0.647576285876196
6454,0.647676189206307
6455,0.647776092536418
6456,0.647875995866529
6457,0.64797589919664
6458,0.648075802526751
6459,0.648175705856862
6460,0.648275609186973
6461,0.648375512517084
6462,0.648475415847195
6463,0.648575319177306
6464,0.648675222507417
6465,0.648775125837528
6466,0.648875029167639
6467,0.64897493249775
6468,0.649074835827861
6469,0.649174739157972
6470,0.649274642488083
6471,0.649374545818194
6472,0.649474449148305
6473,0.649574352478416
6474,0.649674255808527
6475,0.649774159138638
6476,0.649874062468749
6477,0.64997396579886
6478,0.650073869128971
6479,0.650173772459082
6480,0.650273675789193
6481,0.650373579119304
6482,0.650473482449415
6483,0.650573385779526
6484,0.650673289109637
6485,0.650773192439748
6486,0.650873095769859
6487,0.65097299909997
6488,0.651072902430081
6489,0.651172805760192
6490,0.651272709090303
6491,0.651372612420414
6492,0.651472515750525
6493,0.651572419080636
6494,0.651672322410747
6495,0.651772225740858
6496,0.651872129070969
6497,0.65197203240108
6498,0.652071935731191
6499,0.652171839061302
6500,0.652271742391413
6501,0.652371645721524
6502,0.652471549051635
6503,0.652571452381746
6504,0.652671355711857
6505,0.652771259041968
6506,0.652871162372079
6507,0.65297106570219
6508,0.653070969032301
6509,0.653170872362412
6510,0.653270775692523
6511,0.653370679022634
6512,0.653470582352745
6513,0.653570485682856
6514,0.653670389012967
6515,0.653770292343078
6516,0.653870195673189
6517,0.6539700990033
6518,0.654070002333411
6519,0.654169905663522
6520,0.654269808993633
6521,0.654369712323744
6522,0.654469615653855
6523,0.654569518983966
6524,0.654669422314077
6525,0.654769325644188
6526,0.654869228974299
6527,0.65496913230441
6528,0.655069035634521
6529,0.655168938964632
6530,0.655268842294743
6531,0.655368745624854
6532,0.655468648954965
6533,0.655568552285076
6534,0.655668455615187
6535,0.655768358945298
6536,0.655868262275409
6537,0.65596816560552
6538,0.656068068935631
6539,0.656167972265742
6540,0.656267875595853
6541,0.656367778925964
6542,0.656467682256075
6543,0.656567585586186
6544,0.656667488916297
6545,0.656767392246408
6546,0.656867295576519
6547,0.65696719890663
6548,0.657067102236741
6549,0.657167005566852
6550,0.657266908896963
6551,0.657366812227074
6552,0.657466715557185
6553,0.657566618887296
6554,0.657666522217407
6555,0.657766425547518
6556,0.657866328877629
6557,0.65796623220774
6558,0.658066135537851
6559,0.658166038867962
6560,0.658265942198073
6561,0.658365845528184
6562,0.658465748858295
6563,0.658565652188406
6564,0.658665555518517
6565,0.658765458848628
6566,0.658865362178739
6567,0.65896526550885
6568,0.659065168838961
6569,0.659165072169072
6570,0.659264975499184
6571,0.659364878829294
6572,0.659464782159405
6573,0.659564685489516
6574,0.659664588819627
6575,0.659764492149738
6576,0.659864395479849
6577,0.659964298809961
6578,0.660064202140071
6579,0.660164105470182
6580,0.660264008800293
6581,0.660363912130404
6582,0.660463815460515
6583,0.660563718790626
6584,0.660663622120737
6585,0.660763525450848
6586,0.660863428780959
6587,0.660963332111071
6588,0.661063235441182
6589,0.661163138771293
6590,0.661263042101404
6591,0.661362945431515
6592,0.661462848761626
6593,0.661562752091736
6594,0.661662655421848
6595,0.661762558751958
6596,0.66186246208207
6597,0.66196236541218
6598,0.662062268742292
6599,0.662162172072402
6600,0.662262075402513
6601,0.662361978732624
6602,0.662461882062735
6603,0.662561785392847
6604,0.662661688722958
6605,0.662761592053069
6606,0.66286149538318
6607,0.662961398713291
6608,0.663061302043402
6609,0.663161205373513
6610,0.663261108703624
6611,0.663361012033735
6612,0.663460915363846
6613,0.663560818693957
6614,0.663660722024068
6615,0.663760625354179
6616,0.66386052868429
6617,0.663960432014401
6618,0.664060335344512
6619,0.664160238674623
6620,0.664260142004734
6621,0.664360045334845
6622,0.664459948664956
6623,0.664559851995067
6624,0.664659755325178
6625,0.664759658655289
6626,0.6648595619854
6627,0.664959465315511
6628,0.665059368645622
6629,0.665159271975733
6630,0.665259175305844
6631,0.665359078635955
6632,0.665458981966066
6633,0.665558885296177
6634,0.665658788626288
6635,0.665758691956399
6636,0.66585859528651
6637,0.665958498616621
6638,0.666058401946732
6639,0.666158305276843
6640,0.666258208606954
6641,0.666358111937065
6642,0.666458015267176
6643,0.666557918597287
6644,0.666657821927398
6645,0.666757725257509
6646,0.66685762858762
6647,0.666957531917731
6648,0.667057435247842
6649,0.667157338577953
6650,0.667257241908064
6651,0.667357145238175
6652,0.667457048568286
6653,0.667556951898397
6654,0.667656855228508
6655,0.667756758558619
6656,0.66785666188873
6657,0.667956565218841
6658,0.668056468548952
6659,0.668156371879063
6660,0.668256275209174
6661,0.668356178539285
6662,0.668456081869396
6663,0.668555985199507
6664,0.668655888529618
6665,0.668755791859729
6666,0.66885569518984
6667,0.668955598519951
6668,0.669055501850062
6669,0.669155405180173
6670,0.669255308510284
6671,0.669355211840395
6672,0.669455115170506
6673,0.669555018500617
6674,0.669654921830728
6675,0.669754825160839
6676,0.66985472849095
6677,0.669954631821061
6678,0.670054535151172
6679,0.670154438481283
6680,0.670254341811394
6681,0.670354245141505
6682,0.670454148471616
6683,0.670554051801727
6684,0.670653955131838
6685,0.670753858461949
6686,0.67085376179206
6687,0.670953665122171
6688,0.671053568452282
6689,0.671153471782393
6690,0.671253375112504
6691,0.671353278442615
6692,0.671453181772726
6693,0.671553085102837
6694,0.671652988432948
6695,0.671752891763059
6696,0.67185279509317
6697,0.671952698423281
6698,0.672052601753392
6699,0.672152505083503
6700,0.672252408413614
6701,0.672352311743725
6702,0.672452215073836
6703,0.672552118403947
6704,0.672652021734058
6705,0.672751925064169
6706,0.67285182839428
6707,0.672951731724391
6708,0.673051635054502
6709,0.673151538384613
6710,0.673251441714724
6711,0.673351345044835
6712,0.673451248374946
6713,0.673551151705057
6714,0.673651055035168
6715,0.673750958365279
6716,0.67385086169539
6717,0.673950765025501
6718,0.674050668355612
6719,0.674150571685723
6720,0.674250475015834
6721,0.674350378345945
6722,0.674450281676056
6723,0.674550185006167
6724,0.674650088336278
6725,0.674749991666389
6726,0.6748498949965
6727,0.674949798326611
6728,0.675049701656722
6729,0.675149604986833
6730,0.675249508316944
6731,0.675349411647055
6732,0.675449314977166
6733,0.675549218307277
6734,0.675649121637388
6735,0.675749024967499
6736,0.67584892829761
6737,0.675948831627721
6738,0.676048734957832
6739,0.676148638287943
6740,0.676248541618054
6741,0.676348444948165
6742,0.676448348278276
6743,0.676548251608387
6744,0.676648154938498
6745,0.676748058268609
6746,0.67684796159872
6747,0.676947864928831
6748,0.677047768258942
6749,0.677147671589053
6750,0.677247574919164
6751,0.677347478249275
6752,0.677447381579386
6753,0.677547284909497
6754,0.677647188239608
6755,0.677747091569719
6756,0.67784699489983
6757,0.677946898229941
6758,0.678046801560052
6759,0.678146704890163
6760,0.678246608220274
6761,0.678346511550385
6762,0.678446414880496
6763,0.678546318210607
6764,0.678646221540718
6765,0.678746124870829
6766,0.67884602820094
6767,0.678945931531051
6768,0.679045834861162
6769,0.679145738191273
6770,0.679245641521384
6771,0.679345544851495
6772,0.679445448181606
6773,0.679545351511717
6774,0.679645254841828
6775,0.679745158171939
6776,0.67984506150205
6777,0.679944964832161
6778,0.680044868162272
6779,0.680144771492383
6780,0.680244674822494
6781,0.680344578152605
6782,0.680444481482716
6783,0.680544384812827
6784,0.680644288142938
6785,0.680744191473049
6786,0.68084409480316
6787,0.680943998133271
6788,0.681043901463382
6789,0.681143804793493
6790,0.681243708123604
6791,0.681343611453715
6792,0.681443514783826
6793,0.681543418113937
6794,0.681643321444048
6795,0.681743224774159
6796,0.68184312810427
6797,0.681943031434381
6798,0.682042934764492
6799,0.682142838094603
6800,0.682242741424714
6801,0.682342644754825
6802,0.682442548084936
6803,0.682542451415047
6804,0.682642354745158
6805,0.682742258075269
6806,0.68284216140538
6807,0.682942064735491
6808,0.683041968065602
6809,0.683141871395713
6810,0.683241774725824
6811,0.683341678055935
6812,0.683441581386046
6813,0.683541484716157
6814,0.683641388046268
6815,0.683741291376379
6816,0.68384119470649
6817,0.683941098036601
6818,0.684041001366712
6819,0.684140904696823
6820,0.684240808026934
6821,0.684340711357045
6822,0.684440614687156
6823,0.684540518017267
6824,0.684640421347378
6825,0.684740324677489
6826,0.6848402280076
6827,0.684940131337711
6828,0.685040034667822
6829,0.685139937997933
6830,0.685239841328044
6831,0.685339744658155
6832,0.685439647988266
6833,0.685539551318377
6834,0.685639454648488
6835,0.685739357978599
6836,0.68583926130871
6837,0.685939164638822
6838,0.686039067968932
6839,0.686138971299043
6840,0.686238874629154
6841,0.686338777959265
6842,0.686438681289376
6843,0.686538584619487
6844,0.686638487949598
6845,0.686738391279709
6846,0.68683829460982
6847,0.686938197939931
6848,0.687038101270042
6849,0.687138004600154
6850,0.687237907930265
6851,0.687337811260376
6852,0.687437714590486
6853,0.687537617920597
6854,0.687637521250709
6855,0.687737424580819
6856,0.687837327910931
6857,0.687937231241041
6858,0.688037134571153
6859,0.688137037901263
6860,0.688236941231374
6861,0.688336844561485
6862,0.688436747891596
6863,0.688536651221707
6864,0.688636554551819
6865,0.688736457881929
6866,0.688836361212041
6867,0.688936264542152
6868,0.689036167872263
6869,0.689136071202374
6870,0.689235974532485
6871,0.689335877862596
6872,0.689435781192707
6873,0.689535684522818
6874,0.689635587852928
6875,0.68973549118304
6876,0.689835394513151
6877,0.689935297843262
6878,0.690035201173373
6879,0.690135104503484
6880,0.690235007833594
6881,0.690334911163706
6882,0.690434814493816
6883,0.690534717823928
6884,0.690634621154039
6885,0.69073452448415
6886,0.690834427814261
6887,0.690934331144372
6888,0.691034234474483
6889,0.691134137804594
6890,0.691234041134705
6891,0.691333944464816
6892,0.691433847794927
6893,0.691533751125038
6894,0.691633654455149
6895,0.69173355778526
6896,0.691833461115371
6897,0.691933364445482
6898,0.692033267775593
6899,0.692133171105704
6900,0.692233074435815
6901,0.692332977765926
6902,0.692432881096037
6903,0.692532784426148
6904,0.692632687756259
6905,0.69273259108637
6906,0.692832494416481
6907,0.692932397746592
6908,0.693032301076703
6909,0.693132204406814
6910,0.693232107736925
6911,0.693332011067036
6912,0.693431914397147
6913,0.693531817727258
6914,0.693631721057369
6915,0.69373162438748
6916,0.693831527717591
6917,0.693931431047702
6918,0.694031334377813
6919,0.694131237707924
6920,0.694231141038035
6921,0.694331044368146
6922,0.694430947698257
6923,0.694530851028368
6924,0.694630754358479
6925,0.69473065768859
6926,0.694830561018701
6927,0.694930464348812
6928,0.695030367678923
6929,0.695130271009034
6930,0.695230174339145
6931,0.695330077669256
6932,0.695429980999367
6933,0.695529884329478
6934,0.695629787659589
6935,0.6957296909897
6936,0.695829594319811
6937,0.695929497649922
6938,0.696029400980033
6939,0.696129304310144
6940,0.696229207640255
6941,0.696329110970366
6942,0.696429014300477
6943,0.696528917630588
6944,0.696628820960699
6945,0.69672872429081
6946,0.696828627620921
6947,0.696928530951032
6948,0.697028434281143
6949,0.697128337611254
6950,0.697228240941365
6951,0.697328144271476
6952,0.697428047601587
6953,0.697527950931698
6954,0.697627854261809
6955,0.69772775759192
6956,0.697827660922031
6957,0.697927564252142
6958,0.698027467582253
6959,0.698127370912364
6960,0.698227274242475
6961,0.698327177572586
6962,0.698427080902697
6963,0.698526984232808
6964,0.698626887562919
6965,0.69872679089303
6966,0.698826694223141
6967,0.698926597553252
6968,0.699026500883363
6969,0.699126404213474
6970,0.699226307543585
6971,0.699326210873696
6972,0.699426114203807
6973,0.699526017533918
6974,0.699625920864029
6975,0.69972582419414
6976,0.699825727524251
6977,0.699925630854362
6978,0.700025534184473
6979,0.700125437514584
6980,0.700225340844695
6981,0.700325244174806
6982,0.700425147504917
6983,0.700525050835028
6984,0.700624954165139
6985,0.70072485749525
6986,0.700824760825361
6987,0.700924664155472
6988,0.701024567485583
6989,0.701124470815694
6990,0.701224374145805
6991,0.701324277475916
6992,0.701424180806027
6993,0.701524084136138
6994,0.701623987466249
6995,0.70172389079636
6996,0.701823794126471
6997,0.701923697456582
6998,0.702023600786693
6999,0.702123504116804
7000,0.702223407446915
7001,0.702323310777026
7002,0.702423214107137
7003,0.702523117437248
7004,0.702623020767359
7005,0.70272292409747
7006,0.702822827427581
7007,0.702922730757692
7008,0.703022634087803
7009,0.703122537417914
7010,0.703222440748025
7011,0.703322344078136
7012,0.703422247408247
7013,0.703522150738358
7014,0.703622054068469
7015,0.70372195739858
7016,0.703821860728691
7017,0.703921764058802
7018,0.704021667388913
7019,0.704121570719024
7020,0.704221474049135
7021,0.704321377379246
7022,0.704421280709357
7023,0.704521184039468
7024,0.704621087369579
7025,0.70472099069969
7026,0.704820894029801
7027,0.704920797359912
7028,0.705020700690023
7029,0.705120604020134
7030,0.705220507350245
7031,0.705320410680356
7032,0.705420314010467
7033,0.705520217340578
7034,0.705620120670689
7035,0.7057200240008
7036,0.705819927330911
7037,0.705919830661022
7038,0.706019733991133
7039,0.706119637321244
7040,0.706219540651355
7041,0.706319443981466
7042,0.706419347311577
7043,0.706519250641688
7044,0.706619153971799
7045,0.70671905730191
7046,0.706818960632021
7047,0.706918863962132
7048,0.707018767292243
7049,0.707118670622354
7050,0.707218573952465
7051,0.707318477282576
7052,0.707418380612687
7053,0.707518283942798
7054,0.707618187272909
7055,0.70771809060302
7056,0.707817993933131
7057,0.707917897263242
7058,0.708017800593353
7059,0.708117703923464
7060,0.708217607253575
7061,0.708317510583686
7062,0.708417413913797
7063,0.708517317243908
7064,0.708617220574019
7065,0.70871712390413
7066,0.708817027234241
7067,0.708916930564352
7068,0.709016833894463
7069,0.709116737224574
7070,0.709216640554685
7071,0.709316543884796
7072,0.709416447214907
7073,0.709516350545018
7074,0.709616253875129
7075,0.70971615720524
7076,0.709816060535351
7077,0.709915963865462
7078,0.710015867195573
7079,0.710115770525684
7080,0.710215673855795
7081,0.710315577185906
7082,0.710415480516017
7083,0.710515383846128
7084,0.710615287176239
7085,0.71071519050635
7086,0.710815093836461
7087,0.710914997166572
7088,0.711014900496683
7089,0.711114803826794
7090,0.711214707156905
7091,0.711314610487016
7092,0.711414513817127
7093,0.711514417147238
7094,0.711614320477349
7095,0.71171422380746
7096,0.711814127137571
7097,0.711914030467682
7098,0.712013933797793
7099,0.712113837127904
7100,0.712213740458015
7101,0.712313643788126
7102,0.712413547118237
7103,0.712513450448348
7104,0.712613353778459
7105,0.71271325710857
7106,0.712813160438681
7107,0.712913063768792
7108,0.713012967098903
7109,0.713112870429014
7110,0.713212773759125
7111,0.713312677089237
7112,0.713412580419347
7113,0.713512483749458
7114,0.713612387079569
7115,0.71371229040968
7116,0.713812193739792
7117,0.713912097069902
7118,0.714012000400013
7119,0.714111903730124
7120,0.714211807060235
7121,0.714311710390346
7122,0.714411613720457
7123,0.714511517050568
7124,0.714611420380679
7125,0.71471132371079
7126,0.714811227040901
7127,0.714911130371012
7128,0.715011033701124
7129,0.715110937031234
7130,0.715210840361346
7131,0.715310743691457
7132,0.715410647021568
7133,0.715510550351679
7134,0.715610453681789
7135,0.715710357011901
7136,0.715810260342011
7137,0.715910163672123
7138,0.716010067002234
7139,0.716109970332344
7140,0.716209873662455
7141,0.716309776992566
7142,0.716409680322677
7143,0.716509583652789
7144,0.7166094869829
7145,0.716709390313011
7146,0.716809293643122
7147,0.716909196973233
7148,0.717009100303344
7149,0.717109003633455
7150,0.717208906963566
7151,0.717308810293677
7152,0.717408713623788
7153,0.717508616953899
7154,0.71760852028401
7155,0.717708423614121
7156,0.717808326944232
7157,0.717908230274343
7158,0.718008133604454
7159,0.718108036934565
7160,0.718207940264676
7161,0.718307843594786
7162,0.718407746924898
7163,0.718507650255009
7164,0.71860755358512
7165,0.718707456915231
7166,0.718807360245342
7167,0.718907263575453
7168,0.719007166905564
7169,0.719107070235675
7170,0.719206973565786
7171,0.719306876895897
7172,0.719406780226008
7173,0.719506683556119
7174,0.71960658688623
7175,0.719706490216341
7176,0.719806393546452
7177,0.719906296876563
7178,0.720006200206674
7179,0.720106103536785
7180,0.720206006866896
7181,0.720305910197007
7182,0.720405813527118
7183,0.720505716857229
7184,0.72060562018734
7185,0.720705523517451
7186,0.720805426847562
7187,0.720905330177673
7188,0.721005233507784
7189,0.721105136837895
7190,0.721205040168006
7191,0.721304943498117
7192,0.721404846828228
7193,0.721504750158339
7194,0.72160465348845
7195,0.721704556818561
7196,0.721804460148672
7197,0.721904363478783
7198,0.722004266808894
7199,0.722104170139005
7200,0.722204073469116
7201,0.722303976799227
7202,0.722403880129338
7203,0.722503783459449
7204,0.72260368678956
7205,0.722703590119671
7206,0.722803493449782
7207,0.722903396779893
7208,0.723003300110004
7209,0.723103203440115
7210,0.723203106770226
7211,0.723303010100337
7212,0.723402913430448
7213,0.723502816760559
7214,0.72360272009067
7215,0.723702623420781
7216,0.723802526750892
7217,0.723902430081003
7218,0.724002333411114
7219,0.724102236741225
7220,0.724202140071336
7221,0.724302043401447
7222,0.724401946731558
7223,0.724501850061669
7224,0.72460175339178
7225,0.724701656721891
7226,0.724801560052002
7227,0.724901463382113
7228,0.725001366712224
7229,0.725101270042335
7230,0.725201173372446
7231,0.725301076702557
7232,0.725400980032668
7233,0.725500883362779
7234,0.72560078669289
7235,0.725700690023001
7236,0.725800593353112
7237,0.725900496683223
7238,0.726000400013334
7239,0.726100303343445
7240,0.726200206673556
7241,0.726300110003667
7242,0.726400013333778
7243,0.726499916663889
7244,0.726599819994
7245,0.726699723324111
7246,0.726799626654222
7247,0.726899529984333
7248,0.726999433314444
7249,0.727099336644555
7250,0.727199239974666
7251,0.727299143304777
7252,0.727399046634888
7253,0.727498949964999
7254,0.72759885329511
7255,0.727698756625221
7256,0.727798659955332
7257,0.727898563285443
7258,0.727998466615554
7259,0.728098369945665
7260,0.728198273275776
7261,0.728298176605887
7262,0.728398079935998
7263,0.728497983266109
7264,0.72859788659622
7265,0.728697789926331
7266,0.728797693256442
7267,0.728897596586553
7268,0.728997499916664
7269,0.729097403246775
7270,0.729197306576886
7271,0.729297209906997
7272,0.729397113237108
7273,0.729497016567219
7274,0.72959691989733
7275,0.729696823227441
7276,0.729796726557552
7277,0.729896629887663
7278,0.729996533217774
7279,0.730096436547885
7280,0.730196339877996
7281,0.730296243208107
7282,0.730396146538218
7283,0.730496049868329
7284,0.73059595319844
7285,0.730695856528551
7286,0.730795759858662
7287,0.730895663188773
7288,0.730995566518884
7289,0.731095469848995
7290,0.731195373179106
7291,0.731295276509217
7292,0.731395179839328
7293,0.731495083169439
7294,0.73159498649955
7295,0.731694889829661
7296,0.731794793159772
7297,0.731894696489883
7298,0.731994599819994
7299,0.732094503150105
7300,0.732194406480216
7301,0.732294309810327
7302,0.732394213140438
7303,0.732494116470549
7304,0.73259401980066
7305,0.732693923130771
7306,0.732793826460882
7307,0.732893729790993
7308,0.732993633121104
7309,0.733093536451215
7310,0.733193439781326
7311,0.733293343111437
7312,0.733393246441548
7313,0.733493149771659
7314,0.73359305310177
7315,0.733692956431881
7316,0.733792859761992
7317,0.733892763092103
7318,0.733992666422214
7319,0.734092569752325
7320,0.734192473082436
7321,0.734292376412547
7322,0.734392279742658
7323,0.734492183072769
7324,0.73459208640288
7325,0.734691989732991
7326,0.734791893063102
7327,0.734891796393213
7328,0.734991699723324
7329,0.735091603053435
7330,0.735191506383546
7331,0.735291409713657
7332,0.735391313043768
7333,0.735491216373879
7334,0.73559111970399
7335,0.735691023034101
7336,0.735790926364212
7337,0.735890829694323
7338,0.735990733024434
7339,0.736090636354545
7340,0.736190539684656
7341,0.736290443014767
7342,0.736390346344878
7343,0.736490249674989
7344,0.7365901530051
7345,0.736690056335211
7346,0.736789959665322
7347,0.736889862995433
7348,0.736989766325544
7349,0.737089669655655
7350,0.737189572985766
7351,0.737289476315877
7352,0.737389379645988
7353,0.737489282976099
7354,0.73758918630621
7355,0.737689089636321
7356,0.737788992966432
7357,0.737888896296543
7358,0.737988799626654
7359,0.738088702956765
7360,0.738188606286876
7361,0.738288509616987
7362,0.738388412947098
7363,0.738488316277209
7364,0.73858821960732
7365,0.738688122937431
7366,0.738788026267542
7367,0.738887929597653
7368,0.738987832927764
7369,0.739087736257875
7370,0.739187639587986
7371,0.739287542918097
7372,0.739387446248208
7373,0.739487349578319
7374,0.73958725290843
7375,0.739687156238541
7376,0.739787059568653
7377,0.739886962898763
7378,0.739986866228874
7379,0.740086769558985
7380,0.740186672889096
7381,0.740286576219207
7382,0.740386479549318
7383,0.740486382879429
7384,0.74058628620954
7385,0.740686189539651
7386,0.740786092869762
7387,0.740885996199873
7388,0.740985899529985
7389,0.741085802860095
7390,0.741185706190207
7391,0.741285609520317
7392,0.741385512850428
7393,0.74148541618054
7394,0.74158531951065
7395,0.741685222840762
7396,0.741785126170872
7397,0.741885029500984
7398,0.741984932831095
7399,0.742084836161205
7400,0.742184739491316
7401,0.742284642821427
7402,0.742384546151538
7403,0.742484449481649
7404,0.74258435281176
7405,0.742684256141872
7406,0.742784159471983
7407,0.742884062802094
7408,0.742983966132204
7409,0.743083869462316
7410,0.743183772792427
7411,0.743283676122538
7412,0.743383579452649
7413,0.74348348278276
7414,0.743583386112871
7415,0.743683289442982
7416,0.743783192773093
7417,0.743883096103204
7418,0.743982999433315
7419,0.744082902763426
7420,0.744182806093537
7421,0.744282709423647
7422,0.744382612753759
7423,0.74448251608387
7424,0.744582419413981
7425,0.744682322744092
7426,0.744782226074203
7427,0.744882129404314
7428,0.744982032734425
7429,0.745081936064536
7430,0.745181839394647
7431,0.745281742724758
7432,0.745381646054869
7433,0.74548154938498
7434,0.745581452715091
7435,0.745681356045202
7436,0.745781259375313
7437,0.745881162705424
7438,0.745981066035535
7439,0.746080969365646
7440,0.746180872695757
7441,0.746280776025868
7442,0.746380679355979
7443,0.74648058268609
7444,0.746580486016201
7445,0.746680389346312
7446,0.746780292676423
7447,0.746880196006534
7448,0.746980099336645
7449,0.747080002666756
7450,0.747179905996867
7451,0.747279809326978
7452,0.747379712657089
7453,0.7474796159872
7454,0.747579519317311
7455,0.747679422647422
7456,0.747779325977533
7457,0.747879229307644
7458,0.747979132637755
7459,0.748079035967866
7460,0.748178939297977
7461,0.748278842628088
7462,0.748378745958199
7463,0.74847864928831
7464,0.748578552618421
7465,0.748678455948532
7466,0.748778359278643
7467,0.748878262608754
7468,0.748978165938865
7469,0.749078069268976
7470,0.749177972599087
7471,0.749277875929198
7472,0.749377779259309
7473,0.74947768258942
7474,0.749577585919531
7475,0.749677489249642
7476,0.749777392579753
7477,0.749877295909864
7478,0.749977199239975
7479,0.750077102570086
7480,0.750177005900197
7481,0.750276909230308
7482,0.750376812560419
7483,0.75047671589053
7484,0.750576619220641
7485,0.750676522550752
7486,0.750776425880863
7487,0.750876329210974
7488,0.750976232541085
7489,0.751076135871196
7490,0.751176039201307
7491,0.751275942531418
7492,0.751375845861529
7493,0.75147574919164
7494,0.751575652521751
7495,0.751675555851862
7496,0.751775459181973
7497,0.751875362512084
7498,0.751975265842195
7499,0.752075169172306
7500,0.752175072502417
7501,0.752274975832528
7502,0.752374879162639
7503,0.75247478249275
7504,0.752574685822861
7505,0.752674589152972
7506,0.752774492483083
7507,0.752874395813194
7508,0.752974299143305
7509,0.753074202473416
7510,0.753174105803527
7511,0.753274009133638
7512,0.753373912463749
7513,0.75347381579386
7514,0.753573719123971
7515,0.753673622454082
7516,0.753773525784193
7517,0.753873429114304
7518,0.753973332444415
7519,0.754073235774526
7520,0.754173139104637
7521,0.754273042434748
7522,0.754372945764859
7523,0.75447284909497
7524,0.754572752425081
7525,0.754672655755192
7526,0.754772559085303
7527,0.754872462415414
7528,0.754972365745525
7529,0.755072269075636
7530,0.755172172405747
7531,0.755272075735858
7532,0.755371979065969
7533,0.75547188239608
7534,0.755571785726191
7535,0.755671689056302
7536,0.755771592386413
7537,0.755871495716524
7538,0.755971399046635
7539,0.756071302376746
7540,0.756171205706857
7541,0.756271109036968
7542,0.756371012367079
7543,0.75647091569719
7544,0.756570819027301
7545,0.756670722357412
7546,0.756770625687523
7547,0.756870529017634
7548,0.756970432347745
7549,0.757070335677856
7550,0.757170239007967
7551,0.757270142338078
7552,0.757370045668189
7553,0.7574699489983
7554,0.757569852328411
7555,0.757669755658522
7556,0.757769658988633
7557,0.757869562318744
7558,0.757969465648855
7559,0.758069368978966
7560,0.758169272309077
7561,0.758269175639188
7562,0.758369078969299
7563,0.75846898229941
7564,0.758568885629521
7565,0.758668788959632
7566,0.758768692289743
7567,0.758868595619854
7568,0.758968498949965
7569,0.759068402280076
7570,0.759168305610187
7571,0.759268208940298
7572,0.759368112270409
7573,0.75946801560052
7574,0.759567918930631
7575,0.759667822260742
7576,0.759767725590853
7577,0.759867628920964
7578,0.759967532251075
7579,0.760067435581186
7580,0.760167338911297
7581,0.760267242241408
7582,0.760367145571519
7583,0.76046704890163
7584,0.760566952231741
7585,0.760666855561852
7586,0.760766758891963
7587,0.760866662222074
7588,0.760966565552185
7589,0.761066468882296
7590,0.761166372212407
7591,0.761266275542518
7592,0.761366178872629
7593,0.76146608220274
7594,0.761565985532851
7595,0.761665888862962
7596,0.761765792193073
7597,0.761865695523184
7598,0.761965598853295
7599,0.762065502183406
7600,0.762165405513517
7601,0.762265308843628
7602,0.762365212173739
7603,0.76246511550385
7604,0.762565018833961
7605,0.762664922164072
7606,0.762764825494183
7607,0.762864728824294
7608,0.762964632154405
7609,0.763064535484516
7610,0.763164438814627
7611,0.763264342144738
7612,0.763364245474849
7613,0.76346414880496
7614,0.763564052135071
7615,0.763663955465182
7616,0.763763858795293
7617,0.763863762125404
7618,0.763963665455515
7619,0.764063568785626
7620,0.764163472115737
7621,0.764263375445848
7622,0.764363278775959
7623,0.76446318210607
7624,0.764563085436181
7625,0.764662988766292
7626,0.764762892096403
7627,0.764862795426514
7628,0.764962698756625
7629,0.765062602086736
7630,0.765162505416847
7631,0.765262408746958
7632,0.765362312077069
7633,0.76546221540718
7634,0.765562118737291
7635,0.765662022067402
7636,0.765761925397513
7637,0.765861828727624
7638,0.765961732057735
7639,0.766061635387846
7640,0.766161538717957
7641,0.766261442048068
7642,0.766361345378179
7643,0.76646124870829
7644,0.766561152038401
7645,0.766661055368512
7646,0.766760958698623
7647,0.766860862028734
7648,0.766960765358845
7649,0.767060668688956
7650,0.767160572019068
7651,0.767260475349178
7652,0.767360378679289
7653,0.7674602820094
7654,0.767560185339511
7655,0.767660088669623
7656,0.767759991999733
7657,0.767859895329845
7658,0.767959798659955
7659,0.768059701990066
7660,0.768159605320177
7661,0.768259508650288
7662,0.768359411980399
7663,0.76845931531051
7664,0.768559218640621
7665,0.768659121970732
7666,0.768759025300843
7667,0.768858928630955
7668,0.768958831961065
7669,0.769058735291177
7670,0.769158638621287
7671,0.769258541951399
7672,0.76935844528151
7673,0.76945834861162
7674,0.769558251941732
7675,0.769658155271842
7676,0.769758058601954
7677,0.769857961932065
7678,0.769957865262176
7679,0.770057768592287
7680,0.770157671922397
7681,0.770257575252508
7682,0.77035747858262
7683,0.77045738191273
7684,0.770557285242842
7685,0.770657188572953
7686,0.770757091903064
7687,0.770856995233175
7688,0.770956898563286
7689,0.771056801893397
7690,0.771156705223508
7691,0.771256608553619
7692,0.77135651188373
7693,0.771456415213841
7694,0.771556318543952
7695,0.771656221874063
7696,0.771756125204174
7697,0.771856028534285
7698,0.771955931864396
7699,0.772055835194507
7700,0.772155738524618
7701,0.772255641854729
7702,0.77235554518484
7703,0.772455448514951
7704,0.772555351845062
7705,0.772655255175173
7706,0.772755158505284
7707,0.772855061835395
7708,0.772954965165506
7709,0.773054868495617
7710,0.773154771825728
7711,0.773254675155839
7712,0.77335457848595
7713,0.773454481816061
7714,0.773554385146172
7715,0.773654288476283
7716,0.773754191806394
7717,0.773854095136505
7718,0.773953998466616
7719,0.774053901796727
7720,0.774153805126838
7721,0.774253708456949
7722,0.77435361178706
7723,0.774453515117171
7724,0.774553418447282
7725,0.774653321777393
7726,0.774753225107504
7727,0.774853128437615
7728,0.774953031767726
7729,0.775052935097837
7730,0.775152838427948
7731,0.775252741758059
7732,0.77535264508817
7733,0.775452548418281
7734,0.775552451748392
7735,0.775652355078503
7736,0.775752258408614
7737,0.775852161738725
7738,0.775952065068836
7739,0.776051968398947
7740,0.776151871729058
7741,0.776251775059169
7742,0.77635167838928
7743,0.776451581719391
7744,0.776551485049502
7745,0.776651388379613
7746,0.776751291709724
7747,0.776851195039835
7748,0.776951098369946
7749,0.777051001700057
7750,0.777150905030168
7751,0.777250808360279
7752,0.77735071169039
7753,0.777450615020501
7754,0.777550518350612
7755,0.777650421680723
7756,0.777750325010834
7757,0.777850228340945
7758,0.777950131671056
7759,0.778050035001167
7760,0.778149938331278
7761,0.778249841661389
7762,0.7783497449915
7763,0.778449648321611
7764,0.778549551651722
7765,0.778649454981833
7766,0.778749358311944
7767,0.778849261642055
7768,0.778949164972166
7769,0.779049068302277
7770,0.779148971632388
7771,0.779248874962499
7772,0.77934877829261
7773,0.779448681622721
7774,0.779548584952832
7775,0.779648488282943
7776,0.779748391613054
7777,0.779848294943165
7778,0.779948198273276
7779,0.780048101603387
7780,0.780148004933498
7781,0.780247908263609
7782,0.78034781159372
7783,0.780447714923831
7784,0.780547618253942
7785,0.780647521584053
7786,0.780747424914164
7787,0.780847328244275
7788,0.780947231574386
7789,0.781047134904497
7790,0.781147038234608
7791,0.781246941564719
7792,0.78134684489483
7793,0.781446748224941
7794,0.781546651555052
7795,0.781646554885163
7796,0.781746458215274
7797,0.781846361545385
7798,0.781946264875496
7799,0.782046168205607
7800,0.782146071535718
7801,0.782245974865829
7802,0.78234587819594
7803,0.782445781526051
7804,0.782545684856162
7805,0.782645588186273
7806,0.782745491516384
7807,0.782845394846495
7808,0.782945298176606
7809,0.783045201506717
7810,0.783145104836828
7811,0.783245008166939
7812,0.78334491149705
7813,0.783444814827161
7814,0.783544718157272
7815,0.783644621487383
7816,0.783744524817494
7817,0.783844428147605
7818,0.783944331477716
7819,0.784044234807827
7820,0.784144138137938
7821,0.784244041468049
7822,0.78434394479816
7823,0.784443848128271
7824,0.784543751458382
7825,0.784643654788493
7826,0.784743558118604
7827,0.784843461448715
7828,0.784943364778826
7829,0.785043268108937
7830,0.785143171439048
7831,0.785243074769159
7832,0.78534297809927
7833,0.785442881429381
7834,0.785542784759492
7835,0.785642688089603
7836,0.785742591419714
7837,0.785842494749825
7838,0.785942398079936
7839,0.786042301410047
7840,0.786142204740158
7841,0.786242108070269
7842,0.78634201140038
7843,0.786441914730491
7844,0.786541818060602
7845,0.786641721390713
7846,0.786741624720824
7847,0.786841528050935
7848,0.786941431381046
7849,0.787041334711157
7850,0.787141238041268
7851,0.787241141371379
7852,0.78734104470149
7853,0.787440948031601
7854,0.787540851361712
7855,0.787640754691823
7856,0.787740658021934
7857,0.787840561352045
7858,0.787940464682156
7859,0.788040368012267
7860,0.788140271342378
7861,0.788240174672489
7862,0.7883400780026
7863,0.788439981332711
7864,0.788539884662822
7865,0.788639787992933
7866,0.788739691323044
7867,0.788839594653155
7868,0.788939497983266
7869,0.789039401313377
7870,0.789139304643488
7871,0.789239207973599
7872,0.78933911130371
7873,0.789439014633821
7874,0.789538917963932
7875,0.789638821294043
7876,0.789738724624154
7877,0.789838627954265
7878,0.789938531284376
7879,0.790038434614487
7880,0.790138337944598
7881,0.790238241274709
7882,0.79033814460482
7883,0.790438047934931
7884,0.790537951265042
7885,0.790637854595153
7886,0.790737757925264
7887,0.790837661255375
7888,0.790937564585486
7889,0.791037467915597
7890,0.791137371245708
7891,0.791237274575819
7892,0.79133717790593
7893,0.791437081236041
7894,0.791536984566152
7895,0.791636887896263
7896,0.791736791226374
7897,0.791836694556485
7898,0.791936597886596
7899,0.792036501216707
7900,0.792136404546818
7901,0.792236307876929
7902,0.79233621120704
7903,0.792436114537151
7904,0.792536017867262
7905,0.792635921197373
7906,0.792735824527484
7907,0.792835727857595
7908,0.792935631187706
7909,0.793035534517817
7910,0.793135437847929
7911,0.793235341178039
7912,0.79333524450815
7913,0.793435147838261
7914,0.793535051168372
7915,0.793634954498483
7916,0.793734857828594
7917,0.793834761158705
7918,0.793934664488816
7919,0.794034567818927
7920,0.794134471149038
7921,0.794234374479149
7922,0.79433427780926
7923,0.794434181139371
7924,0.794534084469482
7925,0.794633987799593
7926,0.794733891129704
7927,0.794833794459816
7928,0.794933697789926
7929,0.795033601120038
7930,0.795133504450148
7931,0.79523340778026
7932,0.795333311110371
7933,0.795433214440481
7934,0.795533117770592
7935,0.795633021100703
7936,0.795732924430815
7937,0.795832827760925
7938,0.795932731091037
7939,0.796032634421147
7940,0.796132537751258
7941,0.796232441081369
7942,0.79633234441148
7943,0.796432247741591
7944,0.796532151071703
7945,0.796632054401814
7946,0.796731957731925
7947,0.796831861062035
7948,0.796931764392147
7949,0.797031667722258
7950,0.797131571052369
7951,0.79723147438248
7952,0.797331377712591
7953,0.797431281042702
7954,0.797531184372813
7955,0.797631087702924
7956,0.797730991033035
7957,0.797830894363146
7958,0.797930797693257
7959,0.798030701023368
7960,0.798130604353478
7961,0.79823050768359
7962,0.798330411013701
7963,0.798430314343812
7964,0.798530217673923
7965,0.798630121004034
7966,0.798730024334145
7967,0.798829927664256
7968,0.798929830994367
7969,0.799029734324478
7970,0.799129637654589
7971,0.7992295409847
7972,0.799329444314811
7973,0.799429347644922
7974,0.799529250975033
7975,0.799629154305144
7976,0.799729057635255
7977,0.799828960965366
7978,0.799928864295477
7979,0.800028767625588
7980,0.800128670955699
7981,0.80022857428581
7982,0.800328477615921
7983,0.800428380946032
7984,0.800528284276143
7985,0.800628187606254
7986,0.800728090936365
7987,0.800827994266476
7988,0.800927897596587
7989,0.801027800926698
7990,0.801127704256809
7991,0.80122760758692
7992,0.801327510917031
7993,0.801427414247142
7994,0.801527317577253
7995,0.801627220907364
7996,0.801727124237475
7997,0.801827027567586
7998,0.801926930897697
7999,0.802026834227808
8000,0.802126737557919
8001,0.80222664088803
8002,0.802326544218141
8003,0.802426447548252
8004,0.802526350878363
8005,0.802626254208474
8006,0.802726157538585
8007,0.802826060868696
8008,0.802925964198807
8009,0.803025867528918
8010,0.803125770859029
8011,0.80322567418914
8012,0.803325577519251
8013,0.803425480849362
8014,0.803525384179473
8015,0.803625287509584
8016,0.803725190839695
8017,0.803825094169806
8018,0.803924997499917
8019,0.804024900830028
8020,0.804124804160139
8021,0.80422470749025
8022,0.804324610820361
8023,0.804424514150472
8024,0.804524417480583
8025,0.804624320810694
8026,0.804724224140805
8027,0.804824127470916
8028,0.804924030801027
8029,0.805023934131138
8030,0.805123837461249
8031,0.80522374079136
8032,0.805323644121471
8033,0.805423547451582
8034,0.805523450781693
8035,0.805623354111804
8036,0.805723257441915
8037,0.805823160772026
8038,0.805923064102137
8039,0.806022967432248
8040,0.806122870762359
8041,0.80622277409247
8042,0.806322677422581
8043,0.806422580752692
8044,0.806522484082803
8045,0.806622387412914
8046,0.806722290743025
8047,0.806822194073136
8048,0.806922097403247
8049,0.807022000733358
8050,0.807121904063469
8051,0.80722180739358
8052,0.807321710723691
8053,0.807421614053802
8054,0.807521517383913
8055,0.807621420714024
8056,0.807721324044135
8057,0.807821227374246
8058,0.807921130704357
8059,0.808021034034468
8060,0.808120937364579
8061,0.80822084069469
8062,0.808320744024801
8063,0.808420647354912
8064,0.808520550685023
8065,0.808620454015134
8066,0.808720357345245
8067,0.808820260675356
8068,0.808920164005467
8069,0.809020067335578
8070,0.809119970665689
8071,0.8092198739958
8072,0.809319777325911
8073,0.809419680656022
8074,0.809519583986133
8075,0.809619487316244
8076,0.809719390646355
8077,0.809819293976466
8078,0.809919197306577
8079,0.810019100636688
8080,0.810119003966799
8081,0.81021890729691
8082,0.810318810627021
8083,0.810418713957132
8084,0.810518617287243
8085,0.810618520617354
8086,0.810718423947465
8087,0.810818327277576
8088,0.810918230607687
8089,0.811018133937798
8090,0.811118037267909
8091,0.81121794059802
8092,0.811317843928131
8093,0.811417747258242
8094,0.811517650588353
8095,0.811617553918464
8096,0.811717457248575
8097,0.811817360578686
8098,0.811917263908797
8099,0.812017167238908
8100,0.812117070569019
8101,0.81221697389913
8102,0.812316877229241
8103,0.812416780559352
8104,0.812516683889463
8105,0.812616587219574
8106,0.812716490549685
8107,0.812816393879796
8108,0.812916297209907
8109,0.813016200540018
8110,0.813116103870129
8111,0.81321600720024
8112,0.813315910530351
8113,0.813415813860462
8114,0.813515717190573
8115,0.813615620520684
8116,0.813715523850795
8117,0.813815427180906
8118,0.813915330511017
8119,0.814015233841128
8120,0.814115137171239
8121,0.81421504050135
8122,0.814314943831461
8123,0.814414847161572
8124,0.814514750491683
8125,0.814614653821794
8126,0.814714557151905
8127,0.814814460482016
8128,0.814914363812127
8129,0.815014267142238
8130,0.815114170472349
8131,0.81521407380246
8132,0.815313977132571
8133,0.815413880462682
8134,0.815513783792793
8135,0.815613687122904
8136,0.815713590453015
8137,0.815813493783126
8138,0.815913397113237
8139,0.816013300443348
8140,0.816113203773459
8141,0.81621310710357
8142,0.816313010433681
8143,0.816412913763792
8144,0.816512817093903
8145,0.816612720424014
8146,0.816712623754125
8147,0.816812527084236
8148,0.816912430414347
8149,0.817012333744458
8150,0.817112237074569
8151,0.81721214040468
8152,0.817312043734791
8153,0.817411947064902
8154,0.817511850395013
8155,0.817611753725124
8156,0.817711657055235
8157,0.817811560385346
8158,0.817911463715457
8159,0.818011367045568
8160,0.818111270375679
8161,0.81821117370579
8162,0.818311077035901
8163,0.818410980366012
8164,0.818510883696123
8165,0.818610787026234
8166,0.818710690356345
8167,0.818810593686456
8168,0.818910497016567
8169,0.819010400346678
8170,0.819110303676789
8171,0.8192102070069
8172,0.819310110337011
8173,0.819410013667122
8174,0.819509916997233
8175,0.819609820327344
8176,0.819709723657455
8177,0.819809626987566
8178,0.819909530317677
8179,0.820009433647788
8180,0.820109336977899
8181,0.82020924030801
8182,0.820309143638121
8183,0.820409046968232
8184,0.820508950298343
8185,0.820608853628454
8186,0.820708756958565
8187,0.820808660288676
8188,0.820908563618787
8189,0.821008466948899
8190,0.821108370279009
8191,0.821208273609121
8192,0.821308176939231
8193,0.821408080269342
8194,0.821507983599453
8195,0.821607886929564
8196,0.821707790259675
8197,0.821807693589786
8198,0.821907596919897
8199,0.822007500250008
8200,0.822107403580119
8201,0.82220730691023
8202,0.822307210240341
8203,0.822407113570452
8204,0.822507016900564
8205,0.822606920230674
8206,0.822706823560786
8207,0.822806726890896
8208,0.822906630221008
8209,0.823006533551118
8210,0.82310643688123
8211,0.823206340211341
8212,0.823306243541452
8213,0.823406146871562
8214,0.823506050201673
8215,0.823605953531784
8216,0.823705856861896
8217,0.823805760192007
8218,0.823905663522118
8219,0.824005566852229
8220,0.824105470182339
8221,0.824205373512451
8222,0.824305276842561
8223,0.824405180172673
8224,0.824505083502784
8225,0.824604986832895
8226,0.824704890163006
8227,0.824804793493117
8228,0.824904696823228
8229,0.825004600153339
8230,0.82510450348345
8231,0.825204406813561
8232,0.825304310143672
8233,0.825404213473783
8234,0.825504116803894
8235,0.825604020134005
8236,0.825703923464116
8237,0.825803826794227
8238,0.825903730124338
8239,0.826003633454449
8240,0.82610353678456
8241,0.826203440114671
8242,0.826303343444782
8243,0.826403246774893
8244,0.826503150105004
8245,0.826603053435115
8246,0.826702956765226
8247,0.826802860095337
8248,0.826902763425448
8249,0.827002666755559
8250,0.82710257008567
8251,0.827202473415781
8252,0.827302376745892
8253,0.827402280076003
8254,0.827502183406114
8255,0.827602086736225
8256,0.827701990066336
8257,0.827801893396447
8258,0.827901796726558
8259,0.828001700056669
8260,0.82810160338678
8261,0.828201506716891
8262,0.828301410047002
8263,0.828401313377113
8264,0.828501216707224
8265,0.828601120037335
8266,0.828701023367446
8267,0.828800926697557
8268,0.828900830027668
8269,0.829000733357779
8270,0.82910063668789
8271,0.829200540018001
8272,0.829300443348112
8273,0.829400346678223
8274,0.829500250008334
8275,0.829600153338445
8276,0.829700056668556
8277,0.829799959998667
8278,0.829899863328778
8279,0.829999766658889
8280,0.830099669989
8281,0.830199573319111
8282,0.830299476649222
8283,0.830399379979333
8284,0.830499283309444
8285,0.830599186639555
8286,0.830699089969666
8287,0.830798993299777
8288,0.830898896629888
8289,0.830998799959999
8290,0.83109870329011
8291,0.831198606620221
8292,0.831298509950332
8293,0.831398413280443
8294,0.831498316610554
8295,0.831598219940665
8296,0.831698123270776
8297,0.831798026600887
8298,0.831897929930998
8299,0.831997833261109
8300,0.83209773659122
8301,0.832197639921331
8302,0.832297543251442
8303,0.832397446581553
8304,0.832497349911664
8305,0.832597253241775
8306,0.832697156571886
8307,0.832797059901997
8308,0.832896963232108
8309,0.832996866562219
8310,0.83309676989233
8311,0.833196673222441
8312,0.833296576552552
8313,0.833396479882663
8314,0.833496383212774
8315,0.833596286542885
8316,0.833696189872996
8317,0.833796093203107
8318,0.833895996533218
8319,0.833995899863329
8320,0.83409580319344
8321,0.834195706523551
8322,0.834295609853662
8323,0.834395513183773
8324,0.834495416513884
8325,0.834595319843995
8326,0.834695223174106
8327,0.834795126504217
8328,0.834895029834328
8329,0.834994933164439
8330,0.83509483649455
8331,0.835194739824661
8332,0.835294643154772
8333,0.835394546484883
8334,0.835494449814994
8335,0.835594353145105
8336,0.835694256475216
8337,0.835794159805327
8338,0.835894063135438
8339,0.835993966465549
8340,0.83609386979566
8341,0.836193773125771
8342,0.836293676455882
8343,0.836393579785993
8344,0.836493483116104
8345,0.836593386446215
8346,0.836693289776326
8347,0.836793193106437
8348,0.836893096436548
8349,0.836992999766659
8350,0.83709290309677
8351,0.837192806426881
8352,0.837292709756992
8353,0.837392613087103
8354,0.837492516417214
8355,0.837592419747325
8356,0.837692323077436
8357,0.837792226407547
8358,0.837892129737658
8359,0.837992033067769
8360,0.83809193639788
8361,0.838191839727991
8362,0.838291743058102
8363,0.838391646388213
8364,0.838491549718324
8365,0.838591453048435
8366,0.838691356378546
8367,0.838791259708657
8368,0.838891163038768
8369,0.838991066368879
8370,0.83909096969899
8371,0.839190873029101
8372,0.839290776359212
8373,0.839390679689323
8374,0.839490583019434
8375,0.839590486349545
8376,0.839690389679656
8377,0.839790293009767
8378,0.839890196339878
8379,0.839990099669989
8380,0.8400900030001
8381,0.840189906330211
8382,0.840289809660322
8383,0.840389712990433
8384,0.840489616320544
8385,0.840589519650655
8386,0.840689422980766
8387,0.840789326310877
8388,0.840889229640988
8389,0.840989132971099
8390,0.84108903630121
8391,0.841188939631321
8392,0.841288842961432
8393,0.841388746291543
8394,0.841488649621654
8395,0.841588552951765
8396,0.841688456281876
8397,0.841788359611987
8398,0.841888262942098
8399,0.841988166272209
8400,0.84208806960232
8401,0.842187972932431
8402,0.842287876262542
8403,0.842387779592653
8404,0.842487682922764
8405,0.842587586252875
8406,0.842687489582986
8407,0.842787392913097
8408,0.842887296243208
8409,0.842987199573319
8410,0.84308710290343
8411,0.843187006233541
8412,0.843286909563652
8413,0.843386812893763
8414,0.843486716223874
8415,0.843586619553985
8416,0.843686522884096
8417,0.843786426214207
8418,0.843886329544318
8419,0.843986232874429
8420,0.84408613620454
8421,0.844186039534651
8422,0.844285942864762
8423,0.844385846194873
8424,0.844485749524984
8425,0.844585652855095
8426,0.844685556185206
8427,0.844785459515317
8428,0.844885362845428
8429,0.844985266175539
8430,0.84508516950565
8431,0.845185072835761
8432,0.845284976165872
8433,0.845384879495983
8434,0.845484782826094
8435,0.845584686156205
8436,0.845684589486316
8437,0.845784492816427
8438,0.845884396146538
8439,0.845984299476649
8440,0.84608420280676
8441,0.846184106136871
8442,0.846284009466982
8443,0.846383912797093
8444,0.846483816127204
8445,0.846583719457315
8446,0.846683622787426
8447,0.846783526117537
8448,0.846883429447648
8449,0.846983332777759
8450,0.84708323610787
8451,0.847183139437981
8452,0.847283042768092
8453,0.847382946098203
8454,0.847482849428314
8455,0.847582752758425
8456,0.847682656088536
8457,0.847782559418647
8458,0.847882462748758
8459,0.847982366078869
8460,0.84808226940898
8461,0.848182172739091
8462,0.848282076069202
8463,0.848381979399313
8464,0.848481882729424
8465,0.848581786059535
8466,0.848681689389646
8467,0.848781592719757
8468,0.848881496049869
8469,0.848981399379979
8470,0.849081302710091
8471,0.849181206040202
8472,0.849281109370313
8473,0.849381012700424
8474,0.849480916030534
8475,0.849580819360646
8476,0.849680722690756
8477,0.849780626020868
8478,0.849880529350979
8479,0.849980432681089
8480,0.850080336011201
8481,0.850180239341311
8482,0.850280142671423
8483,0.850380046001533
8484,0.850479949331645
8485,0.850579852661756
8486,0.850679755991867
8487,0.850779659321977
8488,0.850879562652089
8489,0.850979465982199
8490,0.851079369312311
8491,0.851179272642421
8492,0.851279175972533
8493,0.851379079302644
8494,0.851478982632754
8495,0.851578885962866
8496,0.851678789292976
8497,0.851778692623088
8498,0.851878595953198
8499,0.85197849928331
8500,0.852078402613421
8501,0.852178305943531
8502,0.852278209273643
8503,0.852378112603754
8504,0.852478015933865
8505,0.852577919263976
8506,0.852677822594087
8507,0.852777725924198
8508,0.852877629254309
8509,0.85297753258442
8510,0.853077435914531
8511,0.853177339244642
8512,0.853277242574753
8513,0.853377145904864
8514,0.853477049234975
8515,0.853576952565086
8516,0.853676855895197
8517,0.853776759225308
8518,0.853876662555419
8519,0.85397656588553
8520,0.854076469215641
8521,0.854176372545752
8522,0.854276275875863
8523,0.854376179205974
8524,0.854476082536085
8525,0.854575985866196
8526,0.854675889196307
8527,0.854775792526418
8528,0.854875695856529
8529,0.85497559918664
8530,0.855075502516751
8531,0.855175405846862
8532,0.855275309176973
8533,0.855375212507084
8534,0.855475115837195
8535,0.855575019167306
8536,0.855674922497417
8537,0.855774825827528
8538,0.855874729157639
8539,0.85597463248775
8540,0.856074535817861
8541,0.856174439147972
8542,0.856274342478083
8543,0.856374245808194
8544,0.856474149138305
8545,0.856574052468416
8546,0.856673955798527
8547,0.856773859128638
8548,0.856873762458749
8549,0.85697366578886
8550,0.857073569118971
8551,0.857173472449082
8552,0.857273375779193
8553,0.857373279109304
8554,0.857473182439415
8555,0.857573085769526
8556,0.857672989099637
8557,0.857772892429748
8558,0.857872795759859
8559,0.85797269908997
8560,0.858072602420081
8561,0.858172505750192
8562,0.858272409080303
8563,0.858372312410414
8564,0.858472215740525
8565,0.858572119070636
8566,0.858672022400747
8567,0.858771925730858
8568,0.858871829060969
8569,0.85897173239108
8570,0.859071635721191
8571,0.859171539051302
8572,0.859271442381413
8573,0.859371345711524
8574,0.859471249041635
8575,0.859571152371746
8576,0.859671055701857
8577,0.859770959031968
8578,0.859870862362079
8579,0.85997076569219
8580,0.860070669022301
8581,0.860170572352412
8582,0.860270475682523
8583,0.860370379012634
8584,0.860470282342745
8585,0.860570185672856
8586,0.860670089002967
8587,0.860769992333078
8588,0.860869895663189
8589,0.8609697989933
8590,0.861069702323411
8591,0.861169605653522
8592,0.861269508983633
8593,0.861369412313744
8594,0.861469315643855
8595,0.861569218973966
8596,0.861669122304077
8597,0.861769025634188
8598,0.861868928964299
8599,0.86196883229441
8600,0.862068735624521
8601,0.862168638954632
8602,0.862268542284743
8603,0.862368445614854
8604,0.862468348944965
8605,0.862568252275076
8606,0.862668155605187
8607,0.862768058935298
8608,0.862867962265409
8609,0.86296786559552
8610,0.863067768925631
8611,0.863167672255742
8612,0.863267575585853
8613,0.863367478915964
8614,0.863467382246075
8615,0.863567285576186
8616,0.863667188906297
8617,0.863767092236408
8618,0.863866995566519
8619,0.86396689889663
8620,0.864066802226741
8621,0.864166705556852
8622,0.864266608886963
8623,0.864366512217074
8624,0.864466415547185
8625,0.864566318877296
8626,0.864666222207407
8627,0.864766125537518
8628,0.864866028867629
8629,0.86496593219774
8630,0.865065835527851
8631,0.865165738857962
8632,0.865265642188073
8633,0.865365545518184
8634,0.865465448848295
8635,0.865565352178406
8636,0.865665255508517
8637,0.865765158838628
8638,0.865865062168739
8639,0.86596496549885
8640,0.866064868828961
8641,0.866164772159072
8642,0.866264675489183
8643,0.866364578819294
8644,0.866464482149405
8645,0.866564385479516
8646,0.866664288809627
8647,0.866764192139738
8648,0.866864095469849
8649,0.86696399879996
8650,0.867063902130071
8651,0.867163805460182
8652,0.867263708790293
8653,0.867363612120404
8654,0.867463515450515
8655,0.867563418780626
8656,0.867663322110737
8657,0.867763225440848
8658,0.867863128770959
8659,0.86796303210107
8660,0.868062935431181
8661,0.868162838761292
8662,0.868262742091403
8663,0.868362645421514
8664,0.868462548751625
8665,0.868562452081736
8666,0.868662355411847
8667,0.868762258741958
8668,0.868862162072069
8669,0.86896206540218
8670,0.869061968732291
8671,0.869161872062402
8672,0.869261775392513
8673,0.869361678722624
8674,0.869461582052735
8675,0.869561485382846
8676,0.869661388712957
8677,0.869761292043068
8678,0.869861195373179
8679,0.86996109870329
8680,0.870061002033401
8681,0.870160905363512
8682,0.870260808693623
8683,0.870360712023734
8684,0.870460615353845
8685,0.870560518683956
8686,0.870660422014067
8687,0.870760325344178
8688,0.870860228674289
8689,0.8709601320044
8690,0.871060035334511
8691,0.871159938664622
8692,0.871259841994733
8693,0.871359745324844
8694,0.871459648654955
8695,0.871559551985066
8696,0.871659455315177
8697,0.871759358645288
8698,0.871859261975399
8699,0.87195916530551
8700,0.872059068635621
8701,0.872158971965732
8702,0.872258875295843
8703,0.872358778625954
8704,0.872458681956065
8705,0.872558585286176
8706,0.872658488616287
8707,0.872758391946398
8708,0.872858295276509
8709,0.87295819860662
8710,0.873058101936732
8711,0.873158005266842
8712,0.873257908596953
8713,0.873357811927064
8714,0.873457715257175
8715,0.873557618587286
8716,0.873657521917397
8717,0.873757425247508
8718,0.873857328577619
8719,0.87395723190773
8720,0.874057135237841
8721,0.874157038567952
8722,0.874256941898063
8723,0.874356845228174
8724,0.874456748558285
8725,0.874556651888396
8726,0.874656555218507
8727,0.874756458548618
8728,0.87485636187873
8729,0.87495626520884
8730,0.875056168538952
8731,0.875156071869062
8732,0.875255975199173
8733,0.875355878529285
8734,0.875455781859395
8735,0.875555685189507
8736,0.875655588519617
8737,0.875755491849729
8738,0.875855395179839
8739,0.87595529850995
8740,0.876055201840061
8741,0.876155105170172
8742,0.876255008500284
8743,0.876354911830394
8744,0.876454815160506
8745,0.876554718490617
8746,0.876654621820728
8747,0.876754525150838
8748,0.87685442848095
8749,0.87695433181106
8750,0.877054235141172
8751,0.877154138471282
8752,0.877254041801394
8753,0.877353945131504
8754,0.877453848461615
8755,0.877553751791727
8756,0.877653655121837
8757,0.877753558451949
8758,0.877853461782059
8759,0.877953365112171
8760,0.878053268442282
8761,0.878153171772392
8762,0.878253075102504
8763,0.878352978432615
8764,0.878452881762726
8765,0.878552785092837
8766,0.878652688422948
8767,0.878752591753059
8768,0.87885249508317
8769,0.878952398413281
8770,0.879052301743392
8771,0.879152205073503
8772,0.879252108403614
8773,0.879352011733725
8774,0.879451915063836
8775,0.879551818393947
8776,0.879651721724058
8777,0.879751625054169
8778,0.87985152838428
8779,0.879951431714391
8780,0.880051335044502
8781,0.880151238374613
8782,0.880251141704724
8783,0.880351045034835
8784,0.880450948364946
8785,0.880550851695057
8786,0.880650755025168
8787,0.880750658355279
8788,0.88085056168539
8789,0.880950465015501
8790,0.881050368345612
8791,0.881150271675723
8792,0.881250175005834
8793,0.881350078335945
8794,0.881449981666056
8795,0.881549884996167
8796,0.881649788326278
8797,0.881749691656389
8798,0.8818495949865
8799,0.881949498316611
8800,0.882049401646722
8801,0.882149304976833
8802,0.882249208306944
8803,0.882349111637055
8804,0.882449014967166
8805,0.882548918297277
8806,0.882648821627388
8807,0.882748724957499
8808,0.88284862828761
8809,0.882948531617721
8810,0.883048434947832
8811,0.883148338277943
8812,0.883248241608054
8813,0.883348144938165
8814,0.883448048268276
8815,0.883547951598387
8816,0.883647854928498
8817,0.883747758258609
8818,0.88384766158872
8819,0.883947564918831
8820,0.884047468248942
8821,0.884147371579053
8822,0.884247274909164
8823,0.884347178239275
8824,0.884447081569386
8825,0.884546984899497
8826,0.884646888229608
8827,0.884746791559719
8828,0.88484669488983
8829,0.884946598219941
8830,0.885046501550052
8831,0.885146404880163
8832,0.885246308210274
8833,0.885346211540385
8834,0.885446114870496
8835,0.885546018200607
8836,0.885645921530718
8837,0.885745824860829
8838,0.88584572819094
8839,0.885945631521051
8840,0.886045534851162
8841,0.886145438181273
8842,0.886245341511384
8843,0.886345244841495
8844,0.886445148171606
8845,0.886545051501717
8846,0.886644954831828
8847,0.886744858161939
8848,0.88684476149205
8849,0.886944664822161
8850,0.887044568152272
8851,0.887144471482383
8852,0.887244374812494
8853,0.887344278142605
8854,0.887444181472716
8855,0.887544084802827
8856,0.887643988132938
8857,0.887743891463049
8858,0.88784379479316
8859,0.887943698123271
8860,0.888043601453382
8861,0.888143504783493
8862,0.888243408113604
8863,0.888343311443715
8864,0.888443214773826
8865,0.888543118103937
8866,0.888643021434048
8867,0.888742924764159
8868,0.88884282809427
8869,0.888942731424381
8870,0.889042634754492
8871,0.889142538084603
8872,0.889242441414714
8873,0.889342344744825
8874,0.889442248074936
8875,0.889542151405047
8876,0.889642054735158
8877,0.889741958065269
8878,0.88984186139538
8879,0.889941764725491
8880,0.890041668055602
8881,0.890141571385713
8882,0.890241474715824
8883,0.890341378045935
8884,0.890441281376046
8885,0.890541184706157
8886,0.890641088036268
8887,0.890740991366379
8888,0.89084089469649
8889,0.890940798026601
8890,0.891040701356712
8891,0.891140604686823
8892,0.891240508016934
8893,0.891340411347045
8894,0.891440314677156
8895,0.891540218007267
8896,0.891640121337378
8897,0.891740024667489
8898,0.8918399279976
8899,0.891939831327711
8900,0.892039734657822
8901,0.892139637987933
8902,0.892239541318044
8903,0.892339444648155
8904,0.892439347978266
8905,0.892539251308377
8906,0.892639154638488
8907,0.892739057968599
8908,0.89283896129871
8909,0.892938864628821
8910,0.893038767958932
8911,0.893138671289043
8912,0.893238574619154
8913,0.893338477949265
8914,0.893438381279376
8915,0.893538284609487
8916,0.893638187939598
8917,0.893738091269709
8918,0.89383799459982
8919,0.893937897929931
8920,0.894037801260042
8921,0.894137704590153
8922,0.894237607920264
8923,0.894337511250375
8924,0.894437414580486
8925,0.894537317910597
8926,0.894637221240708
8927,0.894737124570819
8928,0.89483702790093
8929,0.894936931231041
8930,0.895036834561152
8931,0.895136737891263
8932,0.895236641221374
8933,0.895336544551485
8934,0.895436447881596
8935,0.895536351211707
8936,0.895636254541818
8937,0.895736157871929
8938,0.89583606120204
8939,0.895935964532151
8940,0.896035867862262
8941,0.896135771192373
8942,0.896235674522484
8943,0.896335577852595
8944,0.896435481182706
8945,0.896535384512817
8946,0.896635287842928
8947,0.896735191173039
8948,0.89683509450315
8949,0.896934997833261
8950,0.897034901163372
8951,0.897134804493483
8952,0.897234707823594
8953,0.897334611153705
8954,0.897434514483816
8955,0.897534417813927
8956,0.897634321144038
8957,0.897734224474149
8958,0.89783412780426
8959,0.897934031134371
8960,0.898033934464482
8961,0.898133837794593
8962,0.898233741124704
8963,0.898333644454815
8964,0.898433547784926
8965,0.898533451115037
8966,0.898633354445148
8967,0.898733257775259
8968,0.89883316110537
8969,0.898933064435481
8970,0.899032967765592
8971,0.899132871095703
8972,0.899232774425814
8973,0.899332677755925
8974,0.899432581086036
8975,0.899532484416147
8976,0.899632387746258
8977,0.899732291076369
8978,0.89983219440648
8979,0.899932097736591
8980,0.900032001066702
8981,0.900131904396813
8982,0.900231807726924
8983,0.900331711057035
8984,0.900431614387146
8985,0.900531517717257
8986,0.900631421047368
8987,0.900731324377479
8988,0.90083122770759
8989,0.900931131037701
8990,0.901031034367813
8991,0.901130937697923
8992,0.901230841028034
8993,0.901330744358145
8994,0.901430647688256
8995,0.901530551018368
8996,0.901630454348478
8997,0.90173035767859
8998,0.9018302610087
8999,0.901930164338811
9000,0.902030067668922
9001,0.902129970999033
9002,0.902229874329144
9003,0.902329777659255
9004,0.902429680989366
9005,0.902529584319477
9006,0.902629487649589
9007,0.902729390979699
9008,0.902829294309811
9009,0.902929197639921
9010,0.903029100970033
9011,0.903129004300143
9012,0.903228907630255
9013,0.903328810960365
9014,0.903428714290476
9015,0.903528617620587
9016,0.903628520950698
9017,0.90372842428081
9018,0.90382832761092
9019,0.903928230941032
9020,0.904028134271142
9021,0.904128037601253
9022,0.904227940931365
9023,0.904327844261475
9024,0.904427747591587
9025,0.904527650921698
9026,0.904627554251809
9027,0.90472745758192
9028,0.904827360912031
9029,0.904927264242142
9030,0.905027167572253
9031,0.905127070902364
9032,0.905226974232475
9033,0.905326877562586
9034,0.905426780892696
9035,0.905526684222808
9036,0.905626587552918
9037,0.90572649088303
9038,0.90582639421314
9039,0.905926297543252
9040,0.906026200873363
9041,0.906126104203474
9042,0.906226007533585
9043,0.906325910863696
9044,0.906425814193807
9045,0.906525717523918
9046,0.906625620854029
9047,0.90672552418414
9048,0.906825427514251
9049,0.906925330844362
9050,0.907025234174473
9051,0.907125137504584
9052,0.907225040834695
9053,0.907324944164806
9054,0.907424847494917
9055,0.907524750825028
9056,0.907624654155139
9057,0.90772455748525
9058,0.907824460815361
9059,0.907924364145472
9060,0.908024267475583
9061,0.908124170805694
9062,0.908224074135805
9063,0.908323977465916
9064,0.908423880796027
9065,0.908523784126138
9066,0.908623687456249
9067,0.90872359078636
9068,0.908823494116471
9069,0.908923397446582
9070,0.909023300776693
9071,0.909123204106804
9072,0.909223107436915
9073,0.909323010767026
9074,0.909422914097137
9075,0.909522817427248
9076,0.909622720757359
9077,0.90972262408747
9078,0.909822527417581
9079,0.909922430747692
9080,0.910022334077803
9081,0.910122237407914
9082,0.910222140738025
9083,0.910322044068136
9084,0.910421947398247
9085,0.910521850728358
9086,0.910621754058469
9087,0.91072165738858
9088,0.910821560718691
9089,0.910921464048802
9090,0.911021367378913
9091,0.911121270709024
9092,0.911221174039135
9093,0.911321077369246
9094,0.911420980699357
9095,0.911520884029468
9096,0.911620787359579
9097,0.91172069068969
9098,0.911820594019801
9099,0.911920497349912
9100,0.912020400680023
9101,0.912120304010134
9102,0.912220207340245
9103,0.912320110670356
9104,0.912420014000467
9105,0.912519917330578
9106,0.912619820660689
9107,0.9127197239908
9108,0.912819627320911
9109,0.912919530651022
9110,0.913019433981133
9111,0.913119337311244
9112,0.913219240641355
9113,0.913319143971466
9114,0.913419047301577
9115,0.913518950631688
9116,0.913618853961799
9117,0.91371875729191
9118,0.913818660622021
9119,0.913918563952132
9120,0.914018467282243
9121,0.914118370612354
9122,0.914218273942465
9123,0.914318177272576
9124,0.914418080602687
9125,0.914517983932798
9126,0.914617887262909
9127,0.91471779059302
9128,0.914817693923131
9129,0.914917597253242
9130,0.915017500583353
9131,0.915117403913464
9132,0.915217307243575
9133,0.915317210573686
9134,0.915417113903797
9135,0.915517017233908
9136,0.915616920564019
9137,0.91571682389413
9138,0.915816727224241
9139,0.915916630554352
9140,0.916016533884463
9141,0.916116437214574
9142,0.916216340544685
9143,0.916316243874796
9144,0.916416147204907
9145,0.916516050535018
9146,0.916615953865129
9147,0.91671585719524
9148,0.916815760525351
9149,0.916915663855462
9150,0.917015567185573
9151,0.917115470515684
9152,0.917215373845795
9153,0.917315277175906
9154,0.917415180506017
9155,0.917515083836128
9156,0.917614987166239
9157,0.91771489049635
9158,0.917814793826461
9159,0.917914697156572
9160,0.918014600486683
9161,0.918114503816794
9162,0.918214407146905
9163,0.918314310477016
9164,0.918414213807127
9165,0.918514117137238
9166,0.918614020467349
9167,0.91871392379746
9168,0.918813827127571
9169,0.918913730457682
9170,0.919013633787793
9171,0.919113537117904
9172,0.919213440448015
9173,0.919313343778126
9174,0.919413247108237
9175,0.919513150438348
9176,0.919613053768459
9177,0.91971295709857
9178,0.919812860428681
9179,0.919912763758792
9180,0.920012667088903
9181,0.920112570419014
9182,0.920212473749125
9183,0.920312377079236
9184,0.920412280409347
9185,0.920512183739458
9186,0.920612087069569
9187,0.92071199039968
9188,0.920811893729791
9189,0.920911797059902
9190,0.921011700390013
9191,0.921111603720124
9192,0.921211507050235
9193,0.921311410380346
9194,0.921411313710457
9195,0.921511217040568
9196,0.921611120370679
9197,0.92171102370079
9198,0.921810927030901
9199,0.921910830361012
9200,0.922010733691123
9201,0.922110637021234
9202,0.922210540351345
9203,0.922310443681456
9204,0.922410347011567
9205,0.922510250341678
9206,0.922610153671789
9207,0.9227100570019
9208,0.922809960332011
9209,0.922909863662122
9210,0.923009766992233
9211,0.923109670322344
9212,0.923209573652455
9213,0.923309476982566
9214,0.923409380312677
9215,0.923509283642788
9216,0.923609186972899
9217,0.92370909030301
9218,0.923808993633121
9219,0.923908896963232
9220,0.924008800293343
9221,0.924108703623454
9222,0.924208606953565
9223,0.924308510283676
9224,0.924408413613787
9225,0.924508316943898
9226,0.924608220274009
9227,0.92470812360412
9228,0.924808026934231
9229,0.924907930264342
9230,0.925007833594453
9231,0.925107736924564
9232,0.925207640254675
9233,0.925307543584786
9234,0.925407446914897
9235,0.925507350245008
9236,0.925607253575119
9237,0.92570715690523
9238,0.925807060235341
9239,0.925906963565452
9240,0.926006866895563
9241,0.926106770225674
9242,0.926206673555785
9243,0.926306576885896
9244,0.926406480216007
9245,0.926506383546118
9246,0.926606286876229
9247,0.92670619020634
9248,0.926806093536451
9249,0.926905996866562
9250,0.927005900196673
9251,0.927105803526784
9252,0.927205706856895
9253,0.927305610187007
9254,0.927405513517117
9255,0.927505416847228
9256,0.927605320177339
9257,0.927705223507451
9258,0.927805126837561
9259,0.927905030167672
9260,0.928004933497783
9261,0.928104836827894
9262,0.928204740158005
9263,0.928304643488116
9264,0.928404546818227
9265,0.928504450148338
9266,0.928604353478449
9267,0.92870425680856
9268,0.928804160138672
9269,0.928904063468782
9270,0.929003966798894
9271,0.929103870129004
9272,0.929203773459116
9273,0.929303676789227
9274,0.929403580119337
9275,0.929503483449448
9276,0.929603386779559
9277,0.929703290109671
9278,0.929803193439782
9279,0.929903096769892
9280,0.930003000100003
9281,0.930102903430114
9282,0.930202806760226
9283,0.930302710090337
9284,0.930402613420447
9285,0.930502516750559
9286,0.93060242008067
9287,0.930702323410781
9288,0.930802226740892
9289,0.930902130071002
9290,0.931002033401114
9291,0.931101936731225
9292,0.931201840061336
9293,0.931301743391446
9294,0.931401646721557
9295,0.931501550051669
9296,0.931601453381779
9297,0.931701356711891
9298,0.931801260042001
9299,0.931901163372113
9300,0.932001066702223
9301,0.932100970032334
9302,0.932200873362446
9303,0.932300776692557
9304,0.932400680022668
9305,0.932500583352779
9306,0.93260048668289
9307,0.932700390013001
9308,0.932800293343112
9309,0.932900196673222
9310,0.933000100003334
9311,0.933100003333445
9312,0.933199906663556
9313,0.933299809993666
9314,0.933399713323778
9315,0.933499616653889
9316,0.933599519984
9317,0.933699423314111
9318,0.933799326644221
9319,0.933899229974333
9320,0.933999133304444
9321,0.934099036634555
9322,0.934198939964666
9323,0.934298843294777
9324,0.934398746624888
9325,0.934498649954999
9326,0.93459855328511
9327,0.934698456615221
9328,0.934798359945332
9329,0.934898263275443
9330,0.934998166605554
9331,0.935098069935665
9332,0.935197973265776
9333,0.935297876595887
9334,0.935397779925998
9335,0.935497683256109
9336,0.93559758658622
9337,0.935697489916331
9338,0.935797393246442
9339,0.935897296576553
9340,0.935997199906664
9341,0.936097103236775
9342,0.936197006566886
9343,0.936296909896997
9344,0.936396813227108
9345,0.936496716557219
9346,0.93659661988733
9347,0.936696523217441
9348,0.936796426547552
9349,0.936896329877663
9350,0.936996233207774
9351,0.937096136537885
9352,0.937196039867996
9353,0.937295943198107
9354,0.937395846528218
9355,0.937495749858329
9356,0.93759565318844
9357,0.937695556518551
9358,0.937795459848662
9359,0.937895363178773
9360,0.937995266508884
9361,0.938095169838995
9362,0.938195073169106
9363,0.938294976499217
9364,0.938394879829328
9365,0.938494783159439
9366,0.93859468648955
9367,0.938694589819661
9368,0.938794493149772
9369,0.938894396479883
9370,0.938994299809994
9371,0.939094203140105
9372,0.939194106470216
9373,0.939294009800327
9374,0.939393913130438
9375,0.939493816460549
9376,0.93959371979066
9377,0.939693623120771
9378,0.939793526450882
9379,0.939893429780993
9380,0.939993333111104
9381,0.940093236441215
9382,0.940193139771326
9383,0.940293043101437
9384,0.940392946431548
9385,0.940492849761659
9386,0.94059275309177
9387,0.940692656421881
9388,0.940792559751992
9389,0.940892463082103
9390,0.940992366412214
9391,0.941092269742325
9392,0.941192173072436
9393,0.941292076402547
9394,0.941391979732658
9395,0.941491883062769
9396,0.94159178639288
9397,0.941691689722991
9398,0.941791593053102
9399,0.941891496383213
9400,0.941991399713324
9401,0.942091303043435
9402,0.942191206373546
9403,0.942291109703657
9404,0.942391013033768
9405,0.942490916363879
9406,0.94259081969399
9407,0.942690723024101
9408,0.942790626354212
9409,0.942890529684323
9410,0.942990433014434
9411,0.943090336344545
9412,0.943190239674656
9413,0.943290143004767
9414,0.943390046334878
9415,0.943489949664989
9416,0.9435898529951
9417,0.943689756325211
9418,0.943789659655322
9419,0.943889562985433
9420,0.943989466315544
9421,0.944089369645655
9422,0.944189272975766
9423,0.944289176305877
9424,0.944389079635988
9425,0.944488982966099
9426,0.94458888629621
9427,0.944688789626321
9428,0.944788692956432
9429,0.944888596286543
9430,0.944988499616654
9431,0.945088402946765
9432,0.945188306276876
9433,0.945288209606987
9434,0.945388112937098
9435,0.945488016267209
9436,0.94558791959732
9437,0.945687822927431
9438,0.945787726257542
9439,0.945887629587653
9440,0.945987532917764
9441,0.946087436247875
9442,0.946187339577986
9443,0.946287242908097
9444,0.946387146238208
9445,0.946487049568319
9446,0.94658695289843
9447,0.946686856228541
9448,0.946786759558652
9449,0.946886662888763
9450,0.946986566218874
9451,0.947086469548985
9452,0.947186372879096
9453,0.947286276209207
9454,0.947386179539318
9455,0.947486082869429
9456,0.94758598619954
9457,0.947685889529651
9458,0.947785792859762
9459,0.947885696189873
9460,0.947985599519984
9461,0.948085502850095
9462,0.948185406180206
9463,0.948285309510317
9464,0.948385212840428
9465,0.948485116170539
9466,0.94858501950065
9467,0.948684922830761
9468,0.948784826160872
9469,0.948884729490983
9470,0.948984632821094
9471,0.949084536151205
9472,0.949184439481316
9473,0.949284342811427
9474,0.949384246141538
9475,0.949484149471649
9476,0.94958405280176
9477,0.949683956131871
9478,0.949783859461982
9479,0.949883762792093
9480,0.949983666122204
9481,0.950083569452315
9482,0.950183472782426
9483,0.950283376112537
9484,0.950383279442648
9485,0.950483182772759
9486,0.95058308610287
9487,0.950682989432981
9488,0.950782892763092
9489,0.950882796093203
9490,0.950982699423314
9491,0.951082602753425
9492,0.951182506083536
9493,0.951282409413647
9494,0.951382312743758
9495,0.951482216073869
9496,0.95158211940398
9497,0.951682022734091
9498,0.951781926064202
9499,0.951881829394313
9500,0.951981732724424
9501,0.952081636054535
9502,0.952181539384646
9503,0.952281442714757
9504,0.952381346044868
9505,0.952481249374979
9506,0.95258115270509
9507,0.952681056035201
9508,0.952780959365312
9509,0.952880862695423
9510,0.952980766025534
9511,0.953080669355645
9512,0.953180572685756
9513,0.953280476015867
9514,0.953380379345978
9515,0.953480282676089
9516,0.9535801860062
9517,0.953680089336312
9518,0.953779992666422
9519,0.953879895996533
9520,0.953979799326644
9521,0.954079702656755
9522,0.954179605986866
9523,0.954279509316977
9524,0.954379412647088
9525,0.954479315977199
9526,0.95457921930731
9527,0.954679122637421
9528,0.954779025967533
9529,0.954878929297643
9530,0.954978832627754
9531,0.955078735957865
9532,0.955178639287976
9533,0.955278542618088
9534,0.955378445948198
9535,0.955478349278309
9536,0.95557825260842
9537,0.955678155938532
9538,0.955778059268642
9539,0.955877962598753
9540,0.955977865928864
9541,0.956077769258975
9542,0.956177672589087
9543,0.956277575919197
9544,0.956377479249308
9545,0.956477382579419
9546,0.956577285909531
9547,0.956677189239642
9548,0.956777092569752
9549,0.956876995899863
9550,0.956976899229975
9551,0.957076802560086
9552,0.957176705890197
9553,0.957276609220307
9554,0.957376512550418
9555,0.95747641588053
9556,0.95757631921064
9557,0.957676222540752
9558,0.957776125870862
9559,0.957876029200974
9560,0.957975932531084
9561,0.958075835861195
9562,0.958175739191307
9563,0.958275642521418
9564,0.958375545851528
9565,0.95847544918164
9566,0.958575352511751
9567,0.958675255841862
9568,0.958775159171973
9569,0.958875062502083
9570,0.958974965832195
9571,0.959074869162306
9572,0.959174772492417
9573,0.959274675822527
9574,0.959374579152638
9575,0.95947448248275
9576,0.959574385812861
9577,0.959674289142972
9578,0.959774192473082
9579,0.959874095803194
9580,0.959973999133305
9581,0.960073902463416
9582,0.960173805793527
9583,0.960273709123638
9584,0.960373612453749
9585,0.96047351578386
9586,0.960573419113971
9587,0.960673322444082
9588,0.960773225774193
9589,0.960873129104304
9590,0.960973032434415
9591,0.961072935764526
9592,0.961172839094637
9593,0.961272742424748
9594,0.961372645754859
9595,0.96147254908497
9596,0.961572452415081
9597,0.961672355745192
9598,0.961772259075303
9599,0.961872162405414
9600,0.961972065735525
9601,0.962071969065636
9602,0.962171872395747
9603,0.962271775725858
9604,0.962371679055969
9605,0.96247158238608
9606,0.962571485716191
9607,0.962671389046302
9608,0.962771292376413
9609,0.962871195706524
9610,0.962971099036635
9611,0.963071002366746
9612,0.963170905696857
9613,0.963270809026968
9614,0.963370712357079
9615,0.96347061568719
9616,0.963570519017301
9617,0.963670422347412
9618,0.963770325677523
9619,0.963870229007634
9620,0.963970132337745
9621,0.964070035667856
9622,0.964169938997967
9623,0.964269842328078
9624,0.964369745658189
9625,0.9644696489883
9626,0.964569552318411
9627,0.964669455648522
9628,0.964769358978633
9629,0.964869262308744
9630,0.964969165638855
9631,0.965069068968966
9632,0.965168972299077
9633,0.965268875629188
9634,0.965368778959299
9635,0.96546868228941
9636,0.965568585619521
9637,0.965668488949632
9638,0.965768392279743
9639,0.965868295609854
9640,0.965968198939965
9641,0.966068102270076
9642,0.966168005600187
9643,0.966267908930298
9644,0.966367812260409
9645,0.96646771559052
9646,0.966567618920631
9647,0.966667522250742
9648,0.966767425580853
9649,0.966867328910964
9650,0.966967232241075
9651,0.967067135571186
9652,0.967167038901297
9653,0.967266942231408
9654,0.967366845561519
9655,0.96746674889163
9656,0.967566652221741
9657,0.967666555551852
9658,0.967766458881963
9659,0.967866362212074
9660,0.967966265542185
9661,0.968066168872296
9662,0.968166072202407
9663,0.968265975532518
9664,0.968365878862629
9665,0.96846578219274
9666,0.968565685522851
9667,0.968665588852962
9668,0.968765492183073
9669,0.968865395513184
9670,0.968965298843295
9671,0.969065202173406
9672,0.969165105503517
9673,0.969265008833628
9674,0.969364912163739
9675,0.96946481549385
9676,0.969564718823961
9677,0.969664622154072
9678,0.969764525484183
9679,0.969864428814294
9680,0.969964332144405
9681,0.970064235474516
9682,0.970164138804627
9683,0.970264042134738
9684,0.970363945464849
9685,0.97046384879496
9686,0.970563752125071
9687,0.970663655455182
9688,0.970763558785293
9689,0.970863462115404
9690,0.970963365445515
9691,0.971063268775626
9692,0.971163172105737
9693,0.971263075435848
9694,0.971362978765959
9695,0.97146288209607
9696,0.971562785426181
9697,0.971662688756292
9698,0.971762592086403
9699,0.971862495416514
9700,0.971962398746625
9701,0.972062302076736
9702,0.972162205406847
9703,0.972262108736958
9704,0.972362012067069
9705,0.97246191539718
9706,0.972561818727291
9707,0.972661722057402
9708,0.972761625387513
9709,0.972861528717624
9710,0.972961432047735
9711,0.973061335377846
9712,0.973161238707957
9713,0.973261142038068
9714,0.973361045368179
9715,0.97346094869829
9716,0.973560852028401
9717,0.973660755358512
9718,0.973760658688623
9719,0.973860562018734
9720,0.973960465348845
9721,0.974060368678956
9722,0.974160272009067
9723,0.974260175339178
9724,0.974360078669289
9725,0.9744599819994
9726,0.974559885329511
9727,0.974659788659622
9728,0.974759691989733
9729,0.974859595319844
9730,0.974959498649955
9731,0.975059401980066
9732,0.975159305310177
9733,0.975259208640288
9734,0.975359111970399
9735,0.97545901530051
9736,0.975558918630621
9737,0.975658821960732
9738,0.975758725290843
9739,0.975858628620954
9740,0.975958531951065
9741,0.976058435281176
9742,0.976158338611287
9743,0.976258241941398
9744,0.976358145271509
9745,0.97645804860162
9746,0.976557951931731
9747,0.976657855261842
9748,0.976757758591953
9749,0.976857661922064
9750,0.976957565252175
9751,0.977057468582286
9752,0.977157371912397
9753,0.977257275242508
9754,0.977357178572619
9755,0.97745708190273
9756,0.977556985232841
9757,0.977656888562952
9758,0.977756791893063
9759,0.977856695223174
9760,0.977956598553285
9761,0.978056501883396
9762,0.978156405213507
9763,0.978256308543618
9764,0.978356211873729
9765,0.97845611520384
9766,0.978556018533951
9767,0.978655921864062
9768,0.978755825194173
9769,0.978855728524284
9770,0.978955631854395
9771,0.979055535184506
9772,0.979155438514617
9773,0.979255341844728
9774,0.979355245174839
9775,0.97945514850495
9776,0.979555051835061
9777,0.979654955165172
9778,0.979754858495283
9779,0.979854761825394
9780,0.979954665155505
9781,0.980054568485616
9782,0.980154471815727
9783,0.980254375145838
9784,0.980354278475949
9785,0.98045418180606
9786,0.980554085136171
9787,0.980653988466282
9788,0.980753891796393
9789,0.980853795126504
9790,0.980953698456615
9791,0.981053601786726
9792,0.981153505116837
9793,0.981253408446948
9794,0.981353311777059
9795,0.98145321510717
9796,0.981553118437281
9797,0.981653021767393
9798,0.981752925097503
9799,0.981852828427614
9800,0.981952731757725
9801,0.982052635087836
9802,0.982152538417948
9803,0.982252441748058
9804,0.982352345078169
9805,0.98245224840828
9806,0.982552151738391
9807,0.982652055068502
9808,0.982751958398613
9809,0.982851861728724
9810,0.982951765058836
9811,0.983051668388947
9812,0.983151571719058
9813,0.983251475049168
9814,0.983351378379279
9815,0.983451281709391
9816,0.983551185039501
9817,0.983651088369613
9818,0.983750991699723
9819,0.983850895029834
9820,0.983950798359945
9821,0.984050701690056
9822,0.984150605020168
9823,0.984250508350278
9824,0.984350411680389
9825,0.984450315010501
9826,0.984550218340612
9827,0.984650121670722
9828,0.984750025000833
9829,0.984849928330944
9830,0.984949831661056
9831,0.985049734991167
9832,0.985149638321278
9833,0.985249541651388
9834,0.985349444981499
9835,0.985449348311611
9836,0.985549251641722
9837,0.985649154971832
9838,0.985749058301943
9839,0.985848961632055
9840,0.985948864962166
9841,0.986048768292277
9842,0.986148671622387
9843,0.986248574952499
9844,0.98634847828261
9845,0.986448381612721
9846,0.986548284942832
9847,0.986648188272943
9848,0.986748091603054
9849,0.986847994933165
9850,0.986947898263276
9851,0.987047801593387
9852,0.987147704923498
9853,0.987247608253609
9854,0.98734751158372
9855,0.987447414913831
9856,0.987547318243942
9857,0.987647221574053
9858,0.987747124904163
9859,0.987847028234275
9860,0.987946931564386
9861,0.988046834894497
9862,0.988146738224608
9863,0.988246641554719
9864,0.98834654488483
9865,0.988446448214941
9866,0.988546351545052
9867,0.988646254875163
9868,0.988746158205274
9869,0.988846061535385
9870,0.988945964865496
9871,0.989045868195607
9872,0.989145771525718
9873,0.989245674855829
9874,0.98934557818594
9875,0.989445481516051
9876,0.989545384846162
9877,0.989645288176273
9878,0.989745191506384
9879,0.989845094836495
9880,0.989944998166606
9881,0.990044901496717
9882,0.990144804826828
9883,0.990244708156939
9884,0.99034461148705
9885,0.990444514817161
9886,0.990544418147272
9887,0.990644321477383
9888,0.990744224807494
9889,0.990844128137605
9890,0.990944031467716
9891,0.991043934797827
9892,0.991143838127938
9893,0.991243741458049
9894,0.99134364478816
9895,0.991443548118271
9896,0.991543451448382
9897,0.991643354778493
9898,0.991743258108604
9899,0.991843161438715
9900,0.991943064768826
9901,0.992042968098937
9902,0.992142871429048
9903,0.992242774759159
9904,0.99234267808927
9905,0.992442581419381
9906,0.992542484749492
9907,0.992642388079603
9908,0.992742291409714
9909,0.992842194739825
9910,0.992942098069936
9911,0.993042001400047
9912,0.993141904730158
9913,0.993241808060269
9914,0.99334171139038
9915,0.993441614720491
9916,0.993541518050602
9917,0.993641421380713
9918,0.993741324710824
9919,0.993841228040935
9920,0.993941131371046
9921,0.994041034701157
9922,0.994140938031268
9923,0.994240841361379
9924,0.99434074469149
9925,0.994440648021601
9926,0.994540551351712
9927,0.994640454681823
9928,0.994740358011934
9929,0.994840261342045
9930,0.994940164672156
9931,0.995040068002267
9932,0.995139971332378
9933,0.995239874662489
9934,0.9953397779926
9935,0.995439681322711
9936,0.995539584652822
9937,0.995639487982933
9938,0.995739391313044
9939,0.995839294643155
9940,0.995939197973266
9941,0.996039101303377
9942,0.996139004633488
9943,0.996238907963599
9944,0.99633881129371
9945,0.996438714623821
9946,0.996538617953932
9947,0.996638521284043
9948,0.996738424614154
9949,0.996838327944265
9950,0.996938231274376
9951,0.997038134604487
9952,0.997138037934598
9953,0.997237941264709
9954,0.99733784459482
9955,0.997437747924931
9956,0.997537651255042
9957,0.997637554585153
9958,0.997737457915264
9959,0.997837361245375
9960,0.997937264575486
9961,0.998037167905597
9962,0.998137071235708
9963,0.998236974565819
9964,0.99833687789593
9965,0.998436781226041
9966,0.998536684556152
9967,0.998636587886263
9968,0.998736491216374
9969,0.998836394546485
9970,0.998936297876596
9971,0.999036201206707
9972,0.999136104536818
9973,0.999236007866929
9974,0.99933591119704
9975,0.999435814527151
9976,0.999535717857262
9977,0.999635621187373
9978,0.999735524517484
9979,0.999835427847595
9980,0.999935331177706
9981,1.00003523450782
9982,1.00013513783793
9983,1.00023504116804
9984,1.00033494449815
9985,1.00043484782826
9986,1.00053475115837
9987,1.00063465448848
9988,1.00073455781859
9989,1.00083446114871
9990,1.00093436447882
9991,1.00103426780893
9992,1.00113417113904
9993,1.00123407446915
9994,1.00133397779926
9995,1.00143388112937
9996,1.00153378445948
9997,1.00163368778959
9998,1.0017335911197
9999,1.00183349444982
10000,1.00193339777993
10001,1.00203330111004
10002,1.00213320444015
10003,1.00223310777026
10004,1.00233301110037
10005,1.00243291443048
10006,1.00253281776059
10007,1.0026327210907
10008,1.00273262442081
10009,1.00283252775093
10010,1.00293243108104
10011,1.00303233441115
10012,1.00313223774126
10013,1.00323214107137
10014,1.00333204440148
10015,1.00343194773159
10016,1.0035318510617
10017,1.00363175439181
10018,1.00373165772192
10019,1.00383156105204
10020,1.00393146438215
10021,1.00403136771226
10022,1.00413127104237
10023,1.00423117437248
10024,1.00433107770259
10025,1.0044309810327
10026,1.00453088436281
10027,1.00463078769292
10028,1.00473069102303
10029,1.00483059435315
10030,1.00493049768326
10031,1.00503040101337
10032,1.00513030434348
10033,1.00523020767359
10034,1.0053301110037
10035,1.00543001433381
10036,1.00552991766392
10037,1.00562982099403
10038,1.00572972432414
10039,1.00582962765426
10040,1.00592953098437
10041,1.00602943431448
10042,1.00612933764459
10043,1.0062292409747
10044,1.00632914430481
10045,1.00642904763492
10046,1.00652895096503
10047,1.00662885429514
10048,1.00672875762525
10049,1.00682866095537
10050,1.00692856428548
10051,1.00702846761559
10052,1.0071283709457
10053,1.00722827427581
10054,1.00732817760592
10055,1.00742808093603
10056,1.00752798426614
10057,1.00762788759625
10058,1.00772779092636
10059,1.00782769425648
10060,1.00792759758659
10061,1.0080275009167
10062,1.00812740424681
10063,1.00822730757692
10064,1.00832721090703
10065,1.00842711423714
10066,1.00852701756725
10067,1.00862692089736
10068,1.00872682422747
10069,1.00882672755759
10070,1.0089266308877
10071,1.00902653421781
10072,1.00912643754792
10073,1.00922634087803
10074,1.00932624420814
10075,1.00942614753825
10076,1.00952605086836
10077,1.00962595419847
10078,1.00972585752858
10079,1.0098257608587
10080,1.00992566418881
10081,1.01002556751892
10082,1.01012547084903
10083,1.01022537417914
10084,1.01032527750925
10085,1.01042518083936
10086,1.01052508416947
10087,1.01062498749958
10088,1.01072489082969
10089,1.01082479415981
10090,1.01092469748992
10091,1.01102460082003
10092,1.01112450415014
10093,1.01122440748025
10094,1.01132431081036
10095,1.01142421414047
10096,1.01152411747058
10097,1.01162402080069
10098,1.0117239241308
10099,1.01182382746092
10100,1.01192373079103
10101,1.01202363412114
10102,1.01212353745125
10103,1.01222344078136
10104,1.01232334411147
10105,1.01242324744158
10106,1.01252315077169
10107,1.0126230541018
10108,1.01272295743191
10109,1.01282286076203
10110,1.01292276409214
10111,1.01302266742225
10112,1.01312257075236
10113,1.01322247408247
10114,1.01332237741258
10115,1.01342228074269
10116,1.0135221840728
10117,1.01362208740291
10118,1.01372199073302
10119,1.01382189406314
10120,1.01392179739325
10121,1.01402170072336
10122,1.01412160405347
10123,1.01422150738358
10124,1.01432141071369
10125,1.0144213140438
10126,1.01452121737391
10127,1.01462112070402
10128,1.01472102403413
10129,1.01482092736425
10130,1.01492083069436
10131,1.01502073402447
10132,1.01512063735458
10133,1.01522054068469
10134,1.0153204440148
10135,1.01542034734491
10136,1.01552025067502
10137,1.01562015400513
10138,1.01572005733524
10139,1.01581996066536
10140,1.01591986399547
10141,1.01601976732558
10142,1.01611967065569
10143,1.0162195739858
10144,1.01631947731591
10145,1.01641938064602
10146,1.01651928397613
10147,1.01661918730624
10148,1.01671909063635
10149,1.01681899396647
10150,1.01691889729658
10151,1.01701880062669
10152,1.0171187039568
10153,1.01721860728691
10154,1.01731851061702
10155,1.01741841394713
10156,1.01751831727724
10157,1.01761822060735
10158,1.01771812393746
10159,1.01781802726758
10160,1.01791793059769
10161,1.0180178339278
10162,1.01811773725791
10163,1.01821764058802
10164,1.01831754391813
10165,1.01841744724824
10166,1.01851735057835
10167,1.01861725390846
10168,1.01871715723857
10169,1.01881706056869
10170,1.0189169638988
10171,1.01901686722891
10172,1.01911677055902
10173,1.01921667388913
10174,1.01931657721924
10175,1.01941648054935
10176,1.01951638387946
10177,1.01961628720957
10178,1.01971619053968
10179,1.0198160938698
10180,1.01991599719991
10181,1.02001590053002
10182,1.02011580386013
10183,1.02021570719024
10184,1.02031561052035
10185,1.02041551385046
10186,1.02051541718057
10187,1.02061532051068
10188,1.02071522384079
10189,1.02081512717091
10190,1.02091503050102
10191,1.02101493383113
10192,1.02111483716124
10193,1.02121474049135
10194,1.02131464382146
10195,1.02141454715157
10196,1.02151445048168
10197,1.02161435381179
10198,1.0217142571419
10199,1.02181416047202
10200,1.02191406380213
10201,1.02201396713224
10202,1.02211387046235
10203,1.02221377379246
10204,1.02231367712257
10205,1.02241358045268
10206,1.02251348378279
10207,1.0226133871129
10208,1.02271329044301
10209,1.02281319377313
10210,1.02291309710324
10211,1.02301300043335
10212,1.02311290376346
10213,1.02321280709357
10214,1.02331271042368
10215,1.02341261375379
10216,1.0235125170839
10217,1.02361242041401
10218,1.02371232374413
10219,1.02381222707424
10220,1.02391213040435
10221,1.02401203373446
10222,1.02411193706457
10223,1.02421184039468
10224,1.02431174372479
10225,1.0244116470549
10226,1.02451155038501
10227,1.02461145371512
10228,1.02471135704524
10229,1.02481126037535
10230,1.02491116370546
10231,1.02501106703557
10232,1.02511097036568
10233,1.02521087369579
10234,1.0253107770259
10235,1.02541068035601
10236,1.02551058368612
10237,1.02561048701623
10238,1.02571039034635
10239,1.02581029367646
10240,1.02591019700657
10241,1.02601010033668
10242,1.02611000366679
10243,1.0262099069969
10244,1.02630981032701
10245,1.02640971365712
10246,1.02650961698723
10247,1.02660952031734
10248,1.02670942364746
10249,1.02680932697757
10250,1.02690923030768
10251,1.02700913363779
10252,1.0271090369679
10253,1.02720894029801
10254,1.02730884362812
10255,1.02740874695823
10256,1.02750865028834
10257,1.02760855361845
10258,1.02770845694857
10259,1.02780836027868
10260,1.02790826360879
10261,1.0280081669389
10262,1.02810807026901
10263,1.02820797359912
10264,1.02830787692923
10265,1.02840778025934
10266,1.02850768358945
10267,1.02860758691956
10268,1.02870749024968
10269,1.02880739357979
10270,1.0289072969099
10271,1.02900720024001
10272,1.02910710357012
10273,1.02920700690023
10274,1.02930691023034
10275,1.02940681356045
10276,1.02950671689056
10277,1.02960662022067
10278,1.02970652355079
10279,1.0298064268809
10280,1.02990633021101
10281,1.03000623354112
10282,1.03010613687123
10283,1.03020604020134
10284,1.03030594353145
10285,1.03040584686156
10286,1.03050575019167
10287,1.03060565352178
10288,1.0307055568519
10289,1.03080546018201
10290,1.03090536351212
10291,1.03100526684223
10292,1.03110517017234
10293,1.03120507350245
10294,1.03130497683256
10295,1.03140488016267
10296,1.03150478349278
10297,1.03160468682289
10298,1.03170459015301
10299,1.03180449348312
10300,1.03190439681323
10301,1.03200430014334
10302,1.03210420347345
10303,1.03220410680356
10304,1.03230401013367
10305,1.03240391346378
10306,1.03250381679389
10307,1.032603720124
10308,1.03270362345412
10309,1.03280352678423
10310,1.03290343011434
10311,1.03300333344445
10312,1.03310323677456
10313,1.03320314010467
10314,1.03330304343478
10315,1.03340294676489
10316,1.033502850095
10317,1.03360275342511
10318,1.03370265675523
10319,1.03380256008534
10320,1.03390246341545
10321,1.03400236674556
10322,1.03410227007567
10323,1.03420217340578
10324,1.03430207673589
10325,1.034401980066
10326,1.03450188339611
10327,1.03460178672622
10328,1.03470169005634
10329,1.03480159338645
10330,1.03490149671656
10331,1.03500140004667
10332,1.03510130337678
10333,1.03520120670689
10334,1.035301110037
10335,1.03540101336711
10336,1.03550091669722
10337,1.03560082002733
10338,1.03570072335745
10339,1.03580062668756
10340,1.03590053001767
10341,1.03600043334778
10342,1.03610033667789
10343,1.036200240008
10344,1.03630014333811
10345,1.03640004666822
10346,1.03649994999833
10347,1.03659985332844
10348,1.03669975665856
10349,1.03679965998867
10350,1.03689956331878
10351,1.03699946664889
10352,1.037099369979
10353,1.03719927330911
10354,1.03729917663922
10355,1.03739907996933
10356,1.03749898329944
10357,1.03759888662955
10358,1.03769878995967
10359,1.03779869328978
10360,1.03789859661989
10361,1.03799849995
10362,1.03809840328011
10363,1.03819830661022
10364,1.03829820994033
10365,1.03839811327044
10366,1.03849801660055
10367,1.03859791993066
10368,1.03869782326078
10369,1.03879772659089
10370,1.038897629921
10371,1.03899753325111
10372,1.03909743658122
10373,1.03919733991133
10374,1.03929724324144
10375,1.03939714657155
10376,1.03949704990166
10377,1.03959695323177
10378,1.03969685656189
10379,1.039796759892
10380,1.03989666322211
10381,1.03999656655222
10382,1.04009646988233
10383,1.04019637321244
10384,1.04029627654255
10385,1.04039617987266
10386,1.04049608320277
10387,1.04059598653288
10388,1.040695889863
10389,1.04079579319311
10390,1.04089569652322
10391,1.04099559985333
10392,1.04109550318344
10393,1.04119540651355
10394,1.04129530984366
10395,1.04139521317377
10396,1.04149511650388
10397,1.04159501983399
10398,1.04169492316411
10399,1.04179482649422
10400,1.04189472982433
10401,1.04199463315444
10402,1.04209453648455
10403,1.04219443981466
10404,1.04229434314477
10405,1.04239424647488
10406,1.04249414980499
10407,1.0425940531351
10408,1.04269395646522
10409,1.04279385979533
10410,1.04289376312544
10411,1.04299366645555
10412,1.04309356978566
10413,1.04319347311577
10414,1.04329337644588
10415,1.04339327977599
10416,1.0434931831061
10417,1.04359308643621
10418,1.04369298976633
10419,1.04379289309644
10420,1.04389279642655
10421,1.04399269975666
10422,1.04409260308677
10423,1.04419250641688
10424,1.04429240974699
10425,1.0443923130771
10426,1.04449221640721
10427,1.04459211973732
10428,1.04469202306744
10429,1.04479192639755
10430,1.04489182972766
10431,1.04499173305777
10432,1.04509163638788
10433,1.04519153971799
10434,1.0452914430481
10435,1.04539134637821
10436,1.04549124970832
10437,1.04559115303843
10438,1.04569105636855
10439,1.04579095969866
10440,1.04589086302877
10441,1.04599076635888
10442,1.04609066968899
10443,1.0461905730191
10444,1.04629047634921
10445,1.04639037967932
10446,1.04649028300943
10447,1.04659018633954
10448,1.04669008966966
10449,1.04678999299977
10450,1.04688989632988
10451,1.04698979965999
10452,1.0470897029901
10453,1.04718960632021
10454,1.04728950965032
10455,1.04738941298043
10456,1.04748931631054
10457,1.04758921964065
10458,1.04768912297077
10459,1.04778902630088
10460,1.04788892963099
10461,1.0479888329611
10462,1.04808873629121
10463,1.04818863962132
10464,1.04828854295143
10465,1.04838844628154
10466,1.04848834961165
10467,1.04858825294176
10468,1.04868815627188
10469,1.04878805960199
10470,1.0488879629321
10471,1.04898786626221
10472,1.04908776959232
10473,1.04918767292243
10474,1.04928757625254
10475,1.04938747958265
10476,1.04948738291276
10477,1.04958728624288
10478,1.04968718957299
10479,1.0497870929031
10480,1.04988699623321
10481,1.04998689956332
10482,1.05008680289343
10483,1.05018670622354
10484,1.05028660955365
10485,1.05038651288376
10486,1.05048641621387
10487,1.05058631954399
10488,1.0506862228741
10489,1.05078612620421
10490,1.05088602953432
10491,1.05098593286443
10492,1.05108583619454
10493,1.05118573952465
10494,1.05128564285476
10495,1.05138554618487
10496,1.05148544951498
10497,1.05158535284509
10498,1.05168525617521
10499,1.05178515950532
10500,1.05188506283543
10501,1.05198496616554
10502,1.05208486949565
10503,1.05218477282576
10504,1.05228467615587
10505,1.05238457948598
10506,1.05248448281609
10507,1.0525843861462
10508,1.05268428947632
10509,1.05278419280643
10510,1.05288409613654
10511,1.05298399946665
10512,1.05308390279676
10513,1.05318380612687
10514,1.05328370945698
10515,1.05338361278709
10516,1.0534835161172
10517,1.05358341944732
10518,1.05368332277743
10519,1.05378322610754
10520,1.05388312943765
10521,1.05398303276776
10522,1.05408293609787
10523,1.05418283942798
10524,1.05428274275809
10525,1.0543826460882
10526,1.05448254941831
10527,1.05458245274843
10528,1.05468235607854
10529,1.05478225940865
10530,1.05488216273876
10531,1.05498206606887
10532,1.05508196939898
10533,1.05518187272909
10534,1.0552817760592
10535,1.05538167938931
10536,1.05548158271942
10537,1.05558148604954
10538,1.05568138937965
10539,1.05578129270976
10540,1.05588119603987
10541,1.05598109936998
10542,1.05608100270009
10543,1.0561809060302
10544,1.05628080936031
10545,1.05638071269042
10546,1.05648061602053
10547,1.05658051935065
10548,1.05668042268076
10549,1.05678032601087
10550,1.05688022934098
10551,1.05698013267109
10552,1.0570800360012
10553,1.05717993933131
10554,1.05727984266142
10555,1.05737974599153
10556,1.05747964932164
10557,1.05757955265176
10558,1.05767945598187
10559,1.05777935931198
10560,1.05787926264209
10561,1.0579791659722
10562,1.05807906930231
10563,1.05817897263242
10564,1.05827887596253
10565,1.05837877929264
10566,1.05847868262275
10567,1.05857858595287
10568,1.05867848928298
10569,1.05877839261309
10570,1.0588782959432
10571,1.05897819927331
10572,1.05907810260342
10573,1.05917800593353
10574,1.05927790926364
10575,1.05937781259375
10576,1.05947771592386
10577,1.05957761925398
10578,1.05967752258409
10579,1.0597774259142
10580,1.05987732924431
10581,1.05997723257442
10582,1.06007713590453
10583,1.06017703923464
10584,1.06027694256475
10585,1.06037684589486
10586,1.06047674922497
10587,1.06057665255509
10588,1.0606765558852
10589,1.06077645921531
10590,1.06087636254542
10591,1.06097626587553
10592,1.06107616920564
10593,1.06117607253575
10594,1.06127597586586
10595,1.06137587919597
10596,1.06147578252608
10597,1.0615756858562
10598,1.06167558918631
10599,1.06177549251642
10600,1.06187539584653
10601,1.06197529917664
10602,1.06207520250675
10603,1.06217510583686
10604,1.06227500916697
10605,1.06237491249708
10606,1.06247481582719
10607,1.06257471915731
10608,1.06267462248742
10609,1.06277452581753
10610,1.06287442914764
10611,1.06297433247775
10612,1.06307423580786
10613,1.06317413913797
10614,1.06327404246808
10615,1.06337394579819
10616,1.0634738491283
10617,1.06357375245842
10618,1.06367365578853
10619,1.06377355911864
10620,1.06387346244875
10621,1.06397336577886
10622,1.06407326910897
10623,1.06417317243908
10624,1.06427307576919
10625,1.0643729790993
10626,1.06447288242941
10627,1.06457278575953
10628,1.06467268908964
10629,1.06477259241975
10630,1.06487249574986
10631,1.06497239907997
10632,1.06507230241008
10633,1.06517220574019
10634,1.0652721090703
10635,1.06537201240041
10636,1.06547191573052
10637,1.06557181906064
10638,1.06567172239075
10639,1.06577162572086
10640,1.06587152905097
10641,1.06597143238108
10642,1.06607133571119
10643,1.0661712390413
10644,1.06627114237141
10645,1.06637104570152
10646,1.06647094903163
10647,1.06657085236175
10648,1.06667075569186
10649,1.06677065902197
10650,1.06687056235208
10651,1.06697046568219
10652,1.0670703690123
10653,1.06717027234241
10654,1.06727017567252
10655,1.06737007900263
10656,1.06746998233274
10657,1.06756988566286
10658,1.06766978899297
10659,1.06776969232308
10660,1.06786959565319
10661,1.0679694989833
10662,1.06806940231341
10663,1.06816930564352
10664,1.06826920897363
10665,1.06836911230374
10666,1.06846901563385
10667,1.06856891896397
10668,1.06866882229408
10669,1.06876872562419
10670,1.0688686289543
10671,1.06896853228441
10672,1.06906843561452
10673,1.06916833894463
10674,1.06926824227474
10675,1.06936814560485
10676,1.06946804893496
10677,1.06956795226508
10678,1.06966785559519
10679,1.0697677589253
10680,1.06986766225541
10681,1.06996756558552
10682,1.07006746891563
10683,1.07016737224574
10684,1.07026727557585
10685,1.07036717890596
10686,1.07046708223607
10687,1.07056698556619
10688,1.0706668888963
10689,1.07076679222641
10690,1.07086669555652
10691,1.07096659888663
10692,1.07106650221674
10693,1.07116640554685
10694,1.07126630887696
10695,1.07136621220707
10696,1.07146611553718
10697,1.0715660188673
10698,1.07166592219741
10699,1.07176582552752
10700,1.07186572885763
10701,1.07196563218774
10702,1.07206553551785
10703,1.07216543884796
10704,1.07226534217807
10705,1.07236524550818
10706,1.07246514883829
10707,1.07256505216841
10708,1.07266495549852
10709,1.07276485882863
10710,1.07286476215874
10711,1.07296466548885
10712,1.07306456881896
10713,1.07316447214907
10714,1.07326437547918
10715,1.07336427880929
10716,1.0734641821394
10717,1.07356408546952
10718,1.07366398879963
10719,1.07376389212974
10720,1.07386379545985
10721,1.07396369878996
10722,1.07406360212007
10723,1.07416350545018
10724,1.07426340878029
10725,1.0743633121104
10726,1.07446321544051
10727,1.07456311877063
10728,1.07466302210074
10729,1.07476292543085
10730,1.07486282876096
10731,1.07496273209107
10732,1.07506263542118
10733,1.07516253875129
10734,1.0752624420814
10735,1.07536234541151
10736,1.07546224874162
10737,1.07556215207174
10738,1.07566205540185
10739,1.07576195873196
10740,1.07586186206207
10741,1.07596176539218
10742,1.07606166872229
10743,1.0761615720524
10744,1.07626147538251
10745,1.07636137871262
10746,1.07646128204273
10747,1.07656118537285
10748,1.07666108870296
10749,1.07676099203307
10750,1.07686089536318
10751,1.07696079869329
10752,1.0770607020234
10753,1.07716060535351
10754,1.07726050868362
10755,1.07736041201373
10756,1.07746031534385
10757,1.07756021867396
10758,1.07766012200407
10759,1.07776002533418
10760,1.07785992866429
10761,1.0779598319944
10762,1.07805973532451
10763,1.07815963865462
10764,1.07825954198473
10765,1.07835944531484
10766,1.07845934864495
10767,1.07855925197507
10768,1.07865915530518
10769,1.07875905863529
10770,1.0788589619654
10771,1.07895886529551
10772,1.07905876862562
10773,1.07915867195573
10774,1.07925857528584
10775,1.07935847861595
10776,1.07945838194607
10777,1.07955828527618
10778,1.07965818860629
10779,1.0797580919364
10780,1.07985799526651
10781,1.07995789859662
10782,1.08005780192673
10783,1.08015770525684
10784,1.08025760858695
10785,1.08035751191706
10786,1.08045741524718
10787,1.08055731857729
10788,1.0806572219074
10789,1.08075712523751
10790,1.08085702856762
10791,1.08095693189773
10792,1.08105683522784
10793,1.08115673855795
10794,1.08125664188806
10795,1.08135654521817
10796,1.08145644854829
10797,1.0815563518784
10798,1.08165625520851
10799,1.08175615853862
10800,1.08185606186873
10801,1.08195596519884
10802,1.08205586852895
10803,1.08215577185906
10804,1.08225567518917
10805,1.08235557851928
10806,1.0824554818494
10807,1.08255538517951
10808,1.08265528850962
10809,1.08275519183973
10810,1.08285509516984
10811,1.08295499849995
10812,1.08305490183006
10813,1.08315480516017
10814,1.08325470849028
10815,1.08335461182039
10816,1.08345451515051
10817,1.08355441848062
10818,1.08365432181073
10819,1.08375422514084
10820,1.08385412847095
10821,1.08395403180106
10822,1.08405393513117
10823,1.08415383846128
10824,1.08425374179139
10825,1.0843536451215
10826,1.08445354845162
10827,1.08455345178173
10828,1.08465335511184
10829,1.08475325844195
10830,1.08485316177206
10831,1.08495306510217
10832,1.08505296843228
10833,1.08515287176239
10834,1.0852527750925
10835,1.08535267842261
10836,1.08545258175273
10837,1.08555248508284
10838,1.08565238841295
10839,1.08575229174306
10840,1.08585219507317
10841,1.08595209840328
10842,1.08605200173339
10843,1.0861519050635
10844,1.08625180839361
10845,1.08635171172372
10846,1.08645161505384
10847,1.08655151838395
10848,1.08665142171406
10849,1.08675132504417
10850,1.08685122837428
10851,1.08695113170439
10852,1.0870510350345
10853,1.08715093836461
10854,1.08725084169472
10855,1.08735074502483
10856,1.08745064835495
10857,1.08755055168506
10858,1.08765045501517
10859,1.08775035834528
10860,1.08785026167539
10861,1.0879501650055
10862,1.08805006833561
10863,1.08814997166572
10864,1.08824987499583
10865,1.08834977832594
10866,1.08844968165606
10867,1.08854958498617
10868,1.08864948831628
10869,1.08874939164639
10870,1.0888492949765
10871,1.08894919830661
10872,1.08904910163672
10873,1.08914900496683
10874,1.08924890829694
10875,1.08934881162705
10876,1.08944871495717
10877,1.08954861828728
10878,1.08964852161739
10879,1.0897484249475
10880,1.08984832827761
10881,1.08994823160772
10882,1.09004813493783
10883,1.09014803826794
10884,1.09024794159805
10885,1.09034784492816
10886,1.09044774825828
10887,1.09054765158839
10888,1.0906475549185
10889,1.09074745824861
10890,1.09084736157872
10891,1.09094726490883
10892,1.09104716823894
10893,1.09114707156905
10894,1.09124697489916
10895,1.09134687822927
10896,1.09144678155939
10897,1.0915466848895
10898,1.09164658821961
10899,1.09174649154972
10900,1.09184639487983
10901,1.09194629820994
10902,1.09204620154005
10903,1.09214610487016
10904,1.09224600820027
10905,1.09234591153038
10906,1.0924458148605
10907,1.09254571819061
10908,1.09264562152072
10909,1.09274552485083
10910,1.09284542818094
10911,1.09294533151105
10912,1.09304523484116
10913,1.09314513817127
10914,1.09324504150138
10915,1.09334494483149
10916,1.09344484816161
10917,1.09354475149172
10918,1.09364465482183
10919,1.09374455815194
10920,1.09384446148205
10921,1.09394436481216
10922,1.09404426814227
10923,1.09414417147238
10924,1.09424407480249
10925,1.0943439781326
10926,1.09444388146272
10927,1.09454378479283
10928,1.09464368812294
10929,1.09474359145305
10930,1.09484349478316
10931,1.09494339811327
10932,1.09504330144338
10933,1.09514320477349
10934,1.0952431081036
10935,1.09534301143371
10936,1.09544291476383
10937,1.09554281809394
10938,1.09564272142405
10939,1.09574262475416
10940,1.09584252808427
10941,1.09594243141438
10942,1.09604233474449
10943,1.0961422380746
10944,1.09624214140471
10945,1.09634204473482
10946,1.09644194806494
10947,1.09654185139505
10948,1.09664175472516
10949,1.09674165805527
10950,1.09684156138538
10951,1.09694146471549
10952,1.0970413680456
10953,1.09714127137571
10954,1.09724117470582
10955,1.09734107803593
10956,1.09744098136605
10957,1.09754088469616
10958,1.09764078802627
10959,1.09774069135638
10960,1.09784059468649
10961,1.0979404980166
10962,1.09804040134671
10963,1.09814030467682
10964,1.09824020800693
10965,1.09834011133704
10966,1.09844001466716
10967,1.09853991799727
10968,1.09863982132738
10969,1.09873972465749
10970,1.0988396279876
10971,1.09893953131771
10972,1.09903943464782
10973,1.09913933797793
10974,1.09923924130804
10975,1.09933914463815
10976,1.09943904796827
10977,1.09953895129838
10978,1.09963885462849
10979,1.0997387579586
10980,1.09983866128871
10981,1.09993856461882
10982,1.10003846794893
10983,1.10013837127904
10984,1.10023827460915
10985,1.10033817793926
10986,1.10043808126938
10987,1.10053798459949
10988,1.1006378879296
10989,1.10073779125971
10990,1.10083769458982
10991,1.10093759791993
10992,1.10103750125004
10993,1.10113740458015
10994,1.10123730791026
10995,1.10133721124037
10996,1.10143711457049
10997,1.1015370179006
10998,1.10163692123071
10999,1.10173682456082
11000,1.10183672789093
11001,1.10193663122104
11002,1.10203653455115
11003,1.10213643788126
11004,1.10223634121137
11005,1.10233624454148
11006,1.1024361478716
11007,1.10253605120171
11008,1.10263595453182
11009,1.10273585786193
11010,1.10283576119204
11011,1.10293566452215
11012,1.10303556785226
11013,1.10313547118237
11014,1.10323537451248
11015,1.10333527784259
11016,1.10343518117271
11017,1.10353508450282
11018,1.10363498783293
11019,1.10373489116304
11020,1.10383479449315
11021,1.10393469782326
11022,1.10403460115337
11023,1.10413450448348
11024,1.10423440781359
11025,1.1043343111437
11026,1.10443421447382
11027,1.10453411780393
11028,1.10463402113404
11029,1.10473392446415
11030,1.10483382779426
11031,1.10493373112437
11032,1.10503363445448
11033,1.10513353778459
11034,1.1052334411147
11035,1.10533334444482
11036,1.10543324777493
11037,1.10553315110504
11038,1.10563305443515
11039,1.10573295776526
11040,1.10583286109537
11041,1.10593276442548
11042,1.10603266775559
11043,1.1061325710857
11044,1.10623247441581
11045,1.10633237774593
11046,1.10643228107604
11047,1.10653218440615
11048,1.10663208773626
11049,1.10673199106637
11050,1.10683189439648
11051,1.10693179772659
11052,1.1070317010567
11053,1.10713160438681
11054,1.10723150771692
11055,1.10733141104703
11056,1.10743131437715
11057,1.10753121770726
11058,1.10763112103737
11059,1.10773102436748
11060,1.10783092769759
11061,1.1079308310277
11062,1.10803073435781
11063,1.10813063768792
11064,1.10823054101803
11065,1.10833044434815
11066,1.10843034767826
11067,1.10853025100837
11068,1.10863015433848
11069,1.10873005766859
11070,1.1088299609987
11071,1.10892986432881
11072,1.10902976765892
11073,1.10912967098903
11074,1.10922957431914
11075,1.10932947764926
11076,1.10942938097937
11077,1.10952928430948
11078,1.10962918763959
11079,1.1097290909697
11080,1.10982899429981
11081,1.10992889762992
11082,1.11002880096003
11083,1.11012870429014
11084,1.11022860762025
11085,1.11032851095037
11086,1.11042841428048
11087,1.11052831761059
11088,1.1106282209407
11089,1.11072812427081
11090,1.11082802760092
11091,1.11092793093103
11092,1.11102783426114
11093,1.11112773759125
11094,1.11122764092136
11095,1.11132754425148
11096,1.11142744758159
11097,1.1115273509117
11098,1.11162725424181
11099,1.11172715757192
11100,1.11182706090203
11101,1.11192696423214
11102,1.11202686756225
11103,1.11212677089236
11104,1.11222667422247
11105,1.11232657755259
11106,1.1124264808827
11107,1.11252638421281
11108,1.11262628754292
11109,1.11272619087303
11110,1.11282609420314
11111,1.11292599753325
11112,1.11302590086336
11113,1.11312580419347
11114,1.11322570752358
11115,1.1133256108537
11116,1.11342551418381
11117,1.11352541751392
11118,1.11362532084403
11119,1.11372522417414
11120,1.11382512750425
11121,1.11392503083436
11122,1.11402493416447
11123,1.11412483749458
11124,1.11422474082469
11125,1.11432464415481
11126,1.11442454748492
11127,1.11452445081503
11128,1.11462435414514
11129,1.11472425747525
11130,1.11482416080536
11131,1.11492406413547
11132,1.11502396746558
11133,1.11512387079569
11134,1.1152237741258
11135,1.11532367745592
11136,1.11542358078603
11137,1.11552348411614
11138,1.11562338744625
11139,1.11572329077636
11140,1.11582319410647
11141,1.11592309743658
11142,1.11602300076669
11143,1.1161229040968
11144,1.11622280742691
11145,1.11632271075703
11146,1.11642261408714
11147,1.11652251741725
11148,1.11662242074736
11149,1.11672232407747
11150,1.11682222740758
11151,1.11692213073769
11152,1.1170220340678
11153,1.11712193739791
11154,1.11722184072802
11155,1.11732174405814
11156,1.11742164738825
11157,1.11752155071836
11158,1.11762145404847
11159,1.11772135737858
11160,1.11782126070869
11161,1.1179211640388
11162,1.11802106736891
11163,1.11812097069902
11164,1.11822087402913
11165,1.11832077735925
11166,1.11842068068936
11167,1.11852058401947
11168,1.11862048734958
11169,1.11872039067969
11170,1.1188202940098
11171,1.11892019733991
11172,1.11902010067002
11173,1.11912000400013
11174,1.11921990733024
11175,1.11931981066036
11176,1.11941971399047
11177,1.11951961732058
11178,1.11961952065069
11179,1.1197194239808
11180,1.11981932731091
11181,1.11991923064102
11182,1.12001913397113
11183,1.12011903730124
11184,1.12021894063135
11185,1.12031884396147
11186,1.12041874729158
11187,1.12051865062169
11188,1.1206185539518
11189,1.12071845728191
11190,1.12081836061202
11191,1.12091826394213
11192,1.12101816727224
11193,1.12111807060235
11194,1.12121797393246
11195,1.12131787726258
11196,1.12141778059269
11197,1.1215176839228
11198,1.12161758725291
11199,1.12171749058302
11200,1.12181739391313
11201,1.12191729724324
11202,1.12201720057335
11203,1.12211710390346
11204,1.12221700723357
11205,1.12231691056369
11206,1.1224168138938
11207,1.12251671722391
11208,1.12261662055402
11209,1.12271652388413
11210,1.12281642721424
11211,1.12291633054435
11212,1.12301623387446
11213,1.12311613720457
11214,1.12321604053468
11215,1.1233159438648
11216,1.12341584719491
11217,1.12351575052502
11218,1.12361565385513
11219,1.12371555718524
11220,1.12381546051535
11221,1.12391536384546
11222,1.12401526717557
11223,1.12411517050568
11224,1.12421507383579
11225,1.12431497716591
11226,1.12441488049602
11227,1.12451478382613
11228,1.12461468715624
11229,1.12471459048635
11230,1.12481449381646
11231,1.12491439714657
11232,1.12501430047668
11233,1.12511420380679
11234,1.1252141071369
11235,1.12531401046702
11236,1.12541391379713
11237,1.12551381712724
11238,1.12561372045735
11239,1.12571362378746
11240,1.12581352711757
11241,1.12591343044768
11242,1.12601333377779
11243,1.1261132371079
11244,1.12621314043801
11245,1.12631304376813
11246,1.12641294709824
11247,1.12651285042835
11248,1.12661275375846
11249,1.12671265708857
11250,1.12681256041868
11251,1.12691246374879
11252,1.1270123670789
11253,1.12711227040901
11254,1.12721217373912
11255,1.12731207706924
11256,1.12741198039935
11257,1.12751188372946
11258,1.12761178705957
11259,1.12771169038968
11260,1.12781159371979
11261,1.1279114970499
11262,1.12801140038001
11263,1.12811130371012
11264,1.12821120704023
11265,1.12831111037035
11266,1.12841101370046
11267,1.12851091703057
11268,1.12861082036068
11269,1.12871072369079
11270,1.1288106270209
11271,1.12891053035101
11272,1.12901043368112
11273,1.12911033701123
11274,1.12921024034134
11275,1.12931014367146
11276,1.12941004700157
11277,1.12950995033168
11278,1.12960985366179
11279,1.1297097569919
11280,1.12980966032201
11281,1.12990956365212
11282,1.13000946698223
11283,1.13010937031234
11284,1.13020927364245
11285,1.13030917697257
11286,1.13040908030268
11287,1.13050898363279
11288,1.1306088869629
11289,1.13070879029301
11290,1.13080869362312
11291,1.13090859695323
11292,1.13100850028334
11293,1.13110840361345
11294,1.13120830694356
11295,1.13130821027368
11296,1.13140811360379
11297,1.1315080169339
11298,1.13160792026401
11299,1.13170782359412
11300,1.13180772692423
11301,1.13190763025434
11302,1.13200753358445
11303,1.13210743691456
11304,1.13220734024468
11305,1.13230724357479
11306,1.1324071469049
11307,1.13250705023501
11308,1.13260695356512
11309,1.13270685689523
11310,1.13280676022534
11311,1.13290666355545
11312,1.13300656688556
11313,1.13310647021567
11314,1.13320637354579
11315,1.1333062768759
11316,1.13340618020601
11317,1.13350608353612
11318,1.13360598686623
11319,1.13370589019634
11320,1.13380579352645
11321,1.13390569685656
11322,1.13400560018667
11323,1.13410550351678
11324,1.13420540684689
11325,1.13430531017701
11326,1.13440521350712
11327,1.13450511683723
11328,1.13460502016734
11329,1.13470492349745
11330,1.13480482682756
11331,1.13490473015767
11332,1.13500463348778
11333,1.13510453681789
11334,1.13520444014801
11335,1.13530434347812
11336,1.13540424680823
11337,1.13550415013834
11338,1.13560405346845
11339,1.13570395679856
11340,1.13580386012867
11341,1.13590376345878
11342,1.13600366678889
11343,1.136103570119
11344,1.13620347344912
11345,1.13630337677923
11346,1.13640328010934
11347,1.13650318343945
11348,1.13660308676956
11349,1.13670299009967
11350,1.13680289342978
11351,1.13690279675989
11352,1.13700270009
11353,1.13710260342011
11354,1.13720250675023
11355,1.13730241008034
11356,1.13740231341045
11357,1.13750221674056
11358,1.13760212007067
11359,1.13770202340078
11360,1.13780192673089
11361,1.137901830061
11362,1.13800173339111
11363,1.13810163672122
11364,1.13820154005134
11365,1.13830144338145
11366,1.13840134671156
11367,1.13850125004167
11368,1.13860115337178
11369,1.13870105670189
11370,1.138800960032
11371,1.13890086336211
11372,1.13900076669222
11373,1.13910067002233
11374,1.13920057335245
11375,1.13930047668256
11376,1.13940038001267
11377,1.13950028334278
11378,1.13960018667289
11379,1.139700090003
11380,1.13979999333311
11381,1.13989989666322
11382,1.13999979999333
11383,1.14009970332344
11384,1.14019960665356
11385,1.14029950998367
11386,1.14039941331378
11387,1.14049931664389
11388,1.140599219974
11389,1.14069912330411
11390,1.14079902663422
11391,1.14089892996433
11392,1.14099883329444
11393,1.14109873662455
11394,1.14119863995467
11395,1.14129854328478
11396,1.14139844661489
11397,1.141498349945
11398,1.14159825327511
11399,1.14169815660522
11400,1.14179805993533
11401,1.14189796326544
11402,1.14199786659555
11403,1.14209776992566
11404,1.14219767325578
11405,1.14229757658589
11406,1.142397479916
11407,1.14249738324611
11408,1.14259728657622
11409,1.14269718990633
11410,1.14279709323644
11411,1.14289699656655
11412,1.14299689989666
11413,1.14309680322677
11414,1.14319670655689
11415,1.143296609887
11416,1.14339651321711
11417,1.14349641654722
11418,1.14359631987733
11419,1.14369622320744
11420,1.14379612653755
11421,1.14389602986766
11422,1.14399593319777
11423,1.14409583652788
11424,1.144195739858
11425,1.14429564318811
11426,1.14439554651822
11427,1.14449544984833
11428,1.14459535317844
11429,1.14469525650855
11430,1.14479515983866
11431,1.14489506316877
11432,1.14499496649888
11433,1.14509486982899
11434,1.14519477315911
11435,1.14529467648922
11436,1.14539457981933
11437,1.14549448314944
11438,1.14559438647955
11439,1.14569428980966
11440,1.14579419313977
11441,1.14589409646988
11442,1.14599399979999
11443,1.1460939031301
11444,1.14619380646022
11445,1.14629370979033
11446,1.14639361312044
11447,1.14649351645055
11448,1.14659341978066
11449,1.14669332311077
11450,1.14679322644088
11451,1.14689312977099
11452,1.1469930331011
11453,1.14709293643121
11454,1.14719283976133
11455,1.14729274309144
11456,1.14739264642155
11457,1.14749254975166
11458,1.14759245308177
11459,1.14769235641188
11460,1.14779225974199
11461,1.1478921630721
11462,1.14799206640221
11463,1.14809196973232
11464,1.14819187306244
11465,1.14829177639255
11466,1.14839167972266
11467,1.14849158305277
11468,1.14859148638288
11469,1.14869138971299
11470,1.1487912930431
11471,1.14889119637321
11472,1.14899109970332
11473,1.14909100303343
11474,1.14919090636355
11475,1.14929080969366
11476,1.14939071302377
11477,1.14949061635388
11478,1.14959051968399
11479,1.1496904230141
11480,1.14979032634421
11481,1.14989022967432
11482,1.14999013300443
11483,1.15009003633454
11484,1.15018993966466
11485,1.15028984299477
11486,1.15038974632488
11487,1.15048964965499
11488,1.1505895529851
11489,1.15068945631521
11490,1.15078935964532
11491,1.15088926297543
11492,1.15098916630554
11493,1.15108906963565
11494,1.15118897296577
11495,1.15128887629588
11496,1.15138877962599
11497,1.1514886829561
11498,1.15158858628621
11499,1.15168848961632
11500,1.15178839294643
11501,1.15188829627654
11502,1.15198819960665
11503,1.15208810293676
11504,1.15218800626688
11505,1.15228790959699
11506,1.1523878129271
11507,1.15248771625721
11508,1.15258761958732
11509,1.15268752291743
11510,1.15278742624754
11511,1.15288732957765
11512,1.15298723290776
11513,1.15308713623787
11514,1.15318703956799
11515,1.1532869428981
11516,1.15338684622821
11517,1.15348674955832
11518,1.15358665288843
11519,1.15368655621854
11520,1.15378645954865
11521,1.15388636287876
11522,1.15398626620887
11523,1.15408616953898
11524,1.1541860728691
11525,1.15428597619921
11526,1.15438587952932
11527,1.15448578285943
11528,1.15458568618954
11529,1.15468558951965
11530,1.15478549284976
11531,1.15488539617987
11532,1.15498529950998
11533,1.15508520284009
11534,1.15518510617021
11535,1.15528500950032
11536,1.15538491283043
11537,1.15548481616054
11538,1.15558471949065
11539,1.15568462282076
11540,1.15578452615087
11541,1.15588442948098
11542,1.15598433281109
11543,1.1560842361412
11544,1.15618413947132
11545,1.15628404280143
11546,1.15638394613154
11547,1.15648384946165
11548,1.15658375279176
11549,1.15668365612187
11550,1.15678355945198
11551,1.15688346278209
11552,1.1569833661122
11553,1.15708326944231
11554,1.15718317277243
11555,1.15728307610254
11556,1.15738297943265
11557,1.15748288276276
11558,1.15758278609287
11559,1.15768268942298
11560,1.15778259275309
11561,1.1578824960832
11562,1.15798239941331
11563,1.15808230274342
11564,1.15818220607354
11565,1.15828210940365
11566,1.15838201273376
11567,1.15848191606387
11568,1.15858181939398
11569,1.15868172272409
11570,1.1587816260542
11571,1.15888152938431
11572,1.15898143271442
11573,1.15908133604454
11574,1.15918123937465
11575,1.15928114270476
11576,1.15938104603487
11577,1.15948094936498
11578,1.15958085269509
11579,1.1596807560252
11580,1.15978065935531
11581,1.15988056268542
11582,1.15998046601553
11583,1.16008036934564
11584,1.16018027267576
11585,1.16028017600587
11586,1.16038007933598
11587,1.16047998266609
11588,1.1605798859962
11589,1.16067978932631
11590,1.16077969265642
11591,1.16087959598653
11592,1.16097949931664
11593,1.16107940264676
11594,1.16117930597687
11595,1.16127920930698
11596,1.16137911263709
11597,1.1614790159672
11598,1.16157891929731
11599,1.16167882262742
11600,1.16177872595753
11601,1.16187862928764
11602,1.16197853261775
11603,1.16207843594787
11604,1.16217833927798
11605,1.16227824260809
11606,1.1623781459382
11607,1.16247804926831
11608,1.16257795259842
11609,1.16267785592853
11610,1.16277775925864
11611,1.16287766258875
11612,1.16297756591886
11613,1.16307746924898
11614,1.16317737257909
11615,1.1632772759092
11616,1.16337717923931
11617,1.16347708256942
11618,1.16357698589953
11619,1.16367688922964
11620,1.16377679255975
11621,1.16387669588986
11622,1.16397659921997
11623,1.16407650255009
11624,1.1641764058802
11625,1.16427630921031
11626,1.16437621254042
11627,1.16447611587053
11628,1.16457601920064
11629,1.16467592253075
11630,1.16477582586086
11631,1.16487572919097
11632,1.16497563252108
11633,1.1650755358512
11634,1.16517543918131
11635,1.16527534251142
11636,1.16537524584153
11637,1.16547514917164
11638,1.16557505250175
11639,1.16567495583186
11640,1.16577485916197
11641,1.16587476249208
11642,1.16597466582219
11643,1.16607456915231
11644,1.16617447248242
11645,1.16627437581253
11646,1.16637427914264
11647,1.16647418247275
11648,1.16657408580286
11649,1.16667398913297
11650,1.16677389246308
11651,1.16687379579319
11652,1.1669736991233
11653,1.16707360245342
11654,1.16717350578353
11655,1.16727340911364
11656,1.16737331244375
11657,1.16747321577386
11658,1.16757311910397
11659,1.16767302243408
11660,1.16777292576419
11661,1.1678728290943
11662,1.16797273242441
11663,1.16807263575453
11664,1.16817253908464
11665,1.16827244241475
11666,1.16837234574486
11667,1.16847224907497
11668,1.16857215240508
11669,1.16867205573519
11670,1.1687719590653
11671,1.16887186239541
11672,1.16897176572552
11673,1.16907166905564
11674,1.16917157238575
11675,1.16927147571586
11676,1.16937137904597
11677,1.16947128237608
11678,1.16957118570619
11679,1.1696710890363
11680,1.16977099236641
11681,1.16987089569652
11682,1.16997079902663
11683,1.17007070235675
11684,1.17017060568686
11685,1.17027050901697
11686,1.17037041234708
11687,1.17047031567719
11688,1.1705702190073
11689,1.17067012233741
11690,1.17077002566752
11691,1.17086992899763
11692,1.17096983232774
11693,1.17106973565786
11694,1.17116963898797
11695,1.17126954231808
11696,1.17136944564819
11697,1.1714693489783
11698,1.17156925230841
11699,1.17166915563852
11700,1.17176905896863
11701,1.17186896229874
11702,1.17196886562885
11703,1.17206876895897
11704,1.17216867228908
11705,1.17226857561919
11706,1.1723684789493
11707,1.17246838227941
11708,1.17256828560952
11709,1.17266818893963
11710,1.17276809226974
11711,1.17286799559985
11712,1.17296789892996
11713,1.17306780226008
11714,1.17316770559019
11715,1.1732676089203
11716,1.17336751225041
11717,1.17346741558052
11718,1.17356731891063
11719,1.17366722224074
11720,1.17376712557085
11721,1.17386702890096
11722,1.17396693223107
11723,1.17406683556119
11724,1.1741667388913
11725,1.17426664222141
11726,1.17436654555152
11727,1.17446644888163
11728,1.17456635221174
11729,1.17466625554185
11730,1.17476615887196
11731,1.17486606220207
11732,1.17496596553218
11733,1.1750658688623
11734,1.17516577219241
11735,1.17526567552252
11736,1.17536557885263
11737,1.17546548218274
11738,1.17556538551285
11739,1.17566528884296
11740,1.17576519217307
11741,1.17586509550318
11742,1.17596499883329
11743,1.17606490216341
11744,1.17616480549352
11745,1.17626470882363
11746,1.17636461215374
11747,1.17646451548385
11748,1.17656441881396
11749,1.17666432214407
11750,1.17676422547418
11751,1.17686412880429
11752,1.1769640321344
11753,1.17706393546452
11754,1.17716383879463
11755,1.17726374212474
11756,1.17736364545485
11757,1.17746354878496
11758,1.17756345211507
11759,1.17766335544518
11760,1.17776325877529
11761,1.1778631621054
11762,1.17796306543551
11763,1.17806296876563
11764,1.17816287209574
11765,1.17826277542585
11766,1.17836267875596
11767,1.17846258208607
11768,1.17856248541618
11769,1.17866238874629
11770,1.1787622920764
11771,1.17886219540651
11772,1.17896209873662
11773,1.17906200206674
11774,1.17916190539685
11775,1.17926180872696
11776,1.17936171205707
11777,1.17946161538718
11778,1.17956151871729
11779,1.1796614220474
11780,1.17976132537751
11781,1.17986122870762
11782,1.17996113203773
11783,1.18006103536785
11784,1.18016093869796
11785,1.18026084202807
11786,1.18036074535818
11787,1.18046064868829
11788,1.1805605520184
11789,1.18066045534851
11790,1.18076035867862
11791,1.18086026200873
11792,1.18096016533884
11793,1.18106006866896
11794,1.18115997199907
11795,1.18125987532918
11796,1.18135977865929
11797,1.1814596819894
11798,1.18155958531951
11799,1.18165948864962
11800,1.18175939197973
11801,1.18185929530984
11802,1.18195919863995
11803,1.18205910197007
11804,1.18215900530018
11805,1.18225890863029
11806,1.1823588119604
11807,1.18245871529051
11808,1.18255861862062
11809,1.18265852195073
11810,1.18275842528084
11811,1.18285832861095
11812,1.18295823194106
11813,1.18305813527118
11814,1.18315803860129
11815,1.1832579419314
11816,1.18335784526151
11817,1.18345774859162
11818,1.18355765192173
11819,1.18365755525184
11820,1.18375745858195
11821,1.18385736191206
11822,1.18395726524217
11823,1.18405716857229
11824,1.1841570719024
11825,1.18425697523251
11826,1.18435687856262
11827,1.18445678189273
11828,1.18455668522284
11829,1.18465658855295
11830,1.18475649188306
11831,1.18485639521317
11832,1.18495629854328
11833,1.1850562018734
11834,1.18515610520351
11835,1.18525600853362
11836,1.18535591186373
11837,1.18545581519384
11838,1.18555571852395
11839,1.18565562185406
11840,1.18575552518417
11841,1.18585542851428
11842,1.18595533184439
11843,1.18605523517451
11844,1.18615513850462
11845,1.18625504183473
11846,1.18635494516484
11847,1.18645484849495
11848,1.18655475182506
11849,1.18665465515517
11850,1.18675455848528
11851,1.18685446181539
11852,1.18695436514551
11853,1.18705426847562
11854,1.18715417180573
11855,1.18725407513584
11856,1.18735397846595
11857,1.18745388179606
11858,1.18755378512617
11859,1.18765368845628
11860,1.18775359178639
11861,1.1878534951165
11862,1.18795339844662
11863,1.18805330177673
11864,1.18815320510684
11865,1.18825310843695
11866,1.18835301176706
11867,1.18845291509717
11868,1.18855281842728
11869,1.18865272175739
11870,1.1887526250875
11871,1.18885252841761
11872,1.18895243174773
11873,1.18905233507784
11874,1.18915223840795
11875,1.18925214173806
11876,1.18935204506817
11877,1.18945194839828
11878,1.18955185172839
11879,1.1896517550585
11880,1.18975165838861
11881,1.18985156171872
11882,1.18995146504883
11883,1.19005136837895
11884,1.19015127170906
11885,1.19025117503917
11886,1.19035107836928
11887,1.19045098169939
11888,1.1905508850295
11889,1.19065078835961
11890,1.19075069168972
11891,1.19085059501983
11892,1.19095049834995
11893,1.19105040168006
11894,1.19115030501017
11895,1.19125020834028
11896,1.19135011167039
11897,1.1914500150005
11898,1.19154991833061
11899,1.19164982166072
11900,1.19174972499083
11901,1.19184962832094
11902,1.19194953165106
11903,1.19204943498117
11904,1.19214933831128
11905,1.19224924164139
11906,1.1923491449715
11907,1.19244904830161
11908,1.19254895163172
11909,1.19264885496183
11910,1.19274875829194
11911,1.19284866162205
11912,1.19294856495217
11913,1.19304846828228
11914,1.19314837161239
11915,1.1932482749425
11916,1.19334817827261
11917,1.19344808160272
11918,1.19354798493283
11919,1.19364788826294
11920,1.19374779159305
11921,1.19384769492316
11922,1.19394759825328
11923,1.19404750158339
11924,1.1941474049135
11925,1.19424730824361
11926,1.19434721157372
11927,1.19444711490383
11928,1.19454701823394
11929,1.19464692156405
11930,1.19474682489416
11931,1.19484672822427
11932,1.19494663155439
11933,1.1950465348845
11934,1.19514643821461
11935,1.19524634154472
11936,1.19534624487483
11937,1.19544614820494
11938,1.19554605153505
11939,1.19564595486516
11940,1.19574585819527
11941,1.19584576152538
11942,1.1959456648555
11943,1.19604556818561
11944,1.19614547151572
11945,1.19624537484583
11946,1.19634527817594
11947,1.19644518150605
11948,1.19654508483616
11949,1.19664498816627
11950,1.19674489149638
11951,1.19684479482649
11952,1.19694469815661
11953,1.19704460148672
11954,1.19714450481683
11955,1.19724440814694
11956,1.19734431147705
11957,1.19744421480716
11958,1.19754411813727
11959,1.19764402146738
11960,1.19774392479749
11961,1.1978438281276
11962,1.19794373145772
11963,1.19804363478783
11964,1.19814353811794
11965,1.19824344144805
11966,1.19834334477816
11967,1.19844324810827
11968,1.19854315143838
11969,1.19864305476849
11970,1.1987429580986
11971,1.19884286142871
11972,1.19894276475883
11973,1.19904266808894
11974,1.19914257141905
11975,1.19924247474916
11976,1.19934237807927
11977,1.19944228140938
11978,1.19954218473949
11979,1.1996420880696
11980,1.19974199139971
11981,1.19984189472982
11982,1.19994179805994
11983,1.20004170139005
11984,1.20014160472016
11985,1.20024150805027
11986,1.20034141138038
11987,1.20044131471049
11988,1.2005412180406
11989,1.20064112137071
11990,1.20074102470082
11991,1.20084092803093
11992,1.20094083136105
11993,1.20104073469116
11994,1.20114063802127
11995,1.20124054135138
11996,1.20134044468149
11997,1.2014403480116
11998,1.20154025134171
11999,1.20164015467182
12000,1.20174005800193
12001,1.20183996133204
12002,1.20193986466216
12003,1.20203976799227
12004,1.20213967132238
12005,1.20223957465249
12006,1.2023394779826
12007,1.20243938131271
12008,1.20253928464282
12009,1.20263918797293
12010,1.20273909130304
12011,1.20283899463315
12012,1.20293889796327
12013,1.20303880129338
12014,1.20313870462349
12015,1.2032386079536
12016,1.20333851128371
12017,1.20343841461382
12018,1.20353831794393
12019,1.20363822127404
12020,1.20373812460415
12021,1.20383802793426
12022,1.20393793126438
12023,1.20403783459449
12024,1.2041377379246
12025,1.20423764125471
12026,1.20433754458482
12027,1.20443744791493
12028,1.20453735124504
12029,1.20463725457515
12030,1.20473715790526
12031,1.20483706123537
12032,1.20493696456549
12033,1.2050368678956
12034,1.20513677122571
12035,1.20523667455582
12036,1.20533657788593
12037,1.20543648121604
12038,1.20553638454615
12039,1.20563628787626
12040,1.20573619120637
12041,1.20583609453648
12042,1.2059359978666
12043,1.20603590119671
12044,1.20613580452682
12045,1.20623570785693
12046,1.20633561118704
12047,1.20643551451715
12048,1.20653541784726
12049,1.20663532117737
12050,1.20673522450748
12051,1.20683512783759
12052,1.20693503116771
12053,1.20703493449782
12054,1.20713483782793
12055,1.20723474115804
12056,1.20733464448815
12057,1.20743454781826
12058,1.20753445114837
12059,1.20763435447848
12060,1.20773425780859
12061,1.2078341611387
12062,1.20793406446882
12063,1.20803396779893
12064,1.20813387112904
12065,1.20823377445915
12066,1.20833367778926
12067,1.20843358111937
12068,1.20853348444948
12069,1.20863338777959
12070,1.2087332911097
12071,1.20883319443981
12072,1.20893309776993
12073,1.20903300110004
12074,1.20913290443015
12075,1.20923280776026
12076,1.20933271109037
12077,1.20943261442048
12078,1.20953251775059
12079,1.2096324210807
12080,1.20973232441081
12081,1.20983222774092
12082,1.20993213107104
12083,1.21003203440115
12084,1.21013193773126
12085,1.21023184106137
12086,1.21033174439148
12087,1.21043164772159
12088,1.2105315510517
12089,1.21063145438181
12090,1.21073135771192
12091,1.21083126104203
12092,1.21093116437215
12093,1.21103106770226
12094,1.21113097103237
12095,1.21123087436248
12096,1.21133077769259
12097,1.2114306810227
12098,1.21153058435281
12099,1.21163048768292
12100,1.21173039101303
12101,1.21183029434314
12102,1.21193019767326
12103,1.21203010100337
12104,1.21213000433348
12105,1.21222990766359
12106,1.2123298109937
12107,1.21242971432381
12108,1.21252961765392
12109,1.21262952098403
12110,1.21272942431414
12111,1.21282932764425
12112,1.21292923097437
12113,1.21302913430448
12114,1.21312903763459
12115,1.2132289409647
12116,1.21332884429481
12117,1.21342874762492
12118,1.21352865095503
12119,1.21362855428514
12120,1.21372845761525
12121,1.21382836094537
12122,1.21392826427548
12123,1.21402816760559
12124,1.2141280709357
12125,1.21422797426581
12126,1.21432787759592
12127,1.21442778092603
12128,1.21452768425614
12129,1.21462758758625
12130,1.21472749091636
12131,1.21482739424648
12132,1.21492729757659
12133,1.2150272009067
12134,1.21512710423681
12135,1.21522700756692
12136,1.21532691089703
12137,1.21542681422714
12138,1.21552671755725
12139,1.21562662088736
12140,1.21572652421747
12141,1.21582642754758
12142,1.2159263308777
12143,1.21602623420781
12144,1.21612613753792
12145,1.21622604086803
12146,1.21632594419814
12147,1.21642584752825
12148,1.21652575085836
12149,1.21662565418847
12150,1.21672555751858
12151,1.2168254608487
12152,1.21692536417881
12153,1.21702526750892
12154,1.21712517083903
12155,1.21722507416914
12156,1.21732497749925
12157,1.21742488082936
12158,1.21752478415947
12159,1.21762468748958
12160,1.21772459081969
12161,1.21782449414981
12162,1.21792439747992
12163,1.21802430081003
12164,1.21812420414014
12165,1.21822410747025
12166,1.21832401080036
12167,1.21842391413047
12168,1.21852381746058
12169,1.21862372079069
12170,1.2187236241208
12171,1.21882352745092
12172,1.21892343078103
12173,1.21902333411114
12174,1.21912323744125
12175,1.21922314077136
12176,1.21932304410147
12177,1.21942294743158
12178,1.21952285076169
12179,1.2196227540918
12180,1.21972265742191
12181,1.21982256075203
12182,1.21992246408214
12183,1.22002236741225
12184,1.22012227074236
12185,1.22022217407247
12186,1.22032207740258
12187,1.22042198073269
12188,1.2205218840628
12189,1.22062178739291
12190,1.22072169072302
12191,1.22082159405314
12192,1.22092149738325
12193,1.22102140071336
12194,1.22112130404347
12195,1.22122120737358
12196,1.22132111070369
12197,1.2214210140338
12198,1.22152091736391
12199,1.22162082069402
12200,1.22172072402413
12201,1.22182062735425
12202,1.22192053068436
12203,1.22202043401447
12204,1.22212033734458
12205,1.22222024067469
12206,1.2223201440048
12207,1.22242004733491
12208,1.22251995066502
12209,1.22261985399513
12210,1.22271975732524
12211,1.22281966065536
12212,1.22291956398547
12213,1.22301946731558
12214,1.22311937064569
12215,1.2232192739758
12216,1.22331917730591
12217,1.22341908063602
12218,1.22351898396613
12219,1.22361888729624
12220,1.22371879062635
12221,1.22381869395647
12222,1.22391859728658
12223,1.22401850061669
12224,1.2241184039468
12225,1.22421830727691
12226,1.22431821060702
12227,1.22441811393713
12228,1.22451801726724
12229,1.22461792059735
12230,1.22471782392746
12231,1.22481772725758
12232,1.22491763058769
12233,1.2250175339178
12234,1.22511743724791
12235,1.22521734057802
12236,1.22531724390813
12237,1.22541714723824
12238,1.22551705056835
12239,1.22561695389846
12240,1.22571685722857
12241,1.22581676055869
12242,1.2259166638888
12243,1.22601656721891
12244,1.22611647054902
12245,1.22621637387913
12246,1.22631627720924
12247,1.22641618053935
12248,1.22651608386946
12249,1.22661598719957
12250,1.22671589052968
12251,1.2268157938598
12252,1.22691569718991
12253,1.22701560052002
12254,1.22711550385013
12255,1.22721540718024
12256,1.22731531051035
12257,1.22741521384046
12258,1.22751511717057
12259,1.22761502050068
12260,1.22771492383079
12261,1.22781482716091
12262,1.22791473049102
12263,1.22801463382113
12264,1.22811453715124
12265,1.22821444048135
12266,1.22831434381146
12267,1.22841424714157
12268,1.22851415047168
12269,1.22861405380179
12270,1.2287139571319
12271,1.22881386046202
12272,1.22891376379213
12273,1.22901366712224
12274,1.22911357045235
12275,1.22921347378246
12276,1.22931337711257
12277,1.22941328044268
12278,1.22951318377279
12279,1.2296130871029
12280,1.22971299043301
12281,1.22981289376313
12282,1.22991279709324
12283,1.23001270042335
12284,1.23011260375346
12285,1.23021250708357
12286,1.23031241041368
12287,1.23041231374379
12288,1.2305122170739
12289,1.23061212040401
12290,1.23071202373412
12291,1.23081192706424
12292,1.23091183039435
12293,1.23101173372446
12294,1.23111163705457
12295,1.23121154038468
12296,1.23131144371479
12297,1.2314113470449
12298,1.23151125037501
12299,1.23161115370512
12300,1.23171105703523
12301,1.23181096036535
12302,1.23191086369546
12303,1.23201076702557
12304,1.23211067035568
12305,1.23221057368579
12306,1.2323104770159
12307,1.23241038034601
12308,1.23251028367612
12309,1.23261018700623
12310,1.23271009033634
12311,1.23280999366646
12312,1.23290989699657
12313,1.23300980032668
12314,1.23310970365679
12315,1.2332096069869
12316,1.23330951031701
12317,1.23340941364712
12318,1.23350931697723
12319,1.23360922030734
12320,1.23370912363745
12321,1.23380902696757
12322,1.23390893029768
12323,1.23400883362779
12324,1.2341087369579
12325,1.23420864028801
12326,1.23430854361812
12327,1.23440844694823
12328,1.23450835027834
12329,1.23460825360845
12330,1.23470815693856
12331,1.23480806026868
12332,1.23490796359879
12333,1.2350078669289
12334,1.23510777025901
12335,1.23520767358912
12336,1.23530757691923
12337,1.23540748024934
12338,1.23550738357945
12339,1.23560728690956
12340,1.23570719023968
12341,1.23580709356979
12342,1.2359069968999
12343,1.23600690023001
12344,1.23610680356012
12345,1.23620670689023
12346,1.23630661022034
12347,1.23640651355045
12348,1.23650641688056
12349,1.23660632021067
12350,1.23670622354078
12351,1.2368061268709
12352,1.23690603020101
12353,1.23700593353112
12354,1.23710583686123
12355,1.23720574019134
12356,1.23730564352145
12357,1.23740554685156
12358,1.23750545018167
12359,1.23760535351178
12360,1.23770525684189
12361,1.23780516017201
12362,1.23790506350212
12363,1.23800496683223
12364,1.23810487016234
12365,1.23820477349245
12366,1.23830467682256
12367,1.23840458015267
12368,1.23850448348278
12369,1.23860438681289
12370,1.238704290143
12371,1.23880419347312
12372,1.23890409680323
12373,1.23900400013334
12374,1.23910390346345
12375,1.23920380679356
12376,1.23930371012367
12377,1.23940361345378
12378,1.23950351678389
12379,1.239603420114
12380,1.23970332344411
12381,1.23980322677423
12382,1.23990313010434
12383,1.24000303343445
12384,1.24010293676456
12385,1.24020284009467
12386,1.24030274342478
12387,1.24040264675489
12388,1.240502550085
12389,1.24060245341511
12390,1.24070235674522
12391,1.24080226007534
12392,1.24090216340545
12393,1.24100206673556
12394,1.24110197006567
12395,1.24120187339578
12396,1.24130177672589
12397,1.241401680056
12398,1.24150158338611
12399,1.24160148671622
12400,1.24170139004634
12401,1.24180129337645
12402,1.24190119670656
12403,1.24200110003667
12404,1.24210100336678
12405,1.24220090669689
12406,1.242300810027
12407,1.24240071335711
12408,1.24250061668722
12409,1.24260052001733
12410,1.24270042334745
12411,1.24280032667756
12412,1.24290023000767
12413,1.24300013333778
12414,1.24310003666789
12415,1.243199939998
12416,1.24329984332811
12417,1.24339974665822
12418,1.24349964998833
12419,1.24359955331844
12420,1.24369945664856
12421,1.24379935997867
12422,1.24389926330878
12423,1.24399916663889
12424,1.244099069969
12425,1.24419897329911
12426,1.24429887662922
12427,1.24439877995933
12428,1.24449868328944
12429,1.24459858661955
12430,1.24469848994966
12431,1.24479839327978
12432,1.24489829660989
12433,1.24499819994
12434,1.24509810327011
12435,1.24519800660022
12436,1.24529790993033
12437,1.24539781326044
12438,1.24549771659055
12439,1.24559761992066
12440,1.24569752325078
12441,1.24579742658089
12442,1.245897329911
12443,1.24599723324111
12444,1.24609713657122
12445,1.24619703990133
12446,1.24629694323144
12447,1.24639684656155
12448,1.24649674989166
12449,1.24659665322177
12450,1.24669655655189
12451,1.246796459882
12452,1.24689636321211
12453,1.24699626654222
12454,1.24709616987233
12455,1.24719607320244
12456,1.24729597653255
12457,1.24739587986266
12458,1.24749578319277
12459,1.24759568652288
12460,1.247695589853
12461,1.24779549318311
12462,1.24789539651322
12463,1.24799529984333
12464,1.24809520317344
12465,1.24819510650355
12466,1.24829500983366
12467,1.24839491316377
12468,1.24849481649388
12469,1.24859471982399
12470,1.24869462315411
12471,1.24879452648422
12472,1.24889442981433
12473,1.24899433314444
12474,1.24909423647455
12475,1.24919413980466
12476,1.24929404313477
12477,1.24939394646488
12478,1.24949384979499
12479,1.2495937531251
12480,1.24969365645522
12481,1.24979355978533
12482,1.24989346311544
12483,1.24999336644555
12484,1.25009326977566
12485,1.25019317310577
12486,1.25029307643588
12487,1.25039297976599
12488,1.2504928830961
12489,1.25059278642621
12490,1.25069268975633
12491,1.25079259308644
12492,1.25089249641655
12493,1.25099239974666
12494,1.25109230307677
12495,1.25119220640688
12496,1.25129210973699
12497,1.2513920130671
12498,1.25149191639721
12499,1.25159181972732
12500,1.25169172305744
12501,1.25179162638755
12502,1.25189152971766
12503,1.25199143304777
12504,1.25209133637788
12505,1.25219123970799
12506,1.2522911430381
12507,1.25239104636821
12508,1.25249094969832
12509,1.25259085302843
12510,1.25269075635855
12511,1.25279065968866
12512,1.25289056301877
12513,1.25299046634888
12514,1.25309036967899
12515,1.2531902730091
12516,1.25329017633921
12517,1.25339007966932
12518,1.25348998299943
12519,1.25358988632954
12520,1.25368978965966
12521,1.25378969298977
12522,1.25388959631988
12523,1.25398949964999
12524,1.2540894029801
12525,1.25418930631021
12526,1.25428920964032
12527,1.25438911297043
12528,1.25448901630054
12529,1.25458891963065
12530,1.25468882296077
12531,1.25478872629088
12532,1.25488862962099
12533,1.2549885329511
12534,1.25508843628121
12535,1.25518833961132
12536,1.25528824294143
12537,1.25538814627154
12538,1.25548804960165
12539,1.25558795293176
12540,1.25568785626188
12541,1.25578775959199
12542,1.2558876629221
12543,1.25598756625221
12544,1.25608746958232
12545,1.25618737291243
12546,1.25628727624254
12547,1.25638717957265
12548,1.25648708290276
12549,1.25658698623287
12550,1.25668688956299
12551,1.2567867928931
12552,1.25688669622321
12553,1.25698659955332
12554,1.25708650288343
12555,1.25718640621354
12556,1.25728630954365
12557,1.25738621287376
12558,1.25748611620387
12559,1.25758601953398
12560,1.2576859228641
12561,1.25778582619421
12562,1.25788572952432
12563,1.25798563285443
12564,1.25808553618454
12565,1.25818543951465
12566,1.25828534284476
12567,1.25838524617487
12568,1.25848514950498
12569,1.25858505283509
12570,1.25868495616521
12571,1.25878485949532
12572,1.25888476282543
12573,1.25898466615554
12574,1.25908456948565
12575,1.25918447281576
12576,1.25928437614587
12577,1.25938427947598
12578,1.25948418280609
12579,1.2595840861362
12580,1.25968398946632
12581,1.25978389279643
12582,1.25988379612654
12583,1.25998369945665
12584,1.26008360278676
12585,1.26018350611687
12586,1.26028340944698
12587,1.26038331277709
12588,1.2604832161072
12589,1.26058311943731
12590,1.26068302276743
12591,1.26078292609754
12592,1.26088282942765
12593,1.26098273275776
12594,1.26108263608787
12595,1.26118253941798
12596,1.26128244274809
12597,1.2613823460782
12598,1.26148224940831
12599,1.26158215273842
12600,1.26168205606854
12601,1.26178195939865
12602,1.26188186272876
12603,1.26198176605887
12604,1.26208166938898
12605,1.26218157271909
12606,1.2622814760492
12607,1.26238137937931
12608,1.26248128270942
12609,1.26258118603954
12610,1.26268108936965
12611,1.26278099269976
12612,1.26288089602987
12613,1.26298079935998
12614,1.26308070269009
12615,1.2631806060202
12616,1.26328050935031
12617,1.26338041268042
12618,1.26348031601053
12619,1.26358021934064
12620,1.26368012267076
12621,1.26378002600087
12622,1.26387992933098
12623,1.26397983266109
12624,1.2640797359912
12625,1.26417963932131
12626,1.26427954265142
12627,1.26437944598153
12628,1.26447934931164
12629,1.26457925264175
12630,1.26467915597187
12631,1.26477905930198
12632,1.26487896263209
12633,1.2649788659622
12634,1.26507876929231
12635,1.26517867262242
12636,1.26527857595253
12637,1.26537847928264
12638,1.26547838261275
12639,1.26557828594287
12640,1.26567818927298
12641,1.26577809260309
12642,1.2658779959332
12643,1.26597789926331
12644,1.26607780259342
12645,1.26617770592353
12646,1.26627760925364
12647,1.26637751258375
12648,1.26647741591386
12649,1.26657731924398
12650,1.26667722257409
12651,1.2667771259042
12652,1.26687702923431
12653,1.26697693256442
12654,1.26707683589453
12655,1.26717673922464
12656,1.26727664255475
12657,1.26737654588486
12658,1.26747644921497
12659,1.26757635254508
12660,1.2676762558752
12661,1.26777615920531
12662,1.26787606253542
12663,1.26797596586553
12664,1.26807586919564
12665,1.26817577252575
12666,1.26827567585586
12667,1.26837557918597
12668,1.26847548251608
12669,1.2685753858462
12670,1.26867528917631
12671,1.26877519250642
12672,1.26887509583653
12673,1.26897499916664
12674,1.26907490249675
12675,1.26917480582686
12676,1.26927470915697
12677,1.26937461248708
12678,1.26947451581719
12679,1.26957441914731
12680,1.26967432247742
12681,1.26977422580753
12682,1.26987412913764
12683,1.26997403246775
12684,1.27007393579786
12685,1.27017383912797
12686,1.27027374245808
12687,1.27037364578819
12688,1.2704735491183
12689,1.27057345244842
12690,1.27067335577853
12691,1.27077325910864
12692,1.27087316243875
12693,1.27097306576886
12694,1.27107296909897
12695,1.27117287242908
12696,1.27127277575919
12697,1.2713726790893
12698,1.27147258241941
12699,1.27157248574952
12700,1.27167238907964
12701,1.27177229240975
12702,1.27187219573986
12703,1.27197209906997
12704,1.27207200240008
12705,1.27217190573019
12706,1.2722718090603
12707,1.27237171239041
12708,1.27247161572052
12709,1.27257151905064
12710,1.27267142238075
12711,1.27277132571086
12712,1.27287122904097
12713,1.27297113237108
12714,1.27307103570119
12715,1.2731709390313
12716,1.27327084236141
12717,1.27337074569152
12718,1.27347064902163
12719,1.27357055235175
12720,1.27367045568186
12721,1.27377035901197
12722,1.27387026234208
12723,1.27397016567219
12724,1.2740700690023
12725,1.27416997233241
12726,1.27426987566252
12727,1.27436977899263
12728,1.27446968232274
12729,1.27456958565286
12730,1.27466948898297
12731,1.27476939231308
12732,1.27486929564319
12733,1.2749691989733
12734,1.27506910230341
12735,1.27516900563352
12736,1.27526890896363
12737,1.27536881229374
12738,1.27546871562385
12739,1.27556861895397
12740,1.27566852228408
12741,1.27576842561419
12742,1.2758683289443
12743,1.27596823227441
12744,1.27606813560452
12745,1.27616803893463
12746,1.27626794226474
12747,1.27636784559485
12748,1.27646774892496
12749,1.27656765225508
12750,1.27666755558519
12751,1.2767674589153
12752,1.27686736224541
12753,1.27696726557552
12754,1.27706716890563
12755,1.27716707223574
12756,1.27726697556585
12757,1.27736687889596
12758,1.27746678222607
12759,1.27756668555619
12760,1.2776665888863
12761,1.27776649221641
12762,1.27786639554652
12763,1.27796629887663
12764,1.27806620220674
12765,1.27816610553685
12766,1.27826600886696
12767,1.27836591219707
12768,1.27846581552718
12769,1.2785657188573
12770,1.27866562218741
12771,1.27876552551752
12772,1.27886542884763
12773,1.27896533217774
12774,1.27906523550785
12775,1.27916513883796
12776,1.27926504216807
12777,1.27936494549818
12778,1.27946484882829
12779,1.27956475215841
12780,1.27966465548852
12781,1.27976455881863
12782,1.27986446214874
12783,1.27996436547885
12784,1.28006426880896
12785,1.28016417213907
12786,1.28026407546918
12787,1.28036397879929
12788,1.2804638821294
12789,1.28056378545952
12790,1.28066368878963
12791,1.28076359211974
12792,1.28086349544985
12793,1.28096339877996
12794,1.28106330211007
12795,1.28116320544018
12796,1.28126310877029
12797,1.2813630121004
12798,1.28146291543051
12799,1.28156281876063
12800,1.28166272209074
12801,1.28176262542085
12802,1.28186252875096
12803,1.28196243208107
12804,1.28206233541118
12805,1.28216223874129
12806,1.2822621420714
12807,1.28236204540151
12808,1.28246194873162
12809,1.28256185206174
12810,1.28266175539185
12811,1.28276165872196
12812,1.28286156205207
12813,1.28296146538218
12814,1.28306136871229
12815,1.2831612720424
12816,1.28326117537251
12817,1.28336107870262
12818,1.28346098203273
12819,1.28356088536285
12820,1.28366078869296
12821,1.28376069202307
12822,1.28386059535318
12823,1.28396049868329
12824,1.2840604020134
12825,1.28416030534351
12826,1.28426020867362
12827,1.28436011200373
12828,1.28446001533384
12829,1.28455991866396
12830,1.28465982199407
12831,1.28475972532418
12832,1.28485962865429
12833,1.2849595319844
12834,1.28505943531451
12835,1.28515933864462
12836,1.28525924197473
12837,1.28535914530484
12838,1.28545904863495
12839,1.28555895196507
12840,1.28565885529518
12841,1.28575875862529
12842,1.2858586619554
12843,1.28595856528551
12844,1.28605846861562
12845,1.28615837194573
12846,1.28625827527584
12847,1.28635817860595
12848,1.28645808193606
12849,1.28655798526618
12850,1.28665788859629
12851,1.2867577919264
12852,1.28685769525651
12853,1.28695759858662
12854,1.28705750191673
12855,1.28715740524684
12856,1.28725730857695
12857,1.28735721190706
12858,1.28745711523717
12859,1.28755701856729
12860,1.2876569218974
12861,1.28775682522751
12862,1.28785672855762
12863,1.28795663188773
12864,1.28805653521784
12865,1.28815643854795
12866,1.28825634187806
12867,1.28835624520817
12868,1.28845614853828
12869,1.2885560518684
12870,1.28865595519851
12871,1.28875585852862
12872,1.28885576185873
12873,1.28895566518884
12874,1.28905556851895
12875,1.28915547184906
12876,1.28925537517917
12877,1.28935527850928
12878,1.28945518183939
12879,1.28955508516951
12880,1.28965498849962
12881,1.28975489182973
12882,1.28985479515984
12883,1.28995469848995
12884,1.29005460182006
12885,1.29015450515017
12886,1.29025440848028
12887,1.29035431181039
12888,1.2904542151405
12889,1.29055411847062
12890,1.29065402180073
12891,1.29075392513084
12892,1.29085382846095
12893,1.29095373179106
12894,1.29105363512117
12895,1.29115353845128
12896,1.29125344178139
12897,1.2913533451115
12898,1.29145324844162
12899,1.29155315177173
12900,1.29165305510184
12901,1.29175295843195
12902,1.29185286176206
12903,1.29195276509217
12904,1.29205266842228
12905,1.29215257175239
12906,1.2922524750825
12907,1.29235237841261
12908,1.29245228174272
12909,1.29255218507284
12910,1.29265208840295
12911,1.29275199173306
12912,1.29285189506317
12913,1.29295179839328
12914,1.29305170172339
12915,1.2931516050535
12916,1.29325150838361
12917,1.29335141171372
12918,1.29345131504384
12919,1.29355121837395
12920,1.29365112170406
12921,1.29375102503417
12922,1.29385092836428
12923,1.29395083169439
12924,1.2940507350245
12925,1.29415063835461
12926,1.29425054168472
12927,1.29435044501483
12928,1.29445034834495
12929,1.29455025167506
12930,1.29465015500517
12931,1.29475005833528
12932,1.29484996166539
12933,1.2949498649955
12934,1.29504976832561
12935,1.29514967165572
12936,1.29524957498583
12937,1.29534947831594
12938,1.29544938164606
12939,1.29554928497617
12940,1.29564918830628
12941,1.29574909163639
12942,1.2958489949665
12943,1.29594889829661
12944,1.29604880162672
12945,1.29614870495683
12946,1.29624860828694
12947,1.29634851161705
12948,1.29644841494717
12949,1.29654831827728
12950,1.29664822160739
12951,1.2967481249375
12952,1.29684802826761
12953,1.29694793159772
12954,1.29704783492783
12955,1.29714773825794
12956,1.29724764158805
12957,1.29734754491816
12958,1.29744744824827
12959,1.29754735157839
12960,1.2976472549085
12961,1.29774715823861
12962,1.29784706156872
12963,1.29794696489883
12964,1.29804686822894
12965,1.29814677155905
12966,1.29824667488916
12967,1.29834657821927
12968,1.29844648154939
12969,1.2985463848795
12970,1.29864628820961
12971,1.29874619153972
12972,1.29884609486983
12973,1.29894599819994
12974,1.29904590153005
12975,1.29914580486016
12976,1.29924570819027
12977,1.29934561152038
12978,1.2994455148505
12979,1.29954541818061
12980,1.29964532151072
12981,1.29974522484083
12982,1.29984512817094
12983,1.29994503150105
12984,1.30004493483116
12985,1.30014483816127
12986,1.30024474149138
12987,1.30034464482149
12988,1.30044454815161
12989,1.30054445148172
12990,1.30064435481183
12991,1.30074425814194
12992,1.30084416147205
12993,1.30094406480216
12994,1.30104396813227
12995,1.30114387146238
12996,1.30124377479249
12997,1.3013436781226
12998,1.30144358145272
12999,1.30154348478283
13000,1.30164338811294
13001,1.30174329144305
13002,1.30184319477316
13003,1.30194309810327
13004,1.30204300143338
13005,1.30214290476349
13006,1.3022428080936
13007,1.30234271142371
13008,1.30244261475383
13009,1.30254251808394
13010,1.30264242141405
13011,1.30274232474416
13012,1.30284222807427
13013,1.30294213140438
13014,1.30304203473449
13015,1.3031419380646
13016,1.30324184139471
13017,1.30334174472482
13018,1.30344164805494
13019,1.30354155138505
13020,1.30364145471516
13021,1.30374135804527
13022,1.30384126137538
13023,1.30394116470549
13024,1.3040410680356
13025,1.30414097136571
13026,1.30424087469582
13027,1.30434077802593
13028,1.30444068135605
13029,1.30454058468616
13030,1.30464048801627
13031,1.30474039134638
13032,1.30484029467649
13033,1.3049401980066
13034,1.30504010133671
13035,1.30514000466682
13036,1.30523990799693
13037,1.30533981132704
13038,1.30543971465716
13039,1.30553961798727
13040,1.30563952131738
13041,1.30573942464749
13042,1.3058393279776
13043,1.30593923130771
13044,1.30603913463782
13045,1.30613903796793
13046,1.30623894129804
13047,1.30633884462815
13048,1.30643874795827
13049,1.30653865128838
13050,1.30663855461849
13051,1.3067384579486
13052,1.30683836127871
13053,1.30693826460882
13054,1.30703816793893
13055,1.30713807126904
13056,1.30723797459915
13057,1.30733787792926
13058,1.30743778125938
13059,1.30753768458949
13060,1.3076375879196
13061,1.30773749124971
13062,1.30783739457982
13063,1.30793729790993
13064,1.30803720124004
13065,1.30813710457015
13066,1.30823700790026
13067,1.30833691123037
13068,1.30843681456049
13069,1.3085367178906
13070,1.30863662122071
13071,1.30873652455082
13072,1.30883642788093
13073,1.30893633121104
13074,1.30903623454115
13075,1.30913613787126
13076,1.30923604120137
13077,1.30933594453148
13078,1.3094358478616
13079,1.30953575119171
13080,1.30963565452182
13081,1.30973555785193
13082,1.30983546118204
13083,1.30993536451215
13084,1.31003526784226
13085,1.31013517117237
13086,1.31023507450248
13087,1.31033497783259
13088,1.31043488116271
13089,1.31053478449282
13090,1.31063468782293
13091,1.31073459115304
13092,1.31083449448315
13093,1.31093439781326
13094,1.31103430114337
13095,1.31113420447348
13096,1.31123410780359
13097,1.3113340111337
13098,1.31143391446382
13099,1.31153381779393
13100,1.31163372112404
13101,1.31173362445415
13102,1.31183352778426
13103,1.31193343111437
13104,1.31203333444448
13105,1.31213323777459
13106,1.3122331411047
13107,1.31233304443481
13108,1.31243294776493
13109,1.31253285109504
13110,1.31263275442515
13111,1.31273265775526
13112,1.31283256108537
13113,1.31293246441548
13114,1.31303236774559
13115,1.3131322710757
13116,1.31323217440581
13117,1.31333207773592
13118,1.31343198106604
13119,1.31353188439615
13120,1.31363178772626
13121,1.31373169105637
13122,1.31383159438648
13123,1.31393149771659
13124,1.3140314010467
13125,1.31413130437681
13126,1.31423120770692
13127,1.31433111103703
13128,1.31443101436715
13129,1.31453091769726
13130,1.31463082102737
13131,1.31473072435748
13132,1.31483062768759
13133,1.3149305310177
13134,1.31503043434781
13135,1.31513033767792
13136,1.31523024100803
13137,1.31533014433814
13138,1.31543004766826
13139,1.31552995099837
13140,1.31562985432848
13141,1.31572975765859
13142,1.3158296609887
13143,1.31592956431881
13144,1.31602946764892
13145,1.31612937097903
13146,1.31622927430914
13147,1.31632917763925
13148,1.31642908096937
13149,1.31652898429948
13150,1.31662888762959
13151,1.3167287909597
13152,1.31682869428981
13153,1.31692859761992
13154,1.31702850095003
13155,1.31712840428014
13156,1.31722830761025
13157,1.31732821094037
13158,1.31742811427048
13159,1.31752801760059
13160,1.3176279209307
13161,1.31772782426081
13162,1.31782772759092
13163,1.31792763092103
13164,1.31802753425114
13165,1.31812743758125
13166,1.31822734091136
13167,1.31832724424147
13168,1.31842714757159
13169,1.3185270509017
13170,1.31862695423181
13171,1.31872685756192
13172,1.31882676089203
13173,1.31892666422214
13174,1.31902656755225
13175,1.31912647088236
13176,1.31922637421247
13177,1.31932627754258
13178,1.3194261808727
13179,1.31952608420281
13180,1.31962598753292
13181,1.31972589086303
13182,1.31982579419314
13183,1.31992569752325
13184,1.32002560085336
13185,1.32012550418347
13186,1.32022540751358
13187,1.32032531084369
13188,1.32042521417381
13189,1.32052511750392
13190,1.32062502083403
13191,1.32072492416414
13192,1.32082482749425
13193,1.32092473082436
13194,1.32102463415447
13195,1.32112453748458
13196,1.32122444081469
13197,1.32132434414481
13198,1.32142424747492
13199,1.32152415080503
13200,1.32162405413514
13201,1.32172395746525
13202,1.32182386079536
13203,1.32192376412547
13204,1.32202366745558
13205,1.32212357078569
13206,1.3222234741158
13207,1.32232337744592
13208,1.32242328077603
13209,1.32252318410614
13210,1.32262308743625
13211,1.32272299076636
13212,1.32282289409647
13213,1.32292279742658
13214,1.32302270075669
13215,1.3231226040868
13216,1.32322250741691
13217,1.32332241074703
13218,1.32342231407714
13219,1.32352221740725
13220,1.32362212073736
13221,1.32372202406747
13222,1.32382192739758
13223,1.32392183072769
13224,1.3240217340578
13225,1.32412163738791
13226,1.32422154071802
13227,1.32432144404814
13228,1.32442134737825
13229,1.32452125070836
13230,1.32462115403847
13231,1.32472105736858
13232,1.32482096069869
13233,1.3249208640288
13234,1.32502076735891
13235,1.32512067068902
13236,1.32522057401913
13237,1.32532047734925
13238,1.32542038067936
13239,1.32552028400947
13240,1.32562018733958
13241,1.32572009066969
13242,1.3258199939998
13243,1.32591989732991
13244,1.32601980066002
13245,1.32611970399013
13246,1.32621960732024
13247,1.32631951065036
13248,1.32641941398047
13249,1.32651931731058
13250,1.32661922064069
13251,1.3267191239708
13252,1.32681902730091
13253,1.32691893063102
13254,1.32701883396113
13255,1.32711873729124
13256,1.32721864062135
13257,1.32731854395147
13258,1.32741844728158
13259,1.32751835061169
13260,1.3276182539418
13261,1.32771815727191
13262,1.32781806060202
13263,1.32791796393213
13264,1.32801786726224
13265,1.32811777059235
13266,1.32821767392246
13267,1.32831757725258
13268,1.32841748058269
13269,1.3285173839128
13270,1.32861728724291
13271,1.32871719057302
13272,1.32881709390313
13273,1.32891699723324
13274,1.32901690056335
13275,1.32911680389346
13276,1.32921670722357
13277,1.32931661055369
13278,1.3294165138838
13279,1.32951641721391
13280,1.32961632054402
13281,1.32971622387413
13282,1.32981612720424
13283,1.32991603053435
13284,1.33001593386446
13285,1.33011583719457
13286,1.33021574052468
13287,1.3303156438548
13288,1.33041554718491
13289,1.33051545051502
13290,1.33061535384513
13291,1.33071525717524
13292,1.33081516050535
13293,1.33091506383546
13294,1.33101496716557
13295,1.33111487049568
13296,1.33121477382579
13297,1.33131467715591
13298,1.33141458048602
13299,1.33151448381613
13300,1.33161438714624
13301,1.33171429047635
13302,1.33181419380646
13303,1.33191409713657
13304,1.33201400046668
13305,1.33211390379679
13306,1.3322138071269
13307,1.33231371045702
13308,1.33241361378713
13309,1.33251351711724
13310,1.33261342044735
13311,1.33271332377746
13312,1.33281322710757
13313,1.33291313043768
13314,1.33301303376779
13315,1.3331129370979
13316,1.33321284042801
13317,1.33331274375813
13318,1.33341264708824
13319,1.33351255041835
13320,1.33361245374846
13321,1.33371235707857
13322,1.33381226040868
13323,1.33391216373879
13324,1.3340120670689
13325,1.33411197039901
13326,1.33421187372912
13327,1.33431177705924
13328,1.33441168038935
13329,1.33451158371946
13330,1.33461148704957
13331,1.33471139037968
13332,1.33481129370979
13333,1.3349111970399
13334,1.33501110037001
13335,1.33511100370012
13336,1.33521090703023
13337,1.33531081036035
13338,1.33541071369046
13339,1.33551061702057
13340,1.33561052035068
13341,1.33571042368079
13342,1.3358103270109
13343,1.33591023034101
13344,1.33601013367112
13345,1.33611003700123
13346,1.33620994033134
13347,1.33630984366146
13348,1.33640974699157
13349,1.33650965032168
13350,1.33660955365179
13351,1.3367094569819
13352,1.33680936031201
13353,1.33690926364212
13354,1.33700916697223
13355,1.33710907030234
13356,1.33720897363245
13357,1.33730887696257
13358,1.33740878029268
13359,1.33750868362279
13360,1.3376085869529
13361,1.33770849028301
13362,1.33780839361312
13363,1.33790829694323
13364,1.33800820027334
13365,1.33810810360345
13366,1.33820800693356
13367,1.33830791026368
13368,1.33840781359379
13369,1.3385077169239
13370,1.33860762025401
13371,1.33870752358412
13372,1.33880742691423
13373,1.33890733024434
13374,1.33900723357445
13375,1.33910713690456
13376,1.33920704023467
13377,1.33930694356479
13378,1.3394068468949
13379,1.33950675022501
13380,1.33960665355512
13381,1.33970655688523
13382,1.33980646021534
13383,1.33990636354545
13384,1.34000626687556
13385,1.34010617020567
13386,1.34020607353578
13387,1.3403059768659
13388,1.34040588019601
13389,1.34050578352612
13390,1.34060568685623
13391,1.34070559018634
13392,1.34080549351645
13393,1.34090539684656
13394,1.34100530017667
13395,1.34110520350678
13396,1.34120510683689
13397,1.34130501016701
13398,1.34140491349712
13399,1.34150481682723
13400,1.34160472015734
13401,1.34170462348745
13402,1.34180452681756
13403,1.34190443014767
13404,1.34200433347778
13405,1.34210423680789
13406,1.342204140138
13407,1.34230404346812
13408,1.34240394679823
13409,1.34250385012834
13410,1.34260375345845
13411,1.34270365678856
13412,1.34280356011867
13413,1.34290346344878
13414,1.34300336677889
13415,1.343103270109
13416,1.34320317343911
13417,1.34330307676923
13418,1.34340298009934
13419,1.34350288342945
13420,1.34360278675956
13421,1.34370269008967
13422,1.34380259341978
13423,1.34390249674989
13424,1.34400240008
13425,1.34410230341011
13426,1.34420220674022
13427,1.34430211007034
13428,1.34440201340045
13429,1.34450191673056
13430,1.34460182006067
13431,1.34470172339078
13432,1.34480162672089
13433,1.344901530051
13434,1.34500143338111
13435,1.34510133671122
13436,1.34520124004133
13437,1.34530114337145
13438,1.34540104670156
13439,1.34550095003167
13440,1.34560085336178
13441,1.34570075669189
13442,1.345800660022
13443,1.34590056335211
13444,1.34600046668222
13445,1.34610037001233
13446,1.34620027334244
13447,1.34630017667256
13448,1.34640008000267
13449,1.34649998333278
13450,1.34659988666289
13451,1.346699789993
13452,1.34679969332311
13453,1.34689959665322
13454,1.34699949998333
13455,1.34709940331344
13456,1.34719930664356
13457,1.34729920997367
13458,1.34739911330378
13459,1.34749901663389
13460,1.347598919964
13461,1.34769882329411
13462,1.34779872662422
13463,1.34789862995433
13464,1.34799853328444
13465,1.34809843661455
13466,1.34819833994467
13467,1.34829824327478
13468,1.34839814660489
13469,1.348498049935
13470,1.34859795326511
13471,1.34869785659522
13472,1.34879775992533
13473,1.34889766325544
13474,1.34899756658555
13475,1.34909746991566
13476,1.34919737324578
13477,1.34929727657589
13478,1.349397179906
13479,1.34949708323611
13480,1.34959698656622
13481,1.34969688989633
13482,1.34979679322644
13483,1.34989669655655
13484,1.34999659988666
13485,1.35009650321677
13486,1.35019640654689
13487,1.350296309877
13488,1.35039621320711
13489,1.35049611653722
13490,1.35059601986733
13491,1.35069592319744
13492,1.35079582652755
13493,1.35089572985766
13494,1.35099563318777
13495,1.35109553651788
13496,1.351195439848
13497,1.35129534317811
13498,1.35139524650822
13499,1.35149514983833
13500,1.35159505316844
13501,1.35169495649855
13502,1.35179485982866
13503,1.35189476315877
13504,1.35199466648888
13505,1.35209456981899
13506,1.35219447314911
13507,1.35229437647922
13508,1.35239427980933
13509,1.35249418313944
13510,1.35259408646955
13511,1.35269398979966
13512,1.35279389312977
13513,1.35289379645988
13514,1.35299369978999
13515,1.3530936031201
13516,1.35319350645022
13517,1.35329340978033
13518,1.35339331311044
13519,1.35349321644055
13520,1.35359311977066
13521,1.35369302310077
13522,1.35379292643088
13523,1.35389282976099
13524,1.3539927330911
13525,1.35409263642121
13526,1.35419253975133
13527,1.35429244308144
13528,1.35439234641155
13529,1.35449224974166
13530,1.35459215307177
13531,1.35469205640188
13532,1.35479195973199
13533,1.3548918630621
13534,1.35499176639221
13535,1.35509166972232
13536,1.35519157305244
13537,1.35529147638255
13538,1.35539137971266
13539,1.35549128304277
13540,1.35559118637288
13541,1.35569108970299
13542,1.3557909930331
13543,1.35589089636321
13544,1.35599079969332
13545,1.35609070302343
13546,1.35619060635355
13547,1.35629050968366
13548,1.35639041301377
13549,1.35649031634388
13550,1.35659021967399
13551,1.3566901230041
13552,1.35679002633421
13553,1.35688992966432
13554,1.35698983299443
13555,1.35708973632454
13556,1.35718963965466
13557,1.35728954298477
13558,1.35738944631488
13559,1.35748934964499
13560,1.3575892529751
13561,1.35768915630521
13562,1.35778905963532
13563,1.35788896296543
13564,1.35798886629554
13565,1.35808876962565
13566,1.35818867295577
13567,1.35828857628588
13568,1.35838847961599
13569,1.3584883829461
13570,1.35858828627621
13571,1.35868818960632
13572,1.35878809293643
13573,1.35888799626654
13574,1.35898789959665
13575,1.35908780292676
13576,1.35918770625688
13577,1.35928760958699
13578,1.3593875129171
13579,1.35948741624721
13580,1.35958731957732
13581,1.35968722290743
13582,1.35978712623754
13583,1.35988702956765
13584,1.35998693289776
13585,1.36008683622787
13586,1.36018673955799
13587,1.3602866428881
13588,1.36038654621821
13589,1.36048644954832
13590,1.36058635287843
13591,1.36068625620854
13592,1.36078615953865
13593,1.36088606286876
13594,1.36098596619887
13595,1.36108586952898
13596,1.3611857728591
13597,1.36128567618921
13598,1.36138557951932
13599,1.36148548284943
13600,1.36158538617954
13601,1.36168528950965
13602,1.36178519283976
13603,1.36188509616987
13604,1.36198499949998
13605,1.36208490283009
13606,1.36218480616021
13607,1.36228470949032
13608,1.36238461282043
13609,1.36248451615054
13610,1.36258441948065
13611,1.36268432281076
13612,1.36278422614087
13613,1.36288412947098
13614,1.36298403280109
13615,1.3630839361312
13616,1.36318383946132
13617,1.36328374279143
13618,1.36338364612154
13619,1.36348354945165
13620,1.36358345278176
13621,1.36368335611187
13622,1.36378325944198
13623,1.36388316277209
13624,1.3639830661022
13625,1.36408296943231
13626,1.36418287276243
13627,1.36428277609254
13628,1.36438267942265
13629,1.36448258275276
13630,1.36458248608287
13631,1.36468238941298
13632,1.36478229274309
13633,1.3648821960732
13634,1.36498209940331
13635,1.36508200273342
13636,1.36518190606354
13637,1.36528180939365
13638,1.36538171272376
13639,1.36548161605387
13640,1.36558151938398
13641,1.36568142271409
13642,1.3657813260442
13643,1.36588122937431
13644,1.36598113270442
13645,1.36608103603453
13646,1.36618093936465
13647,1.36628084269476
13648,1.36638074602487
13649,1.36648064935498
13650,1.36658055268509
13651,1.3666804560152
13652,1.36678035934531
13653,1.36688026267542
13654,1.36698016600553
13655,1.36708006933564
13656,1.36717997266576
13657,1.36727987599587
13658,1.36737977932598
13659,1.36747968265609
13660,1.3675795859862
13661,1.36767948931631
13662,1.36777939264642
13663,1.36787929597653
13664,1.36797919930664
13665,1.36807910263675
13666,1.36817900596687
13667,1.36827890929698
13668,1.36837881262709
13669,1.3684787159572
13670,1.36857861928731
13671,1.36867852261742
13672,1.36877842594753
13673,1.36887832927764
13674,1.36897823260775
13675,1.36907813593786
13676,1.36917803926798
13677,1.36927794259809
13678,1.3693778459282
13679,1.36947774925831
13680,1.36957765258842
13681,1.36967755591853
13682,1.36977745924864
13683,1.36987736257875
13684,1.36997726590886
13685,1.37007716923897
13686,1.37017707256909
13687,1.3702769758992
13688,1.37037687922931
13689,1.37047678255942
13690,1.37057668588953
13691,1.37067658921964
13692,1.37077649254975
13693,1.37087639587986
13694,1.37097629920997
13695,1.37107620254008
13696,1.3711761058702
13697,1.37127600920031
13698,1.37137591253042
13699,1.37147581586053
13700,1.37157571919064
13701,1.37167562252075
13702,1.37177552585086
13703,1.37187542918097
13704,1.37197533251108
13705,1.37207523584119
13706,1.37217513917131
13707,1.37227504250142
13708,1.37237494583153
13709,1.37247484916164
13710,1.37257475249175
13711,1.37267465582186
13712,1.37277455915197
13713,1.37287446248208
13714,1.37297436581219
13715,1.37307426914231
13716,1.37317417247242
13717,1.37327407580253
13718,1.37337397913264
13719,1.37347388246275
13720,1.37357378579286
13721,1.37367368912297
13722,1.37377359245308
13723,1.37387349578319
13724,1.3739733991133
13725,1.37407330244341
13726,1.37417320577353
13727,1.37427310910364
13728,1.37437301243375
13729,1.37447291576386
13730,1.37457281909397
13731,1.37467272242408
13732,1.37477262575419
13733,1.3748725290843
13734,1.37497243241441
13735,1.37507233574452
13736,1.37517223907464
13737,1.37527214240475
13738,1.37537204573486
13739,1.37547194906497
13740,1.37557185239508
13741,1.37567175572519
13742,1.3757716590553
13743,1.37587156238541
13744,1.37597146571552
13745,1.37607136904564
13746,1.37617127237575
13747,1.37627117570586
13748,1.37637107903597
13749,1.37647098236608
13750,1.37657088569619
13751,1.3766707890263
13752,1.37677069235641
13753,1.37687059568652
13754,1.37697049901663
13755,1.37707040234675
13756,1.37717030567686
13757,1.37727020900697
13758,1.37737011233708
13759,1.37747001566719
13760,1.3775699189973
13761,1.37766982232741
13762,1.37776972565752
13763,1.37786962898763
13764,1.37796953231774
13765,1.37806943564786
13766,1.37816933897797
13767,1.37826924230808
13768,1.37836914563819
13769,1.3784690489683
13770,1.37856895229841
13771,1.37866885562852
13772,1.37876875895863
13773,1.37886866228874
13774,1.37896856561885
13775,1.37906846894897
13776,1.37916837227908
13777,1.37926827560919
13778,1.3793681789393
13779,1.37946808226941
13780,1.37956798559952
13781,1.37966788892963
13782,1.37976779225974
13783,1.37986769558985
13784,1.37996759891996
13785,1.38006750225008
13786,1.38016740558019
13787,1.3802673089103
13788,1.38036721224041
13789,1.38046711557052
13790,1.38056701890063
13791,1.38066692223074
13792,1.38076682556085
13793,1.38086672889096
13794,1.38096663222107
13795,1.38106653555119
13796,1.3811664388813
13797,1.38126634221141
13798,1.38136624554152
13799,1.38146614887163
13800,1.38156605220174
13801,1.38166595553185
13802,1.38176585886196
13803,1.38186576219207
13804,1.38196566552218
13805,1.3820655688523
13806,1.38216547218241
13807,1.38226537551252
13808,1.38236527884263
13809,1.38246518217274
13810,1.38256508550285
13811,1.38266498883296
13812,1.38276489216307
13813,1.38286479549318
13814,1.38296469882329
13815,1.38306460215341
13816,1.38316450548352
13817,1.38326440881363
13818,1.38336431214374
13819,1.38346421547385
13820,1.38356411880396
13821,1.38366402213407
13822,1.38376392546418
13823,1.38386382879429
13824,1.3839637321244
13825,1.38406363545452
13826,1.38416353878463
13827,1.38426344211474
13828,1.38436334544485
13829,1.38446324877496
13830,1.38456315210507
13831,1.38466305543518
13832,1.38476295876529
13833,1.3848628620954
13834,1.38496276542551
13835,1.38506266875563
13836,1.38516257208574
13837,1.38526247541585
13838,1.38536237874596
13839,1.38546228207607
13840,1.38556218540618
13841,1.38566208873629
13842,1.3857619920664
13843,1.38586189539651
13844,1.38596179872662
13845,1.38606170205674
13846,1.38616160538685
13847,1.38626150871696
13848,1.38636141204707
13849,1.38646131537718
13850,1.38656121870729
13851,1.3866611220374
13852,1.38676102536751
13853,1.38686092869762
13854,1.38696083202773
13855,1.38706073535785
13856,1.38716063868796
13857,1.38726054201807
13858,1.38736044534818
13859,1.38746034867829
13860,1.3875602520084
13861,1.38766015533851
13862,1.38776005866862
13863,1.38785996199873
13864,1.38795986532884
13865,1.38805976865896
13866,1.38815967198907
13867,1.38825957531918
13868,1.38835947864929
13869,1.3884593819794
13870,1.38855928530951
13871,1.38865918863962
13872,1.38875909196973
13873,1.38885899529984
13874,1.38895889862995
13875,1.38905880196007
13876,1.38915870529018
13877,1.38925860862029
13878,1.3893585119504
13879,1.38945841528051
13880,1.38955831861062
13881,1.38965822194073
13882,1.38975812527084
13883,1.38985802860095
13884,1.38995793193106
13885,1.39005783526118
13886,1.39015773859129
13887,1.3902576419214
13888,1.39035754525151
13889,1.39045744858162
13890,1.39055735191173
13891,1.39065725524184
13892,1.39075715857195
13893,1.39085706190206
13894,1.39095696523217
13895,1.39105686856229
13896,1.3911567718924
13897,1.39125667522251
13898,1.39135657855262
13899,1.39145648188273
13900,1.39155638521284
13901,1.39165628854295
13902,1.39175619187306
13903,1.39185609520317
13904,1.39195599853328
13905,1.3920559018634
13906,1.39215580519351
13907,1.39225570852362
13908,1.39235561185373
13909,1.39245551518384
13910,1.39255541851395
13911,1.39265532184406
13912,1.39275522517417
13913,1.39285512850428
13914,1.39295503183439
13915,1.39305493516451
13916,1.39315483849462
13917,1.39325474182473
13918,1.39335464515484
13919,1.39345454848495
13920,1.39355445181506
13921,1.39365435514517
13922,1.39375425847528
13923,1.39385416180539
13924,1.3939540651355
13925,1.39405396846562
13926,1.39415387179573
13927,1.39425377512584
13928,1.39435367845595
13929,1.39445358178606
13930,1.39455348511617
13931,1.39465338844628
13932,1.39475329177639
13933,1.3948531951065
13934,1.39495309843661
13935,1.39505300176673
13936,1.39515290509684
13937,1.39525280842695
13938,1.39535271175706
13939,1.39545261508717
13940,1.39555251841728
13941,1.39565242174739
13942,1.3957523250775
13943,1.39585222840761
13944,1.39595213173772
13945,1.39605203506784
13946,1.39615193839795
13947,1.39625184172806
13948,1.39635174505817
13949,1.39645164838828
13950,1.39655155171839
13951,1.3966514550485
13952,1.39675135837861
13953,1.39685126170872
13954,1.39695116503883
13955,1.39705106836895
13956,1.39715097169906
13957,1.39725087502917
13958,1.39735077835928
13959,1.39745068168939
13960,1.3975505850195
13961,1.39765048834961
13962,1.39775039167972
13963,1.39785029500983
13964,1.39795019833994
13965,1.39805010167006
13966,1.39815000500017
13967,1.39824990833028
13968,1.39834981166039
13969,1.3984497149905
13970,1.39854961832061
13971,1.39864952165072
13972,1.39874942498083
13973,1.39884932831094
13974,1.39894923164105
13975,1.39904913497117
13976,1.39914903830128
13977,1.39924894163139
13978,1.3993488449615
13979,1.39944874829161
13980,1.39954865162172
13981,1.39964855495183
13982,1.39974845828194
13983,1.39984836161205
13984,1.39994826494217
13985,1.40004816827228
13986,1.40014807160239
13987,1.4002479749325
13988,1.40034787826261
13989,1.40044778159272
13990,1.40054768492283
13991,1.40064758825294
13992,1.40074749158305
13993,1.40084739491316
13994,1.40094729824327
13995,1.40104720157339
13996,1.4011471049035
13997,1.40124700823361
13998,1.40134691156372
13999,1.40144681489383
14000,1.40154671822394
14001,1.40164662155405
14002,1.40174652488416
14003,1.40184642821427
14004,1.40194633154438
14005,1.4020462348745
14006,1.40214613820461
14007,1.40224604153472
14008,1.40234594486483
14009,1.40244584819494
14010,1.40254575152505
14011,1.40264565485516
14012,1.40274555818527
14013,1.40284546151538
14014,1.4029453648455
14015,1.40304526817561
14016,1.40314517150572
14017,1.40324507483583
14018,1.40334497816594
14019,1.40344488149605
14020,1.40354478482616
14021,1.40364468815627
14022,1.40374459148638
14023,1.40384449481649
14024,1.40394439814661
14025,1.40404430147672
14026,1.40414420480683
14027,1.40424410813694
14028,1.40434401146705
14029,1.40444391479716
14030,1.40454381812727
14031,1.40464372145738
14032,1.40474362478749
14033,1.4048435281176
14034,1.40494343144772
14035,1.40504333477783
14036,1.40514323810794
14037,1.40524314143805
14038,1.40534304476816
14039,1.40544294809827
14040,1.40554285142838
14041,1.40564275475849
14042,1.4057426580886
14043,1.40584256141871
14044,1.40594246474883
14045,1.40604236807894
14046,1.40614227140905
14047,1.40624217473916
14048,1.40634207806927
14049,1.40644198139938
14050,1.40654188472949
14051,1.4066417880596
14052,1.40674169138971
14053,1.40684159471982
14054,1.40694149804994
14055,1.40704140138005
14056,1.40714130471016
14057,1.40724120804027
14058,1.40734111137038
14059,1.40744101470049
14060,1.4075409180306
14061,1.40764082136071
14062,1.40774072469082
14063,1.40784062802093
14064,1.40794053135105
14065,1.40804043468116
14066,1.40814033801127
14067,1.40824024134138
14068,1.40834014467149
14069,1.4084400480016
14070,1.40853995133171
14071,1.40863985466182
14072,1.40873975799193
14073,1.40883966132204
14074,1.40893956465216
14075,1.40903946798227
14076,1.40913937131238
14077,1.40923927464249
14078,1.4093391779726
14079,1.40943908130271
14080,1.40953898463282
14081,1.40963888796293
14082,1.40973879129304
14083,1.40983869462315
14084,1.40993859795327
14085,1.41003850128338
14086,1.41013840461349
14087,1.4102383079436
14088,1.41033821127371
14089,1.41043811460382
14090,1.41053801793393
14091,1.41063792126404
14092,1.41073782459415
14093,1.41083772792426
14094,1.41093763125438
14095,1.41103753458449
14096,1.4111374379146
14097,1.41123734124471
14098,1.41133724457482
14099,1.41143714790493
14100,1.41153705123504
14101,1.41163695456515
14102,1.41173685789526
14103,1.41183676122537
14104,1.41193666455549
14105,1.4120365678856
14106,1.41213647121571
14107,1.41223637454582
14108,1.41233627787593
14109,1.41243618120604
14110,1.41253608453615
14111,1.41263598786626
14112,1.41273589119637
14113,1.41283579452648
14114,1.4129356978566
14115,1.41303560118671
14116,1.41313550451682
14117,1.41323540784693
14118,1.41333531117704
14119,1.41343521450715
14120,1.41353511783726
14121,1.41363502116737
14122,1.41373492449748
14123,1.41383482782759
14124,1.41393473115771
14125,1.41403463448782
14126,1.41413453781793
14127,1.41423444114804
14128,1.41433434447815
14129,1.41443424780826
14130,1.41453415113837
14131,1.41463405446848
14132,1.41473395779859
14133,1.4148338611287
14134,1.41493376445882
14135,1.41503366778893
14136,1.41513357111904
14137,1.41523347444915
14138,1.41533337777926
14139,1.41543328110937
14140,1.41553318443948
14141,1.41563308776959
14142,1.4157329910997
14143,1.41583289442981
14144,1.41593279775993
14145,1.41603270109004
14146,1.41613260442015
14147,1.41623250775026
14148,1.41633241108037
14149,1.41643231441048
14150,1.41653221774059
14151,1.4166321210707
14152,1.41673202440081
14153,1.41683192773092
14154,1.41693183106104
14155,1.41703173439115
14156,1.41713163772126
14157,1.41723154105137
14158,1.41733144438148
14159,1.41743134771159
14160,1.4175312510417
14161,1.41763115437181
14162,1.41773105770192
14163,1.41783096103203
14164,1.41793086436215
14165,1.41803076769226
14166,1.41813067102237
14167,1.41823057435248
14168,1.41833047768259
14169,1.4184303810127
14170,1.41853028434281
14171,1.41863018767292
14172,1.41873009100303
14173,1.41882999433314
14174,1.41892989766326
14175,1.41902980099337
14176,1.41912970432348
14177,1.41922960765359
14178,1.4193295109837
14179,1.41942941431381
14180,1.41952931764392
14181,1.41962922097403
14182,1.41972912430414
14183,1.41982902763425
14184,1.41992893096437
14185,1.42002883429448
14186,1.42012873762459
14187,1.4202286409547
14188,1.42032854428481
14189,1.42042844761492
14190,1.42052835094503
14191,1.42062825427514
14192,1.42072815760525
14193,1.42082806093536
14194,1.42092796426548
14195,1.42102786759559
14196,1.4211277709257
14197,1.42122767425581
14198,1.42132757758592
14199,1.42142748091603
14200,1.42152738424614
14201,1.42162728757625
14202,1.42172719090636
14203,1.42182709423647
14204,1.42192699756659
14205,1.4220269008967
14206,1.42212680422681
14207,1.42222670755692
14208,1.42232661088703
14209,1.42242651421714
14210,1.42252641754725
14211,1.42262632087736
14212,1.42272622420747
14213,1.42282612753758
14214,1.4229260308677
14215,1.42302593419781
14216,1.42312583752792
14217,1.42322574085803
14218,1.42332564418814
14219,1.42342554751825
14220,1.42352545084836
14221,1.42362535417847
14222,1.42372525750858
14223,1.42382516083869
14224,1.42392506416881
14225,1.42402496749892
14226,1.42412487082903
14227,1.42422477415914
14228,1.42432467748925
14229,1.42442458081936
14230,1.42452448414947
14231,1.42462438747958
14232,1.42472429080969
14233,1.4248241941398
14234,1.42492409746992
14235,1.42502400080003
14236,1.42512390413014
14237,1.42522380746025
14238,1.42532371079036
14239,1.42542361412047
14240,1.42552351745058
14241,1.42562342078069
14242,1.4257233241108
14243,1.42582322744091
14244,1.42592313077103
14245,1.42602303410114
14246,1.42612293743125
14247,1.42622284076136
14248,1.42632274409147
14249,1.42642264742158
14250,1.42652255075169
14251,1.4266224540818
14252,1.42672235741191
14253,1.42682226074202
14254,1.42692216407214
14255,1.42702206740225
14256,1.42712197073236
14257,1.42722187406247
14258,1.42732177739258
14259,1.42742168072269
14260,1.4275215840528
14261,1.42762148738291
14262,1.42772139071302
14263,1.42782129404313
14264,1.42792119737325
14265,1.42802110070336
14266,1.42812100403347
14267,1.42822090736358
14268,1.42832081069369
14269,1.4284207140238
14270,1.42852061735391
14271,1.42862052068402
14272,1.42872042401413
14273,1.42882032734425
14274,1.42892023067436
14275,1.42902013400447
14276,1.42912003733458
14277,1.42921994066469
14278,1.4293198439948
14279,1.42941974732491
14280,1.42951965065502
14281,1.42961955398513
14282,1.42971945731524
14283,1.42981936064535
14284,1.42991926397547
14285,1.43001916730558
14286,1.43011907063569
14287,1.4302189739658
14288,1.43031887729591
14289,1.43041878062602
14290,1.43051868395613
14291,1.43061858728624
14292,1.43071849061635
14293,1.43081839394647
14294,1.43091829727658
14295,1.43101820060669
14296,1.4311181039368
14297,1.43121800726691
14298,1.43131791059702
14299,1.43141781392713
14300,1.43151771725724
14301,1.43161762058735
14302,1.43171752391746
14303,1.43181742724758
14304,1.43191733057769
14305,1.4320172339078
14306,1.43211713723791
14307,1.43221704056802
14308,1.43231694389813
14309,1.43241684722824
14310,1.43251675055835
14311,1.43261665388846
14312,1.43271655721857
14313,1.43281646054869
14314,1.4329163638788
14315,1.43301626720891
14316,1.43311617053902
14317,1.43321607386913
14318,1.43331597719924
14319,1.43341588052935
14320,1.43351578385946
14321,1.43361568718957
14322,1.43371559051968
14323,1.4338154938498
14324,1.43391539717991
14325,1.43401530051002
14326,1.43411520384013
14327,1.43421510717024
14328,1.43431501050035
14329,1.43441491383046
14330,1.43451481716057
14331,1.43461472049068
14332,1.43471462382079
14333,1.43481452715091
14334,1.43491443048102
14335,1.43501433381113
14336,1.43511423714124
14337,1.43521414047135
14338,1.43531404380146
14339,1.43541394713157
14340,1.43551385046168
14341,1.43561375379179
14342,1.4357136571219
14343,1.43581356045202
14344,1.43591346378213
14345,1.43601336711224
14346,1.43611327044235
14347,1.43621317377246
14348,1.43631307710257
14349,1.43641298043268
14350,1.43651288376279
14351,1.4366127870929
14352,1.43671269042301
14353,1.43681259375313
14354,1.43691249708324
14355,1.43701240041335
14356,1.43711230374346
14357,1.43721220707357
14358,1.43731211040368
14359,1.43741201373379
14360,1.4375119170639
14361,1.43761182039401
14362,1.43771172372412
14363,1.43781162705424
14364,1.43791153038435
14365,1.43801143371446
14366,1.43811133704457
14367,1.43821124037468
14368,1.43831114370479
14369,1.4384110470349
14370,1.43851095036501
14371,1.43861085369512
14372,1.43871075702523
14373,1.43881066035535
14374,1.43891056368546
14375,1.43901046701557
14376,1.43911037034568
14377,1.43921027367579
14378,1.4393101770059
14379,1.43941008033601
14380,1.43950998366612
14381,1.43960988699623
14382,1.43970979032634
14383,1.43980969365646
14384,1.43990959698657
14385,1.44000950031668
14386,1.44010940364679
14387,1.4402093069769
14388,1.44030921030701
14389,1.44040911363712
14390,1.44050901696723
14391,1.44060892029734
14392,1.44070882362745
14393,1.44080872695757
14394,1.44090863028768
14395,1.44100853361779
14396,1.4411084369479
14397,1.44120834027801
14398,1.44130824360812
14399,1.44140814693823
14400,1.44150805026834
14401,1.44160795359845
14402,1.44170785692856
14403,1.44180776025868
14404,1.44190766358879
14405,1.4420075669189
14406,1.44210747024901
14407,1.44220737357912
14408,1.44230727690923
14409,1.44240718023934
14410,1.44250708356945
14411,1.44260698689956
14412,1.44270689022967
14413,1.44280679355979
14414,1.4429066968899
14415,1.44300660022001
14416,1.44310650355012
14417,1.44320640688023
14418,1.44330631021034
14419,1.44340621354045
14420,1.44350611687056
14421,1.44360602020067
14422,1.44370592353078
14423,1.4438058268609
14424,1.44390573019101
14425,1.44400563352112
14426,1.44410553685123
14427,1.44420544018134
14428,1.44430534351145
14429,1.44440524684156
14430,1.44450515017167
14431,1.44460505350178
14432,1.44470495683189
14433,1.44480486016201
14434,1.44490476349212
14435,1.44500466682223
14436,1.44510457015234
14437,1.44520447348245
14438,1.44530437681256
14439,1.44540428014267
14440,1.44550418347278
14441,1.44560408680289
14442,1.445703990133
14443,1.44580389346312
14444,1.44590379679323
14445,1.44600370012334
14446,1.44610360345345
14447,1.44620350678356
14448,1.44630341011367
14449,1.44640331344378
14450,1.44650321677389
14451,1.446603120104
14452,1.44670302343411
14453,1.44680292676423
14454,1.44690283009434
14455,1.44700273342445
14456,1.44710263675456
14457,1.44720254008467
14458,1.44730244341478
14459,1.44740234674489
14460,1.447502250075
14461,1.44760215340511
14462,1.44770205673522
14463,1.44780196006534
14464,1.44790186339545
14465,1.44800176672556
14466,1.44810167005567
14467,1.44820157338578
14468,1.44830147671589
14469,1.448401380046
14470,1.44850128337611
14471,1.44860118670622
14472,1.44870109003633
14473,1.44880099336645
14474,1.44890089669656
14475,1.44900080002667
14476,1.44910070335678
14477,1.44920060668689
14478,1.449300510017
14479,1.44940041334711
14480,1.44950031667722
14481,1.44960022000733
14482,1.44970012333744
14483,1.44980002666756
14484,1.44989992999767
14485,1.44999983332778
14486,1.45009973665789
14487,1.450199639988
14488,1.45029954331811
14489,1.45039944664822
14490,1.45049934997833
14491,1.45059925330844
14492,1.45069915663855
14493,1.45079905996867
14494,1.45089896329878
14495,1.45099886662889
14496,1.451098769959
14497,1.45119867328911
14498,1.45129857661922
14499,1.45139847994933
14500,1.45149838327944
14501,1.45159828660955
14502,1.45169818993966
14503,1.45179809326978
14504,1.45189799659989
14505,1.45199789993
14506,1.45209780326011
14507,1.45219770659022
14508,1.45229760992033
14509,1.45239751325044
14510,1.45249741658055
14511,1.45259731991066
14512,1.45269722324077
14513,1.45279712657089
14514,1.452897029901
14515,1.45299693323111
14516,1.45309683656122
14517,1.45319673989133
14518,1.45329664322144
14519,1.45339654655155
14520,1.45349644988166
14521,1.45359635321177
14522,1.45369625654188
14523,1.453796159872
14524,1.45389606320211
14525,1.45399596653222
14526,1.45409586986233
14527,1.45419577319244
14528,1.45429567652255
14529,1.45439557985266
14530,1.45449548318277
14531,1.45459538651288
14532,1.454695289843
14533,1.45479519317311
14534,1.45489509650322
14535,1.45499499983333
14536,1.45509490316344
14537,1.45519480649355
14538,1.45529470982366
14539,1.45539461315377
14540,1.45549451648388
14541,1.45559441981399
14542,1.45569432314411
14543,1.45579422647422
14544,1.45589412980433
14545,1.45599403313444
14546,1.45609393646455
14547,1.45619383979466
14548,1.45629374312477
14549,1.45639364645488
14550,1.45649354978499
14551,1.4565934531151
14552,1.45669335644521
14553,1.45679325977533
14554,1.45689316310544
14555,1.45699306643555
14556,1.45709296976566
14557,1.45719287309577
14558,1.45729277642588
14559,1.45739267975599
14560,1.4574925830861
14561,1.45759248641621
14562,1.45769238974632
14563,1.45779229307644
14564,1.45789219640655
14565,1.45799209973666
14566,1.45809200306677
14567,1.45819190639688
14568,1.45829180972699
14569,1.4583917130571
14570,1.45849161638721
14571,1.45859151971732
14572,1.45869142304744
14573,1.45879132637755
14574,1.45889122970766
14575,1.45899113303777
14576,1.45909103636788
14577,1.45919093969799
14578,1.4592908430281
14579,1.45939074635821
14580,1.45949064968832
14581,1.45959055301843
14582,1.45969045634855
14583,1.45979035967866
14584,1.45989026300877
14585,1.45999016633888
14586,1.46009006966899
14587,1.4601899729991
14588,1.46028987632921
14589,1.46038977965932
14590,1.46048968298943
14591,1.46058958631954
14592,1.46068948964966
14593,1.46078939297977
14594,1.46088929630988
14595,1.46098919963999
14596,1.4610891029701
14597,1.46118900630021
14598,1.46128890963032
14599,1.46138881296043
14600,1.46148871629054
14601,1.46158861962065
14602,1.46168852295077
14603,1.46178842628088
14604,1.46188832961099
14605,1.4619882329411
14606,1.46208813627121
14607,1.46218803960132
14608,1.46228794293143
14609,1.46238784626154
14610,1.46248774959165
14611,1.46258765292176
14612,1.46268755625188
14613,1.46278745958199
14614,1.4628873629121
14615,1.46298726624221
14616,1.46308716957232
14617,1.46318707290243
14618,1.46328697623254
14619,1.46338687956265
14620,1.46348678289276
14621,1.46358668622287
14622,1.46368658955299
14623,1.4637864928831
14624,1.46388639621321
14625,1.46398629954332
14626,1.46408620287343
14627,1.46418610620354
14628,1.46428600953365
14629,1.46438591286376
14630,1.46448581619387
14631,1.46458571952398
14632,1.4646856228541
14633,1.46478552618421
14634,1.46488542951432
14635,1.46498533284443
14636,1.46508523617454
14637,1.46518513950465
14638,1.46528504283476
14639,1.46538494616487
14640,1.46548484949498
14641,1.46558475282509
14642,1.46568465615521
14643,1.46578455948532
14644,1.46588446281543
14645,1.46598436614554
14646,1.46608426947565
14647,1.46618417280576
14648,1.46628407613587
14649,1.46638397946598
14650,1.46648388279609
14651,1.4665837861262
14652,1.46668368945632
14653,1.46678359278643
14654,1.46688349611654
14655,1.46698339944665
14656,1.46708330277676
14657,1.46718320610687
14658,1.46728310943698
14659,1.46738301276709
14660,1.4674829160972
14661,1.46758281942731
14662,1.46768272275743
14663,1.46778262608754
14664,1.46788252941765
14665,1.46798243274776
14666,1.46808233607787
14667,1.46818223940798
14668,1.46828214273809
14669,1.4683820460682
14670,1.46848194939831
14671,1.46858185272842
14672,1.46868175605854
14673,1.46878165938865
14674,1.46888156271876
14675,1.46898146604887
14676,1.46908136937898
14677,1.46918127270909
14678,1.4692811760392
14679,1.46938107936931
14680,1.46948098269942
14681,1.46958088602953
14682,1.46968078935965
14683,1.46978069268976
14684,1.46988059601987
14685,1.46998049934998
14686,1.47008040268009
14687,1.4701803060102
14688,1.47028020934031
14689,1.47038011267042
14690,1.47048001600053
14691,1.47057991933064
14692,1.47067982266076
14693,1.47077972599087
14694,1.47087962932098
14695,1.47097953265109
14696,1.4710794359812
14697,1.47117933931131
14698,1.47127924264142
14699,1.47137914597153
14700,1.47147904930164
14701,1.47157895263175
14702,1.47167885596187
14703,1.47177875929198
14704,1.47187866262209
14705,1.4719785659522
14706,1.47207846928231
14707,1.47217837261242
14708,1.47227827594253
14709,1.47237817927264
14710,1.47247808260275
14711,1.47257798593286
14712,1.47267788926298
14713,1.47277779259309
14714,1.4728776959232
14715,1.47297759925331
14716,1.47307750258342
14717,1.47317740591353
14718,1.47327730924364
14719,1.47337721257375
14720,1.47347711590386
14721,1.47357701923397
14722,1.47367692256409
14723,1.4737768258942
14724,1.47387672922431
14725,1.47397663255442
14726,1.47407653588453
14727,1.47417643921464
14728,1.47427634254475
14729,1.47437624587486
14730,1.47447614920497
14731,1.47457605253508
14732,1.4746759558652
14733,1.47477585919531
14734,1.47487576252542
14735,1.47497566585553
14736,1.47507556918564
14737,1.47517547251575
14738,1.47527537584586
14739,1.47537527917597
14740,1.47547518250608
14741,1.47557508583619
14742,1.47567498916631
14743,1.47577489249642
14744,1.47587479582653
14745,1.47597469915664
14746,1.47607460248675
14747,1.47617450581686
14748,1.47627440914697
14749,1.47637431247708
14750,1.47647421580719
14751,1.4765741191373
14752,1.47667402246742
14753,1.47677392579753
14754,1.47687382912764
14755,1.47697373245775
14756,1.47707363578786
14757,1.47717353911797
14758,1.47727344244808
14759,1.47737334577819
14760,1.4774732491083
14761,1.47757315243841
14762,1.47767305576853
14763,1.47777295909864
14764,1.47787286242875
14765,1.47797276575886
14766,1.47807266908897
14767,1.47817257241908
14768,1.47827247574919
14769,1.4783723790793
14770,1.47847228240941
14771,1.47857218573952
14772,1.47867208906964
14773,1.47877199239975
14774,1.47887189572986
14775,1.47897179905997
14776,1.47907170239008
14777,1.47917160572019
14778,1.4792715090503
14779,1.47937141238041
14780,1.47947131571052
14781,1.47957121904063
14782,1.47967112237075
14783,1.47977102570086
14784,1.47987092903097
14785,1.47997083236108
14786,1.48007073569119
14787,1.4801706390213
14788,1.48027054235141
14789,1.48037044568152
14790,1.48047034901163
14791,1.48057025234174
14792,1.48067015567186
14793,1.48077005900197
14794,1.48086996233208
14795,1.48096986566219
14796,1.4810697689923
14797,1.48116967232241
14798,1.48126957565252
14799,1.48136947898263
14800,1.48146938231274
14801,1.48156928564286
14802,1.48166918897297
14803,1.48176909230308
14804,1.48186899563319
14805,1.4819688989633
14806,1.48206880229341
14807,1.48216870562352
14808,1.48226860895363
14809,1.48236851228374
14810,1.48246841561385
14811,1.48256831894396
14812,1.48266822227408
14813,1.48276812560419
14814,1.4828680289343
14815,1.48296793226441
14816,1.48306783559452
14817,1.48316773892463
14818,1.48326764225474
14819,1.48336754558485
14820,1.48346744891496
14821,1.48356735224507
14822,1.48366725557519
14823,1.4837671589053
14824,1.48386706223541
14825,1.48396696556552
14826,1.48406686889563
14827,1.48416677222574
14828,1.48426667555585
14829,1.48436657888596
14830,1.48446648221607
14831,1.48456638554619
14832,1.4846662888763
14833,1.48476619220641
14834,1.48486609553652
14835,1.48496599886663
14836,1.48506590219674
14837,1.48516580552685
14838,1.48526570885696
14839,1.48536561218707
14840,1.48546551551718
14841,1.4855654188473
14842,1.48566532217741
14843,1.48576522550752
14844,1.48586512883763
14845,1.48596503216774
14846,1.48606493549785
14847,1.48616483882796
14848,1.48626474215807
14849,1.48636464548818
14850,1.48646454881829
14851,1.48656445214841
14852,1.48666435547852
14853,1.48676425880863
14854,1.48686416213874
14855,1.48696406546885
14856,1.48706396879896
14857,1.48716387212907
14858,1.48726377545918
14859,1.48736367878929
14860,1.4874635821194
14861,1.48756348544952
14862,1.48766338877963
14863,1.48776329210974
14864,1.48786319543985
14865,1.48796309876996
14866,1.48806300210007
14867,1.48816290543018
14868,1.48826280876029
14869,1.4883627120904
14870,1.48846261542051
14871,1.48856251875063
14872,1.48866242208074
14873,1.48876232541085
14874,1.48886222874096
14875,1.48896213207107
14876,1.48906203540118
14877,1.48916193873129
14878,1.4892618420614
14879,1.48936174539151
14880,1.48946164872162
14881,1.48956155205174
14882,1.48966145538185
14883,1.48976135871196
14884,1.48986126204207
14885,1.48996116537218
14886,1.49006106870229
14887,1.4901609720324
14888,1.49026087536251
14889,1.49036077869262
14890,1.49046068202273
14891,1.49056058535285
14892,1.49066048868296
14893,1.49076039201307
14894,1.49086029534318
14895,1.49096019867329
14896,1.4910601020034
14897,1.49116000533351
14898,1.49125990866362
14899,1.49135981199373
14900,1.49145971532384
14901,1.49155961865396
14902,1.49165952198407
14903,1.49175942531418
14904,1.49185932864429
14905,1.4919592319744
14906,1.49205913530451
14907,1.49215903863462
14908,1.49225894196473
14909,1.49235884529484
14910,1.49245874862495
14911,1.49255865195507
14912,1.49265855528518
14913,1.49275845861529
14914,1.4928583619454
14915,1.49295826527551
14916,1.49305816860562
14917,1.49315807193573
14918,1.49325797526584
14919,1.49335787859595
14920,1.49345778192606
14921,1.49355768525618
14922,1.49365758858629
14923,1.4937574919164
14924,1.49385739524651
14925,1.49395729857662
14926,1.49405720190673
14927,1.49415710523684
14928,1.49425700856695
14929,1.49435691189706
14930,1.49445681522717
14931,1.49455671855729
14932,1.4946566218874
14933,1.49475652521751
14934,1.49485642854762
14935,1.49495633187773
14936,1.49505623520784
14937,1.49515613853795
14938,1.49525604186806
14939,1.49535594519817
14940,1.49545584852828
14941,1.4955557518584
14942,1.49565565518851
14943,1.49575555851862
14944,1.49585546184873
14945,1.49595536517884
14946,1.49605526850895
14947,1.49615517183906
14948,1.49625507516917
14949,1.49635497849928
14950,1.49645488182939
14951,1.49655478515951
14952,1.49665468848962
14953,1.49675459181973
14954,1.49685449514984
14955,1.49695439847995
14956,1.49705430181006
14957,1.49715420514017
14958,1.49725410847028
14959,1.49735401180039
14960,1.4974539151305
14961,1.49755381846062
14962,1.49765372179073
14963,1.49775362512084
14964,1.49785352845095
14965,1.49795343178106
14966,1.49805333511117
14967,1.49815323844128
14968,1.49825314177139
14969,1.4983530451015
14970,1.49845294843161
14971,1.49855285176173
14972,1.49865275509184
14973,1.49875265842195
14974,1.49885256175206
14975,1.49895246508217
14976,1.49905236841228
14977,1.49915227174239
14978,1.4992521750725
14979,1.49935207840261
14980,1.49945198173272
14981,1.49955188506284
14982,1.49965178839295
14983,1.49975169172306
14984,1.49985159505317
14985,1.49995149838328
14986,1.50005140171339
14987,1.5001513050435
14988,1.50025120837361
14989,1.50035111170372
14990,1.50045101503383
14991,1.50055091836395
14992,1.50065082169406
14993,1.50075072502417
14994,1.50085062835428
14995,1.50095053168439
14996,1.5010504350145
14997,1.50115033834461
14998,1.50125024167472
14999,1.50135014500483
15000,1.50145004833494
15001,1.50154995166506
15002,1.50164985499517
15003,1.50174975832528
15004,1.50184966165539
15005,1.5019495649855
15006,1.50204946831561
15007,1.50214937164572
15008,1.50224927497583
15009,1.50234917830594
15010,1.50244908163605
15011,1.50254898496617
15012,1.50264888829628
15013,1.50274879162639
15014,1.5028486949565
15015,1.50294859828661
15016,1.50304850161672
15017,1.50314840494683
15018,1.50324830827694
15019,1.50334821160705
15020,1.50344811493716
15021,1.50354801826728
15022,1.50364792159739
15023,1.5037478249275
15024,1.50384772825761
15025,1.50394763158772
15026,1.50404753491783
15027,1.50414743824794
15028,1.50424734157805
15029,1.50434724490816
15030,1.50444714823827
15031,1.50454705156839
15032,1.5046469548985
15033,1.50474685822861
15034,1.50484676155872
15035,1.50494666488883
15036,1.50504656821894
15037,1.50514647154905
15038,1.50524637487916
15039,1.50534627820927
15040,1.50544618153938
15041,1.5055460848695
15042,1.50564598819961
15043,1.50574589152972
15044,1.50584579485983
15045,1.50594569818994
15046,1.50604560152005
15047,1.50614550485016
15048,1.50624540818027
15049,1.50634531151038
15050,1.50644521484049
15051,1.50654511817061
15052,1.50664502150072
15053,1.50674492483083
15054,1.50684482816094
15055,1.50694473149105
15056,1.50704463482116
15057,1.50714453815127
15058,1.50724444148138
15059,1.50734434481149
15060,1.5074442481416
15061,1.50754415147172
15062,1.50764405480183
15063,1.50774395813194
15064,1.50784386146205
15065,1.50794376479216
15066,1.50804366812227
15067,1.50814357145238
15068,1.50824347478249
15069,1.5083433781126
15070,1.50844328144271
15071,1.50854318477283
15072,1.50864308810294
15073,1.50874299143305
15074,1.50884289476316
15075,1.50894279809327
15076,1.50904270142338
15077,1.50914260475349
15078,1.5092425080836
15079,1.50934241141371
15080,1.50944231474382
15081,1.50954221807394
15082,1.50964212140405
15083,1.50974202473416
15084,1.50984192806427
15085,1.50994183139438
15086,1.51004173472449
15087,1.5101416380546
15088,1.51024154138471
15089,1.51034144471482
15090,1.51044134804494
15091,1.51054125137505
15092,1.51064115470516
15093,1.51074105803527
15094,1.51084096136538
15095,1.51094086469549
15096,1.5110407680256
15097,1.51114067135571
15098,1.51124057468582
15099,1.51134047801593
15100,1.51144038134605
15101,1.51154028467616
15102,1.51164018800627
15103,1.51174009133638
15104,1.51183999466649
15105,1.5119398979966
15106,1.51203980132671
15107,1.51213970465682
15108,1.51223960798693
15109,1.51233951131704
15110,1.51243941464715
15111,1.51253931797727
15112,1.51263922130738
15113,1.51273912463749
15114,1.5128390279676
15115,1.51293893129771
15116,1.51303883462782
15117,1.51313873795793
15118,1.51323864128804
15119,1.51333854461815
15120,1.51343844794827
15121,1.51353835127838
15122,1.51363825460849
15123,1.5137381579386
15124,1.51383806126871
15125,1.51393796459882
15126,1.51403786792893
15127,1.51413777125904
15128,1.51423767458915
15129,1.51433757791926
15130,1.51443748124938
15131,1.51453738457949
15132,1.5146372879096
15133,1.51473719123971
15134,1.51483709456982
15135,1.51493699789993
15136,1.51503690123004
15137,1.51513680456015
15138,1.51523670789026
15139,1.51533661122037
15140,1.51543651455049
15141,1.5155364178806
15142,1.51563632121071
15143,1.51573622454082
15144,1.51583612787093
15145,1.51593603120104
15146,1.51603593453115
15147,1.51613583786126
15148,1.51623574119137
15149,1.51633564452148
15150,1.5164355478516
15151,1.51653545118171
15152,1.51663535451182
15153,1.51673525784193
15154,1.51683516117204
15155,1.51693506450215
15156,1.51703496783226
15157,1.51713487116237
15158,1.51723477449248
15159,1.51733467782259
15160,1.51743458115271
15161,1.51753448448282
15162,1.51763438781293
15163,1.51773429114304
15164,1.51783419447315
15165,1.51793409780326
15166,1.51803400113337
15167,1.51813390446348
15168,1.51823380779359
15169,1.5183337111237
15170,1.51843361445382
15171,1.51853351778393
15172,1.51863342111404
15173,1.51873332444415
15174,1.51883322777426
15175,1.51893313110437
15176,1.51903303443448
15177,1.51913293776459
15178,1.5192328410947
15179,1.51933274442481
15180,1.51943264775493
15181,1.51953255108504
15182,1.51963245441515
15183,1.51973235774526
15184,1.51983226107537
15185,1.51993216440548
15186,1.52003206773559
15187,1.5201319710657
15188,1.52023187439581
15189,1.52033177772592
15190,1.52043168105604
15191,1.52053158438615
15192,1.52063148771626
15193,1.52073139104637
15194,1.52083129437648
15195,1.52093119770659
15196,1.5210311010367
15197,1.52113100436681
15198,1.52123090769692
15199,1.52133081102703
15200,1.52143071435715
15201,1.52153061768726
15202,1.52163052101737
15203,1.52173042434748
15204,1.52183032767759
15205,1.5219302310077
15206,1.52203013433781
15207,1.52213003766792
15208,1.52222994099803
15209,1.52232984432814
15210,1.52242974765826
15211,1.52252965098837
15212,1.52262955431848
15213,1.52272945764859
15214,1.5228293609787
15215,1.52292926430881
15216,1.52302916763892
15217,1.52312907096903
15218,1.52322897429914
15219,1.52332887762925
15220,1.52342878095937
15221,1.52352868428948
15222,1.52362858761959
15223,1.5237284909497
15224,1.52382839427981
15225,1.52392829760992
15226,1.52402820094003
15227,1.52412810427014
15228,1.52422800760025
15229,1.52432791093036
15230,1.52442781426048
15231,1.52452771759059
15232,1.5246276209207
15233,1.52472752425081
15234,1.52482742758092
15235,1.52492733091103
15236,1.52502723424114
15237,1.52512713757125
15238,1.52522704090136
15239,1.52532694423147
15240,1.52542684756159
15241,1.5255267508917
15242,1.52562665422181
15243,1.52572655755192
15244,1.52582646088203
15245,1.52592636421214
15246,1.52602626754225
15247,1.52612617087236
15248,1.52622607420247
15249,1.52632597753258
15250,1.5264258808627
15251,1.52652578419281
15252,1.52662568752292
15253,1.52672559085303
15254,1.52682549418314
15255,1.52692539751325
15256,1.52702530084336
15257,1.52712520417347
15258,1.52722510750358
15259,1.52732501083369
15260,1.52742491416381
15261,1.52752481749392
15262,1.52762472082403
15263,1.52772462415414
15264,1.52782452748425
15265,1.52792443081436
15266,1.52802433414447
15267,1.52812423747458
15268,1.52822414080469
15269,1.5283240441348
15270,1.52842394746492
15271,1.52852385079503
15272,1.52862375412514
15273,1.52872365745525
15274,1.52882356078536
15275,1.52892346411547
15276,1.52902336744558
15277,1.52912327077569
15278,1.5292231741058
15279,1.52932307743591
15280,1.52942298076603
15281,1.52952288409614
15282,1.52962278742625
15283,1.52972269075636
15284,1.52982259408647
15285,1.52992249741658
15286,1.53002240074669
15287,1.5301223040768
15288,1.53022220740691
15289,1.53032211073702
15290,1.53042201406714
15291,1.53052191739725
15292,1.53062182072736
15293,1.53072172405747
15294,1.53082162738758
15295,1.53092153071769
15296,1.5310214340478
15297,1.53112133737791
15298,1.53122124070802
15299,1.53132114403813
15300,1.53142104736825
15301,1.53152095069836
15302,1.53162085402847
15303,1.53172075735858
15304,1.53182066068869
15305,1.5319205640188
15306,1.53202046734891
15307,1.53212037067902
15308,1.53222027400913
15309,1.53232017733924
15310,1.53242008066936
15311,1.53251998399947
15312,1.53261988732958
15313,1.53271979065969
15314,1.5328196939898
15315,1.53291959731991
15316,1.53301950065002
15317,1.53311940398013
15318,1.53321930731024
15319,1.53331921064036
15320,1.53341911397047
15321,1.53351901730058
15322,1.53361892063069
15323,1.5337188239608
15324,1.53381872729091
15325,1.53391863062102
15326,1.53401853395113
15327,1.53411843728124
15328,1.53421834061135
15329,1.53431824394147
15330,1.53441814727158
15331,1.53451805060169
15332,1.5346179539318
15333,1.53471785726191
15334,1.53481776059202
15335,1.53491766392213
15336,1.53501756725224
15337,1.53511747058235
15338,1.53521737391246
15339,1.53531727724257
15340,1.53541718057269
15341,1.5355170839028
15342,1.53561698723291
15343,1.53571689056302
15344,1.53581679389313
15345,1.53591669722324
15346,1.53601660055335
15347,1.53611650388346
15348,1.53621640721357
15349,1.53631631054369
15350,1.5364162138738
15351,1.53651611720391
15352,1.53661602053402
15353,1.53671592386413
15354,1.53681582719424
15355,1.53691573052435
15356,1.53701563385446
15357,1.53711553718457
15358,1.53721544051468
15359,1.5373153438448
15360,1.53741524717491
15361,1.53751515050502
15362,1.53761505383513
15363,1.53771495716524
15364,1.53781486049535
15365,1.53791476382546
15366,1.53801466715557
15367,1.53811457048568
15368,1.53821447381579
15369,1.5383143771459
15370,1.53841428047602
15371,1.53851418380613
15372,1.53861408713624
15373,1.53871399046635
15374,1.53881389379646
15375,1.53891379712657
15376,1.53901370045668
15377,1.53911360378679
15378,1.5392135071169
15379,1.53931341044701
15380,1.53941331377713
15381,1.53951321710724
15382,1.53961312043735
15383,1.53971302376746
15384,1.53981292709757
15385,1.53991283042768
15386,1.54001273375779
15387,1.5401126370879
15388,1.54021254041801
15389,1.54031244374813
15390,1.54041234707824
15391,1.54051225040835
15392,1.54061215373846
15393,1.54071205706857
15394,1.54081196039868
15395,1.54091186372879
15396,1.5410117670589
15397,1.54111167038901
15398,1.54121157371912
15399,1.54131147704924
15400,1.54141138037935
15401,1.54151128370946
15402,1.54161118703957
15403,1.54171109036968
15404,1.54181099369979
15405,1.5419108970299
15406,1.54201080036001
15407,1.54211070369012
15408,1.54221060702023
15409,1.54231051035035
15410,1.54241041368046
15411,1.54251031701057
15412,1.54261022034068
15413,1.54271012367079
15414,1.5428100270009
15415,1.54290993033101
15416,1.54300983366112
15417,1.54310973699123
15418,1.54320964032134
15419,1.54330954365146
15420,1.54340944698157
15421,1.54350935031168
15422,1.54360925364179
15423,1.5437091569719
15424,1.54380906030201
15425,1.54390896363212
15426,1.54400886696223
15427,1.54410877029234
15428,1.54420867362245
15429,1.54430857695257
15430,1.54440848028268
15431,1.54450838361279
15432,1.5446082869429
15433,1.54470819027301
15434,1.54480809360312
15435,1.54490799693323
15436,1.54500790026334
15437,1.54510780359345
15438,1.54520770692356
15439,1.54530761025368
15440,1.54540751358379
15441,1.5455074169139
15442,1.54560732024401
15443,1.54570722357412
15444,1.54580712690423
15445,1.54590703023434
15446,1.54600693356445
15447,1.54610683689456
15448,1.54620674022467
15449,1.54630664355479
15450,1.5464065468849
15451,1.54650645021501
15452,1.54660635354512
15453,1.54670625687523
15454,1.54680616020534
15455,1.54690606353545
15456,1.54700596686556
15457,1.54710587019567
15458,1.54720577352578
15459,1.5473056768559
15460,1.54740558018601
15461,1.54750548351612
15462,1.54760538684623
15463,1.54770529017634
15464,1.54780519350645
15465,1.54790509683656
15466,1.54800500016667
15467,1.54810490349678
15468,1.54820480682689
15469,1.54830471015701
15470,1.54840461348712
15471,1.54850451681723
15472,1.54860442014734
15473,1.54870432347745
15474,1.54880422680756
15475,1.54890413013767
15476,1.54900403346778
15477,1.54910393679789
15478,1.549203840128
15479,1.54930374345812
15480,1.54940364678823
15481,1.54950355011834
15482,1.54960345344845
15483,1.54970335677856
15484,1.54980326010867
15485,1.54990316343878
15486,1.55000306676889
15487,1.550102970099
15488,1.55020287342911
15489,1.55030277675923
15490,1.55040268008934
15491,1.55050258341945
15492,1.55060248674956
15493,1.55070239007967
15494,1.55080229340978
15495,1.55090219673989
15496,1.55100210007
15497,1.55110200340011
15498,1.55120190673022
15499,1.55130181006034
15500,1.55140171339045
15501,1.55150161672056
15502,1.55160152005067
15503,1.55170142338078
15504,1.55180132671089
15505,1.551901230041
15506,1.55200113337111
15507,1.55210103670122
15508,1.55220094003133
15509,1.55230084336145
15510,1.55240074669156
15511,1.55250065002167
15512,1.55260055335178
15513,1.55270045668189
15514,1.552800360012
15515,1.55290026334211
15516,1.55300016667222
15517,1.55310007000233
15518,1.55319997333244
15519,1.55329987666256
15520,1.55339977999267
15521,1.55349968332278
15522,1.55359958665289
15523,1.553699489983
15524,1.55379939331311
15525,1.55389929664322
15526,1.55399919997333
15527,1.55409910330344
15528,1.55419900663355
15529,1.55429890996367
15530,1.55439881329378
15531,1.55449871662389
15532,1.554598619954
15533,1.55469852328411
15534,1.55479842661422
15535,1.55489832994433
15536,1.55499823327444
15537,1.55509813660455
15538,1.55519803993466
15539,1.55529794326478
15540,1.55539784659489
15541,1.555497749925
15542,1.55559765325511
15543,1.55569755658522
15544,1.55579745991533
15545,1.55589736324544
15546,1.55599726657555
15547,1.55609716990566
15548,1.55619707323577
15549,1.55629697656589
15550,1.556396879896
15551,1.55649678322611
15552,1.55659668655622
15553,1.55669658988633
15554,1.55679649321644
15555,1.55689639654655
15556,1.55699629987666
15557,1.55709620320677
15558,1.55719610653688
15559,1.557296009867
15560,1.55739591319711
15561,1.55749581652722
15562,1.55759571985733
15563,1.55769562318744
15564,1.55779552651755
15565,1.55789542984766
15566,1.55799533317777
15567,1.55809523650788
15568,1.55819513983799
15569,1.55829504316811
15570,1.55839494649822
15571,1.55849484982833
15572,1.55859475315844
15573,1.55869465648855
15574,1.55879455981866
15575,1.55889446314877
15576,1.55899436647888
15577,1.55909426980899
15578,1.5591941731391
15579,1.55929407646922
15580,1.55939397979933
15581,1.55949388312944
15582,1.55959378645955
15583,1.55969368978966
15584,1.55979359311977
15585,1.55989349644988
15586,1.55999339977999
15587,1.5600933031101
15588,1.56019320644021
15589,1.56029310977033
15590,1.56039301310044
15591,1.56049291643055
15592,1.56059281976066
15593,1.56069272309077
15594,1.56079262642088
15595,1.56089252975099
15596,1.5609924330811
15597,1.56109233641121
15598,1.56119223974133
15599,1.56129214307144
15600,1.56139204640155
15601,1.56149194973166
15602,1.56159185306177
15603,1.56169175639188
15604,1.56179165972199
15605,1.5618915630521
15606,1.56199146638221
15607,1.56209136971232
15608,1.56219127304243
15609,1.56229117637255
15610,1.56239107970266
15611,1.56249098303277
15612,1.56259088636288
15613,1.56269078969299
15614,1.5627906930231
15615,1.56289059635321
15616,1.56299049968332
15617,1.56309040301343
15618,1.56319030634355
15619,1.56329020967366
15620,1.56339011300377
15621,1.56349001633388
15622,1.56358991966399
15623,1.5636898229941
15624,1.56378972632421
15625,1.56388962965432
15626,1.56398953298443
15627,1.56408943631454
15628,1.56418933964466
15629,1.56428924297477
15630,1.56438914630488
15631,1.56448904963499
15632,1.5645889529651
15633,1.56468885629521
15634,1.56478875962532
15635,1.56488866295543
15636,1.56498856628554
15637,1.56508846961565
15638,1.56518837294576
15639,1.56528827627588
15640,1.56538817960599
15641,1.5654880829361
15642,1.56558798626621
15643,1.56568788959632
15644,1.56578779292643
15645,1.56588769625654
15646,1.56598759958665
15647,1.56608750291676
15648,1.56618740624688
15649,1.56628730957699
15650,1.5663872129071
15651,1.56648711623721
15652,1.56658701956732
15653,1.56668692289743
15654,1.56678682622754
15655,1.56688672955765
15656,1.56698663288776
15657,1.56708653621787
15658,1.56718643954798
15659,1.5672863428781
15660,1.56738624620821
15661,1.56748614953832
15662,1.56758605286843
15663,1.56768595619854
15664,1.56778585952865
15665,1.56788576285876
15666,1.56798566618887
15667,1.56808556951898
15668,1.5681854728491
15669,1.56828537617921
15670,1.56838527950932
15671,1.56848518283943
15672,1.56858508616954
15673,1.56868498949965
15674,1.56878489282976
15675,1.56888479615987
15676,1.56898469948998
15677,1.56908460282009
15678,1.56918450615021
15679,1.56928440948032
15680,1.56938431281043
15681,1.56948421614054
15682,1.56958411947065
15683,1.56968402280076
15684,1.56978392613087
15685,1.56988382946098
15686,1.56998373279109
15687,1.5700836361212
15688,1.57018353945132
15689,1.57028344278143
15690,1.57038334611154
15691,1.57048324944165
15692,1.57058315277176
15693,1.57068305610187
15694,1.57078295943198
15695,1.57088286276209
15696,1.5709827660922
15697,1.57108266942231
15698,1.57118257275243
15699,1.57128247608254
15700,1.57138237941265
15701,1.57148228274276
15702,1.57158218607287
15703,1.57168208940298
15704,1.57178199273309
15705,1.5718818960632
15706,1.57198179939331
15707,1.57208170272342
15708,1.57218160605354
15709,1.57228150938365
15710,1.57238141271376
15711,1.57248131604387
15712,1.57258121937398
15713,1.57268112270409
15714,1.5727810260342
15715,1.57288092936431
15716,1.57298083269442
15717,1.57308073602453
15718,1.57318063935465
15719,1.57328054268476
15720,1.57338044601487
15721,1.57348034934498
15722,1.57358025267509
15723,1.5736801560052
15724,1.57378005933531
15725,1.57387996266542
15726,1.57397986599553
15727,1.57407976932564
15728,1.57417967265576
15729,1.57427957598587
15730,1.57437947931598
15731,1.57447938264609
15732,1.5745792859762
15733,1.57467918930631
15734,1.57477909263642
15735,1.57487899596653
15736,1.57497889929664
15737,1.57507880262675
15738,1.57517870595687
15739,1.57527860928698
15740,1.57537851261709
15741,1.5754784159472
15742,1.57557831927731
15743,1.57567822260742
15744,1.57577812593753
15745,1.57587802926764
15746,1.57597793259775
15747,1.57607783592786
15748,1.57617773925798
15749,1.57627764258809
15750,1.5763775459182
15751,1.57647744924831
15752,1.57657735257842
15753,1.57667725590853
15754,1.57677715923864
15755,1.57687706256875
15756,1.57697696589886
15757,1.57707686922897
15758,1.57717677255909
15759,1.5772766758892
15760,1.57737657921931
15761,1.57747648254942
15762,1.57757638587953
15763,1.57767628920964
15764,1.57777619253975
15765,1.57787609586986
15766,1.57797599919997
15767,1.57807590253008
15768,1.5781758058602
15769,1.57827570919031
15770,1.57837561252042
15771,1.57847551585053
15772,1.57857541918064
15773,1.57867532251075
15774,1.57877522584086
15775,1.57887512917097
15776,1.57897503250108
15777,1.57907493583119
15778,1.57917483916131
15779,1.57927474249142
15780,1.57937464582153
15781,1.57947454915164
15782,1.57957445248175
15783,1.57967435581186
15784,1.57977425914197
15785,1.57987416247208
15786,1.57997406580219
15787,1.5800739691323
15788,1.58017387246242
15789,1.58027377579253
15790,1.58037367912264
15791,1.58047358245275
15792,1.58057348578286
15793,1.58067338911297
15794,1.58077329244308
15795,1.58087319577319
15796,1.5809730991033
15797,1.58107300243341
15798,1.58117290576353
15799,1.58127280909364
15800,1.58137271242375
15801,1.58147261575386
15802,1.58157251908397
15803,1.58167242241408
15804,1.58177232574419
15805,1.5818722290743
15806,1.58197213240441
15807,1.58207203573452
15808,1.58217193906464
15809,1.58227184239475
15810,1.58237174572486
15811,1.58247164905497
15812,1.58257155238508
15813,1.58267145571519
15814,1.5827713590453
15815,1.58287126237541
15816,1.58297116570552
15817,1.58307106903563
15818,1.58317097236575
15819,1.58327087569586
15820,1.58337077902597
15821,1.58347068235608
15822,1.58357058568619
15823,1.5836704890163
15824,1.58377039234641
15825,1.58387029567652
15826,1.58397019900663
15827,1.58407010233674
15828,1.58417000566686
15829,1.58426990899697
15830,1.58436981232708
15831,1.58446971565719
15832,1.5845696189873
15833,1.58466952231741
15834,1.58476942564752
15835,1.58486932897763
15836,1.58496923230774
15837,1.58506913563786
15838,1.58516903896797
15839,1.58526894229808
15840,1.58536884562819
15841,1.5854687489583
15842,1.58556865228841
15843,1.58566855561852
15844,1.58576845894863
15845,1.58586836227874
15846,1.58596826560885
15847,1.58606816893896
15848,1.58616807226908
15849,1.58626797559919
15850,1.5863678789293
15851,1.58646778225941
15852,1.58656768558952
15853,1.58666758891963
15854,1.58676749224974
15855,1.58686739557985
15856,1.58696729890996
15857,1.58706720224007
15858,1.58716710557019
15859,1.5872670089003
15860,1.58736691223041
15861,1.58746681556052
15862,1.58756671889063
15863,1.58766662222074
15864,1.58776652555085
15865,1.58786642888096
15866,1.58796633221107
15867,1.58806623554118
15868,1.5881661388713
15869,1.58826604220141
15870,1.58836594553152
15871,1.58846584886163
15872,1.58856575219174
15873,1.58866565552185
15874,1.58876555885196
15875,1.58886546218207
15876,1.58896536551218
15877,1.5890652688423
15878,1.58916517217241
15879,1.58926507550252
15880,1.58936497883263
15881,1.58946488216274
15882,1.58956478549285
15883,1.58966468882296
15884,1.58976459215307
15885,1.58986449548318
15886,1.58996439881329
15887,1.59006430214341
15888,1.59016420547352
15889,1.59026410880363
15890,1.59036401213374
15891,1.59046391546385
15892,1.59056381879396
15893,1.59066372212407
15894,1.59076362545418
15895,1.59086352878429
15896,1.5909634321144
15897,1.59106333544451
15898,1.59116323877463
15899,1.59126314210474
15900,1.59136304543485
15901,1.59146294876496
15902,1.59156285209507
15903,1.59166275542518
15904,1.59176265875529
15905,1.5918625620854
15906,1.59196246541551
15907,1.59206236874563
15908,1.59216227207574
15909,1.59226217540585
15910,1.59236207873596
15911,1.59246198206607
15912,1.59256188539618
15913,1.59266178872629
15914,1.5927616920564
15915,1.59286159538651
15916,1.59296149871662
15917,1.59306140204674
15918,1.59316130537685
15919,1.59326120870696
15920,1.59336111203707
15921,1.59346101536718
15922,1.59356091869729
15923,1.5936608220274
15924,1.59376072535751
15925,1.59386062868762
15926,1.59396053201773
15927,1.59406043534784
15928,1.59416033867796
15929,1.59426024200807
15930,1.59436014533818
15931,1.59446004866829
15932,1.5945599519984
15933,1.59465985532851
15934,1.59475975865862
15935,1.59485966198873
15936,1.59495956531884
15937,1.59505946864896
15938,1.59515937197907
15939,1.59525927530918
15940,1.59535917863929
15941,1.5954590819694
15942,1.59555898529951
15943,1.59565888862962
15944,1.59575879195973
15945,1.59585869528984
15946,1.59595859861995
15947,1.59605850195007
15948,1.59615840528018
15949,1.59625830861029
15950,1.5963582119404
15951,1.59645811527051
15952,1.59655801860062
15953,1.59665792193073
15954,1.59675782526084
15955,1.59685772859095
15956,1.59695763192106
15957,1.59705753525118
15958,1.59715743858129
15959,1.5972573419114
15960,1.59735724524151
15961,1.59745714857162
15962,1.59755705190173
15963,1.59765695523184
15964,1.59775685856195
15965,1.59785676189206
15966,1.59795666522217
15967,1.59805656855229
15968,1.5981564718824
15969,1.59825637521251
15970,1.59835627854262
15971,1.59845618187273
15972,1.59855608520284
15973,1.59865598853295
15974,1.59875589186306
15975,1.59885579519317
15976,1.59895569852328
15977,1.5990556018534
15978,1.59915550518351
15979,1.59925540851362
15980,1.59935531184373
15981,1.59945521517384
15982,1.59955511850395
15983,1.59965502183406
15984,1.59975492516417
15985,1.59985482849428
15986,1.59995473182439
15987,1.60005463515451
15988,1.60015453848462
15989,1.60025444181473
15990,1.60035434514484
15991,1.60045424847495
15992,1.60055415180506
15993,1.60065405513517
15994,1.60075395846528
15995,1.60085386179539
15996,1.6009537651255
15997,1.60105366845562
15998,1.60115357178573
15999,1.60125347511584
16000,1.60135337844595
16001,1.60145328177606
16002,1.60155318510617
16003,1.60165308843628
16004,1.60175299176639
16005,1.6018528950965
16006,1.60195279842661
16007,1.60205270175673
16008,1.60215260508684
16009,1.60225250841695
16010,1.60235241174706
16011,1.60245231507717
16012,1.60255221840728
16013,1.60265212173739
16014,1.6027520250675
16015,1.60285192839761
16016,1.60295183172772
16017,1.60305173505784
16018,1.60315163838795
16019,1.60325154171806
16020,1.60335144504817
16021,1.60345134837828
16022,1.60355125170839
16023,1.6036511550385
16024,1.60375105836861
16025,1.60385096169872
16026,1.60395086502883
16027,1.60405076835895
16028,1.60415067168906
16029,1.60425057501917
16030,1.60435047834928
16031,1.60445038167939
16032,1.6045502850095
16033,1.60465018833961
16034,1.60475009166972
16035,1.60484999499983
16036,1.60494989832994
16037,1.60504980166006
16038,1.60514970499017
16039,1.60524960832028
16040,1.60534951165039
16041,1.6054494149805
16042,1.60554931831061
16043,1.60564922164072
16044,1.60574912497083
16045,1.60584902830094
16046,1.60594893163105
16047,1.60604883496117
16048,1.60614873829128
16049,1.60624864162139
16050,1.6063485449515
16051,1.60644844828161
16052,1.60654835161172
16053,1.60664825494183
16054,1.60674815827194
16055,1.60684806160205
16056,1.60694796493216
16057,1.60704786826228
16058,1.60714777159239
16059,1.6072476749225
16060,1.60734757825261
16061,1.60744748158272
16062,1.60754738491283
16063,1.60764728824294
16064,1.60774719157305
16065,1.60784709490316
16066,1.60794699823327
16067,1.60804690156339
16068,1.6081468048935
16069,1.60824670822361
16070,1.60834661155372
16071,1.60844651488383
16072,1.60854641821394
16073,1.60864632154405
16074,1.60874622487416
16075,1.60884612820427
16076,1.60894603153438
16077,1.6090459348645
16078,1.60914583819461
16079,1.60924574152472
16080,1.60934564485483
16081,1.60944554818494
16082,1.60954545151505
16083,1.60964535484516
16084,1.60974525817527
16085,1.60984516150538
16086,1.60994506483549
16087,1.61004496816561
16088,1.61014487149572
16089,1.61024477482583
16090,1.61034467815594
16091,1.61044458148605
16092,1.61054448481616
16093,1.61064438814627
16094,1.61074429147638
16095,1.61084419480649
16096,1.6109440981366
16097,1.61104400146672
16098,1.61114390479683
16099,1.61124380812694
16100,1.61134371145705
16101,1.61144361478716
16102,1.61154351811727
16103,1.61164342144738
16104,1.61174332477749
16105,1.6118432281076
16106,1.61194313143771
16107,1.61204303476783
16108,1.61214293809794
16109,1.61224284142805
16110,1.61234274475816
16111,1.61244264808827
16112,1.61254255141838
16113,1.61264245474849
16114,1.6127423580786
16115,1.61284226140871
16116,1.61294216473882
16117,1.61304206806894
16118,1.61314197139905
16119,1.61324187472916
16120,1.61334177805927
16121,1.61344168138938
16122,1.61354158471949
16123,1.6136414880496
16124,1.61374139137971
16125,1.61384129470982
16126,1.61394119803993
16127,1.61404110137005
16128,1.61414100470016
16129,1.61424090803027
16130,1.61434081136038
16131,1.61444071469049
16132,1.6145406180206
16133,1.61464052135071
16134,1.61474042468082
16135,1.61484032801093
16136,1.61494023134104
16137,1.61504013467116
16138,1.61514003800127
16139,1.61523994133138
16140,1.61533984466149
16141,1.6154397479916
16142,1.61553965132171
16143,1.61563955465182
16144,1.61573945798193
16145,1.61583936131204
16146,1.61593926464216
16147,1.61603916797227
16148,1.61613907130238
16149,1.61623897463249
16150,1.6163388779626
16151,1.61643878129271
16152,1.61653868462282
16153,1.61663858795293
16154,1.61673849128304
16155,1.61683839461315
16156,1.61693829794327
16157,1.61703820127338
16158,1.61713810460349
16159,1.6172380079336
16160,1.61733791126371
16161,1.61743781459382
16162,1.61753771792393
16163,1.61763762125404
16164,1.61773752458415
16165,1.61783742791426
16166,1.61793733124437
16167,1.61803723457449
16168,1.6181371379046
16169,1.61823704123471
16170,1.61833694456482
16171,1.61843684789493
16172,1.61853675122504
16173,1.61863665455515
16174,1.61873655788526
16175,1.61883646121537
16176,1.61893636454549
16177,1.6190362678756
16178,1.61913617120571
16179,1.61923607453582
16180,1.61933597786593
16181,1.61943588119604
16182,1.61953578452615
16183,1.61963568785626
16184,1.61973559118637
16185,1.61983549451648
16186,1.6199353978466
16187,1.62003530117671
16188,1.62013520450682
16189,1.62023510783693
16190,1.62033501116704
16191,1.62043491449715
16192,1.62053481782726
16193,1.62063472115737
16194,1.62073462448748
16195,1.62083452781759
16196,1.62093443114771
16197,1.62103433447782
16198,1.62113423780793
16199,1.62123414113804
16200,1.62133404446815
16201,1.62143394779826
16202,1.62153385112837
16203,1.62163375445848
16204,1.62173365778859
16205,1.6218335611187
16206,1.62193346444882
16207,1.62203336777893
16208,1.62213327110904
16209,1.62223317443915
16210,1.62233307776926
16211,1.62243298109937
16212,1.62253288442948
16213,1.62263278775959
16214,1.6227326910897
16215,1.62283259441981
16216,1.62293249774993
16217,1.62303240108004
16218,1.62313230441015
16219,1.62323220774026
16220,1.62333211107037
16221,1.62343201440048
16222,1.62353191773059
16223,1.6236318210607
16224,1.62373172439081
16225,1.62383162772092
16226,1.62393153105104
16227,1.62403143438115
16228,1.62413133771126
16229,1.62423124104137
16230,1.62433114437148
16231,1.62443104770159
16232,1.6245309510317
16233,1.62463085436181
16234,1.62473075769192
16235,1.62483066102203
16236,1.62493056435215
16237,1.62503046768226
16238,1.62513037101237
16239,1.62523027434248
16240,1.62533017767259
16241,1.6254300810027
16242,1.62552998433281
16243,1.62562988766292
16244,1.62572979099303
16245,1.62582969432314
16246,1.62592959765326
16247,1.62602950098337
16248,1.62612940431348
16249,1.62622930764359
16250,1.6263292109737
16251,1.62642911430381
16252,1.62652901763392
16253,1.62662892096403
16254,1.62672882429414
16255,1.62682872762425
16256,1.62692863095437
16257,1.62702853428448
16258,1.62712843761459
16259,1.6272283409447
16260,1.62732824427481
16261,1.62742814760492
16262,1.62752805093503
16263,1.62762795426514
16264,1.62772785759525
16265,1.62782776092536
16266,1.62792766425548
16267,1.62802756758559
16268,1.6281274709157
16269,1.62822737424581
16270,1.62832727757592
16271,1.62842718090603
16272,1.62852708423614
16273,1.62862698756625
16274,1.62872689089636
16275,1.62882679422647
16276,1.62892669755659
16277,1.6290266008867
16278,1.62912650421681
16279,1.62922640754692
16280,1.62932631087703
16281,1.62942621420714
16282,1.62952611753725
16283,1.62962602086736
16284,1.62972592419747
16285,1.62982582752758
16286,1.6299257308577
16287,1.63002563418781
16288,1.63012553751792
16289,1.63022544084803
16290,1.63032534417814
16291,1.63042524750825
16292,1.63052515083836
16293,1.63062505416847
16294,1.63072495749858
16295,1.63082486082869
16296,1.63092476415881
16297,1.63102466748892
16298,1.63112457081903
16299,1.63122447414914
16300,1.63132437747925
16301,1.63142428080936
16302,1.63152418413947
16303,1.63162408746958
16304,1.63172399079969
16305,1.6318238941298
16306,1.63192379745992
16307,1.63202370079003
16308,1.63212360412014
16309,1.63222350745025
16310,1.63232341078036
16311,1.63242331411047
16312,1.63252321744058
16313,1.63262312077069
16314,1.6327230241008
16315,1.63282292743091
16316,1.63292283076103
16317,1.63302273409114
16318,1.63312263742125
16319,1.63322254075136
16320,1.63332244408147
16321,1.63342234741158
16322,1.63352225074169
16323,1.6336221540718
16324,1.63372205740191
16325,1.63382196073202
16326,1.63392186406214
16327,1.63402176739225
16328,1.63412167072236
16329,1.63422157405247
16330,1.63432147738258
16331,1.63442138071269
16332,1.6345212840428
16333,1.63462118737291
16334,1.63472109070302
16335,1.63482099403313
16336,1.63492089736325
16337,1.63502080069336
16338,1.63512070402347
16339,1.63522060735358
16340,1.63532051068369
16341,1.6354204140138
16342,1.63552031734391
16343,1.63562022067402
16344,1.63572012400413
16345,1.63582002733424
16346,1.63591993066436
16347,1.63601983399447
16348,1.63611973732458
16349,1.63621964065469
16350,1.6363195439848
16351,1.63641944731491
16352,1.63651935064502
16353,1.63661925397513
16354,1.63671915730524
16355,1.63681906063535
16356,1.63691896396547
16357,1.63701886729558
16358,1.63711877062569
16359,1.6372186739558
16360,1.63731857728591
16361,1.63741848061602
16362,1.63751838394613
16363,1.63761828727624
16364,1.63771819060635
16365,1.63781809393646
16366,1.63791799726658
16367,1.63801790059669
16368,1.6381178039268
16369,1.63821770725691
16370,1.63831761058702
16371,1.63841751391713
16372,1.63851741724724
16373,1.63861732057735
16374,1.63871722390746
16375,1.63881712723757
16376,1.63891703056769
16377,1.6390169338978
16378,1.63911683722791
16379,1.63921674055802
16380,1.63931664388813
16381,1.63941654721824
16382,1.63951645054835
16383,1.63961635387846
16384,1.63971625720857
16385,1.63981616053868
16386,1.6399160638688
16387,1.64001596719891
16388,1.64011587052902
16389,1.64021577385913
16390,1.64031567718924
16391,1.64041558051935
16392,1.64051548384946
16393,1.64061538717957
16394,1.64071529050968
16395,1.64081519383979
16396,1.64091509716991
16397,1.64101500050002
16398,1.64111490383013
16399,1.64121480716024
16400,1.64131471049035
16401,1.64141461382046
16402,1.64151451715057
16403,1.64161442048068
16404,1.64171432381079
16405,1.6418142271409
16406,1.64191413047102
16407,1.64201403380113
16408,1.64211393713124
16409,1.64221384046135
16410,1.64231374379146
16411,1.64241364712157
16412,1.64251355045168
16413,1.64261345378179
16414,1.6427133571119
16415,1.64281326044201
16416,1.64291316377213
16417,1.64301306710224
16418,1.64311297043235
16419,1.64321287376246
16420,1.64331277709257
16421,1.64341268042268
16422,1.64351258375279
16423,1.6436124870829
16424,1.64371239041301
16425,1.64381229374312
16426,1.64391219707324
16427,1.64401210040335
16428,1.64411200373346
16429,1.64421190706357
16430,1.64431181039368
16431,1.64441171372379
16432,1.6445116170539
16433,1.64461152038401
16434,1.64471142371412
16435,1.64481132704424
16436,1.64491123037435
16437,1.64501113370446
16438,1.64511103703457
16439,1.64521094036468
16440,1.64531084369479
16441,1.6454107470249
16442,1.64551065035501
16443,1.64561055368512
16444,1.64571045701523
16445,1.64581036034535
16446,1.64591026367546
16447,1.64601016700557
16448,1.64611007033568
16449,1.64620997366579
16450,1.6463098769959
16451,1.64640978032601
16452,1.64650968365612
16453,1.64660958698623
16454,1.64670949031634
16455,1.64680939364646
16456,1.64690929697657
16457,1.64700920030668
16458,1.64710910363679
16459,1.6472090069669
16460,1.64730891029701
16461,1.64740881362712
16462,1.64750871695723
16463,1.64760862028734
16464,1.64770852361745
16465,1.64780842694757
16466,1.64790833027768
16467,1.64800823360779
16468,1.6481081369379
16469,1.64820804026801
16470,1.64830794359812
16471,1.64840784692823
16472,1.64850775025834
16473,1.64860765358845
16474,1.64870755691856
16475,1.64880746024868
16476,1.64890736357879
16477,1.6490072669089
16478,1.64910717023901
16479,1.64920707356912
16480,1.64930697689923
16481,1.64940688022934
16482,1.64950678355945
16483,1.64960668688956
16484,1.64970659021967
16485,1.64980649354979
16486,1.6499063968799
16487,1.65000630021001
16488,1.65010620354012
16489,1.65020610687023
16490,1.65030601020034
16491,1.65040591353045
16492,1.65050581686056
16493,1.65060572019067
16494,1.65070562352078
16495,1.6508055268509
16496,1.65090543018101
16497,1.65100533351112
16498,1.65110523684123
16499,1.65120514017134
16500,1.65130504350145
16501,1.65140494683156
16502,1.65150485016167
16503,1.65160475349178
16504,1.65170465682189
16505,1.65180456015201
16506,1.65190446348212
16507,1.65200436681223
16508,1.65210427014234
16509,1.65220417347245
16510,1.65230407680256
16511,1.65240398013267
16512,1.65250388346278
16513,1.65260378679289
16514,1.652703690123
16515,1.65280359345312
16516,1.65290349678323
16517,1.65300340011334
16518,1.65310330344345
16519,1.65320320677356
16520,1.65330311010367
16521,1.65340301343378
16522,1.65350291676389
16523,1.653602820094
16524,1.65370272342411
16525,1.65380262675423
16526,1.65390253008434
16527,1.65400243341445
16528,1.65410233674456
16529,1.65420224007467
16530,1.65430214340478
16531,1.65440204673489
16532,1.654501950065
16533,1.65460185339511
16534,1.65470175672522
16535,1.65480166005534
16536,1.65490156338545
16537,1.65500146671556
16538,1.65510137004567
16539,1.65520127337578
16540,1.65530117670589
16541,1.655401080036
16542,1.65550098336611
16543,1.65560088669622
16544,1.65570079002633
16545,1.65580069335645
16546,1.65590059668656
16547,1.65600050001667
16548,1.65610040334678
16549,1.65620030667689
16550,1.656300210007
16551,1.65640011333711
16552,1.65650001666722
16553,1.65659991999733
16554,1.65669982332744
16555,1.65679972665756
16556,1.65689962998767
16557,1.65699953331778
16558,1.65709943664789
16559,1.657199339978
16560,1.65729924330811
16561,1.65739914663822
16562,1.65749904996833
16563,1.65759895329844
16564,1.65769885662855
16565,1.65779875995867
16566,1.65789866328878
16567,1.65799856661889
16568,1.658098469949
16569,1.65819837327911
16570,1.65829827660922
16571,1.65839817993933
16572,1.65849808326944
16573,1.65859798659955
16574,1.65869788992966
16575,1.65879779325978
16576,1.65889769658989
16577,1.65899759992
16578,1.65909750325011
16579,1.65919740658022
16580,1.65929730991033
16581,1.65939721324044
16582,1.65949711657055
16583,1.65959701990066
16584,1.65969692323077
16585,1.65979682656089
16586,1.659896729891
16587,1.65999663322111
16588,1.66009653655122
16589,1.66019643988133
16590,1.66029634321144
16591,1.66039624654155
16592,1.66049614987166
16593,1.66059605320177
16594,1.66069595653188
16595,1.660795859862
16596,1.66089576319211
16597,1.66099566652222
16598,1.66109556985233
16599,1.66119547318244
16600,1.66129537651255
16601,1.66139527984266
16602,1.66149518317277
16603,1.66159508650288
16604,1.66169498983299
16605,1.66179489316311
16606,1.66189479649322
16607,1.66199469982333
16608,1.66209460315344
16609,1.66219450648355
16610,1.66229440981366
16611,1.66239431314377
16612,1.66249421647388
16613,1.66259411980399
16614,1.6626940231341
16615,1.66279392646422
16616,1.66289382979433
16617,1.66299373312444
16618,1.66309363645455
16619,1.66319353978466
16620,1.66329344311477
16621,1.66339334644488
16622,1.66349324977499
16623,1.6635931531051
16624,1.66369305643521
16625,1.66379295976533
16626,1.66389286309544
16627,1.66399276642555
16628,1.66409266975566
16629,1.66419257308577
16630,1.66429247641588
16631,1.66439237974599
16632,1.6644922830761
16633,1.66459218640621
16634,1.66469208973632
16635,1.66479199306644
16636,1.66489189639655
16637,1.66499179972666
16638,1.66509170305677
16639,1.66519160638688
16640,1.66529150971699
16641,1.6653914130471
16642,1.66549131637721
16643,1.66559121970732
16644,1.66569112303743
16645,1.66579102636755
16646,1.66589092969766
16647,1.66599083302777
16648,1.66609073635788
16649,1.66619063968799
16650,1.6662905430181
16651,1.66639044634821
16652,1.66649034967832
16653,1.66659025300843
16654,1.66669015633854
16655,1.66679005966866
16656,1.66688996299877
16657,1.66698986632888
16658,1.66708976965899
16659,1.6671896729891
16660,1.66728957631921
16661,1.66738947964932
16662,1.66748938297943
16663,1.66758928630954
16664,1.66768918963965
16665,1.66778909296977
16666,1.66788899629988
16667,1.66798889962999
16668,1.6680888029601
16669,1.66818870629021
16670,1.66828860962032
16671,1.66838851295043
16672,1.66848841628054
16673,1.66858831961065
16674,1.66868822294076
16675,1.66878812627088
16676,1.66888802960099
16677,1.6689879329311
16678,1.66908783626121
16679,1.66918773959132
16680,1.66928764292143
16681,1.66938754625154
16682,1.66948744958165
16683,1.66958735291176
16684,1.66968725624187
16685,1.66978715957199
16686,1.6698870629021
16687,1.66998696623221
16688,1.67008686956232
16689,1.67018677289243
16690,1.67028667622254
16691,1.67038657955265
16692,1.67048648288276
16693,1.67058638621287
16694,1.67068628954299
16695,1.6707861928731
16696,1.67088609620321
16697,1.67098599953332
16698,1.67108590286343
16699,1.67118580619354
16700,1.67128570952365
16701,1.67138561285376
16702,1.67148551618387
16703,1.67158541951398
16704,1.6716853228441
16705,1.67178522617421
16706,1.67188512950432
16707,1.67198503283443
16708,1.67208493616454
16709,1.67218483949465
16710,1.67228474282476
16711,1.67238464615487
16712,1.67248454948498
16713,1.67258445281509
16714,1.67268435614521
16715,1.67278425947532
16716,1.67288416280543
16717,1.67298406613554
16718,1.67308396946565
16719,1.67318387279576
16720,1.67328377612587
16721,1.67338367945598
16722,1.67348358278609
16723,1.6735834861162
16724,1.67368338944632
16725,1.67378329277643
16726,1.67388319610654
16727,1.67398309943665
16728,1.67408300276676
16729,1.67418290609687
16730,1.67428280942698
16731,1.67438271275709
16732,1.6744826160872
16733,1.67458251941731
16734,1.67468242274743
16735,1.67478232607754
16736,1.67488222940765
16737,1.67498213273776
16738,1.67508203606787
16739,1.67518193939798
16740,1.67528184272809
16741,1.6753817460582
16742,1.67548164938831
16743,1.67558155271842
16744,1.67568145604854
16745,1.67578135937865
16746,1.67588126270876
16747,1.67598116603887
16748,1.67608106936898
16749,1.67618097269909
16750,1.6762808760292
16751,1.67638077935931
16752,1.67648068268942
16753,1.67658058601953
16754,1.67668048934965
16755,1.67678039267976
16756,1.67688029600987
16757,1.67698019933998
16758,1.67708010267009
16759,1.6771800060002
16760,1.67727990933031
16761,1.67737981266042
16762,1.67747971599053
16763,1.67757961932064
16764,1.67767952265076
16765,1.67777942598087
16766,1.67787932931098
16767,1.67797923264109
16768,1.6780791359712
16769,1.67817903930131
16770,1.67827894263142
16771,1.67837884596153
16772,1.67847874929164
16773,1.67857865262175
16774,1.67867855595187
16775,1.67877845928198
16776,1.67887836261209
16777,1.6789782659422
16778,1.67907816927231
16779,1.67917807260242
16780,1.67927797593253
16781,1.67937787926264
16782,1.67947778259275
16783,1.67957768592286
16784,1.67967758925298
16785,1.67977749258309
16786,1.6798773959132
16787,1.67997729924331
16788,1.68007720257342
16789,1.68017710590353
16790,1.68027700923364
16791,1.68037691256375
16792,1.68047681589386
16793,1.68057671922397
16794,1.68067662255409
16795,1.6807765258842
16796,1.68087642921431
16797,1.68097633254442
16798,1.68107623587453
16799,1.68117613920464
16800,1.68127604253475
16801,1.68137594586486
16802,1.68147584919497
16803,1.68157575252508
16804,1.6816756558552
16805,1.68177555918531
16806,1.68187546251542
16807,1.68197536584553
16808,1.68207526917564
16809,1.68217517250575
16810,1.68227507583586
16811,1.68237497916597
16812,1.68247488249608
16813,1.68257478582619
16814,1.68267468915631
16815,1.68277459248642
16816,1.68287449581653
16817,1.68297439914664
16818,1.68307430247675
16819,1.68317420580686
16820,1.68327410913697
16821,1.68337401246708
16822,1.68347391579719
16823,1.6835738191273
16824,1.68367372245742
16825,1.68377362578753
16826,1.68387352911764
16827,1.68397343244775
16828,1.68407333577786
16829,1.68417323910797
16830,1.68427314243808
16831,1.68437304576819
16832,1.6844729490983
16833,1.68457285242841
16834,1.68467275575853
16835,1.68477265908864
16836,1.68487256241875
16837,1.68497246574886
16838,1.68507236907897
16839,1.68517227240908
16840,1.68527217573919
16841,1.6853720790693
16842,1.68547198239941
16843,1.68557188572952
16844,1.68567178905964
16845,1.68577169238975
16846,1.68587159571986
16847,1.68597149904997
16848,1.68607140238008
16849,1.68617130571019
16850,1.6862712090403
16851,1.68637111237041
16852,1.68647101570052
16853,1.68657091903063
16854,1.68667082236075
16855,1.68677072569086
16856,1.68687062902097
16857,1.68697053235108
16858,1.68707043568119
16859,1.6871703390113
16860,1.68727024234141
16861,1.68737014567152
16862,1.68747004900163
16863,1.68756995233174
16864,1.68766985566186
16865,1.68776975899197
16866,1.68786966232208
16867,1.68796956565219
16868,1.6880694689823
16869,1.68816937231241
16870,1.68826927564252
16871,1.68836917897263
16872,1.68846908230274
16873,1.68856898563285
16874,1.68866888896297
16875,1.68876879229308
16876,1.68886869562319
16877,1.6889685989533
16878,1.68906850228341
16879,1.68916840561352
16880,1.68926830894363
16881,1.68936821227374
16882,1.68946811560385
16883,1.68956801893396
16884,1.68966792226408
16885,1.68976782559419
16886,1.6898677289243
16887,1.68996763225441
16888,1.69006753558452
16889,1.69016743891463
16890,1.69026734224474
16891,1.69036724557485
16892,1.69046714890496
16893,1.69056705223507
16894,1.69066695556519
16895,1.6907668588953
16896,1.69086676222541
16897,1.69096666555552
16898,1.69106656888563
16899,1.69116647221574
16900,1.69126637554585
16901,1.69136627887596
16902,1.69146618220607
16903,1.69156608553618
16904,1.6916659888663
16905,1.69176589219641
16906,1.69186579552652
16907,1.69196569885663
16908,1.69206560218674
16909,1.69216550551685
16910,1.69226540884696
16911,1.69236531217707
16912,1.69246521550718
16913,1.69256511883729
16914,1.69266502216741
16915,1.69276492549752
16916,1.69286482882763
16917,1.69296473215774
16918,1.69306463548785
16919,1.69316453881796
16920,1.69326444214807
16921,1.69336434547818
16922,1.69346424880829
16923,1.6935641521384
16924,1.69366405546852
16925,1.69376395879863
16926,1.69386386212874
16927,1.69396376545885
16928,1.69406366878896
16929,1.69416357211907
16930,1.69426347544918
16931,1.69436337877929
16932,1.6944632821094
16933,1.69456318543951
16934,1.69466308876963
16935,1.69476299209974
16936,1.69486289542985
16937,1.69496279875996
16938,1.69506270209007
16939,1.69516260542018
16940,1.69526250875029
16941,1.6953624120804
16942,1.69546231541051
16943,1.69556221874062
16944,1.69566212207074
16945,1.69576202540085
16946,1.69586192873096
16947,1.69596183206107
16948,1.69606173539118
16949,1.69616163872129
16950,1.6962615420514
16951,1.69636144538151
16952,1.69646134871162
16953,1.69656125204173
16954,1.69666115537185
16955,1.69676105870196
16956,1.69686096203207
16957,1.69696086536218
16958,1.69706076869229
16959,1.6971606720224
16960,1.69726057535251
16961,1.69736047868262
16962,1.69746038201273
16963,1.69756028534284
16964,1.69766018867296
16965,1.69776009200307
16966,1.69785999533318
16967,1.69795989866329
16968,1.6980598019934
16969,1.69815970532351
16970,1.69825960865362
16971,1.69835951198373
16972,1.69845941531384
16973,1.69855931864395
16974,1.69865922197407
16975,1.69875912530418
16976,1.69885902863429
16977,1.6989589319644
16978,1.69905883529451
16979,1.69915873862462
16980,1.69925864195473
16981,1.69935854528484
16982,1.69945844861495
16983,1.69955835194506
16984,1.69965825527518
16985,1.69975815860529
16986,1.6998580619354
16987,1.69995796526551
16988,1.70005786859562
16989,1.70015777192573
16990,1.70025767525584
16991,1.70035757858595
16992,1.70045748191606
16993,1.70055738524617
16994,1.70065728857629
16995,1.7007571919064
16996,1.70085709523651
16997,1.70095699856662
16998,1.70105690189673
16999,1.70115680522684
17000,1.70125670855695
17001,1.70135661188706
17002,1.70145651521717
17003,1.70155641854729
17004,1.7016563218774
17005,1.70175622520751
17006,1.70185612853762
17007,1.70195603186773
17008,1.70205593519784
17009,1.70215583852795
17010,1.70225574185806
17011,1.70235564518817
17012,1.70245554851828
17013,1.7025554518484
17014,1.70265535517851
17015,1.70275525850862
17016,1.70285516183873
17017,1.70295506516884
17018,1.70305496849895
17019,1.70315487182906
17020,1.70325477515917
17021,1.70335467848928
17022,1.70345458181939
17023,1.70355448514951
17024,1.70365438847962
17025,1.70375429180973
17026,1.70385419513984
17027,1.70395409846995
17028,1.70405400180006
17029,1.70415390513017
17030,1.70425380846028
17031,1.70435371179039
17032,1.7044536151205
17033,1.70455351845062
17034,1.70465342178073
17035,1.70475332511084
17036,1.70485322844095
17037,1.70495313177106
17038,1.70505303510117
17039,1.70515293843128
17040,1.70525284176139
17041,1.7053527450915
17042,1.70545264842161
17043,1.70555255175173
17044,1.70565245508184
17045,1.70575235841195
17046,1.70585226174206
17047,1.70595216507217
17048,1.70605206840228
17049,1.70615197173239
17050,1.7062518750625
17051,1.70635177839261
17052,1.70645168172272
17053,1.70655158505284
17054,1.70665148838295
17055,1.70675139171306
17056,1.70685129504317
17057,1.70695119837328
17058,1.70705110170339
17059,1.7071510050335
17060,1.70725090836361
17061,1.70735081169372
17062,1.70745071502383
17063,1.70755061835395
17064,1.70765052168406
17065,1.70775042501417
17066,1.70785032834428
17067,1.70795023167439
17068,1.7080501350045
17069,1.70815003833461
17070,1.70824994166472
17071,1.70834984499483
17072,1.70844974832494
17073,1.70854965165506
17074,1.70864955498517
17075,1.70874945831528
17076,1.70884936164539
17077,1.7089492649755
17078,1.70904916830561
17079,1.70914907163572
17080,1.70924897496583
17081,1.70934887829594
17082,1.70944878162605
17083,1.70954868495617
17084,1.70964858828628
17085,1.70974849161639
17086,1.7098483949465
17087,1.70994829827661
17088,1.71004820160672
17089,1.71014810493683
17090,1.71024800826694
17091,1.71034791159705
17092,1.71044781492716
17093,1.71054771825728
17094,1.71064762158739
17095,1.7107475249175
17096,1.71084742824761
17097,1.71094733157772
17098,1.71104723490783
17099,1.71114713823794
17100,1.71124704156805
17101,1.71134694489816
17102,1.71144684822827
17103,1.71154675155839
17104,1.7116466548885
17105,1.71174655821861
17106,1.71184646154872
17107,1.71194636487883
17108,1.71204626820894
17109,1.71214617153905
17110,1.71224607486916
17111,1.71234597819927
17112,1.71244588152938
17113,1.7125457848595
17114,1.71264568818961
17115,1.71274559151972
17116,1.71284549484983
17117,1.71294539817994
17118,1.71304530151005
17119,1.71314520484016
17120,1.71324510817027
17121,1.71334501150038
17122,1.71344491483049
17123,1.71354481816061
17124,1.71364472149072
17125,1.71374462482083
17126,1.71384452815094
17127,1.71394443148105
17128,1.71404433481116
17129,1.71414423814127
17130,1.71424414147138
17131,1.71434404480149
17132,1.7144439481316
17133,1.71454385146172
17134,1.71464375479183
17135,1.71474365812194
17136,1.71484356145205
17137,1.71494346478216
17138,1.71504336811227
17139,1.71514327144238
17140,1.71524317477249
17141,1.7153430781026
17142,1.71544298143271
17143,1.71554288476283
17144,1.71564278809294
17145,1.71574269142305
17146,1.71584259475316
17147,1.71594249808327
17148,1.71604240141338
17149,1.71614230474349
17150,1.7162422080736
17151,1.71634211140371
17152,1.71644201473382
17153,1.71654191806394
17154,1.71664182139405
17155,1.71674172472416
17156,1.71684162805427
17157,1.71694153138438
17158,1.71704143471449
17159,1.7171413380446
17160,1.71724124137471
17161,1.71734114470482
17162,1.71744104803493
17163,1.71754095136505
17164,1.71764085469516
17165,1.71774075802527
17166,1.71784066135538
17167,1.71794056468549
17168,1.7180404680156
17169,1.71814037134571
17170,1.71824027467582
17171,1.71834017800593
17172,1.71844008133604
17173,1.71853998466616
17174,1.71863988799627
17175,1.71873979132638
17176,1.71883969465649
17177,1.7189395979866
17178,1.71903950131671
17179,1.71913940464682
17180,1.71923930797693
17181,1.71933921130704
17182,1.71943911463715
17183,1.71953901796727
17184,1.71963892129738
17185,1.71973882462749
17186,1.7198387279576
17187,1.71993863128771
17188,1.72003853461782
17189,1.72013843794793
17190,1.72023834127804
17191,1.72033824460815
17192,1.72043814793826
17193,1.72053805126838
17194,1.72063795459849
17195,1.7207378579286
17196,1.72083776125871
17197,1.72093766458882
17198,1.72103756791893
17199,1.72113747124904
17200,1.72123737457915
17201,1.72133727790926
17202,1.72143718123937
17203,1.72153708456949
17204,1.7216369878996
17205,1.72173689122971
17206,1.72183679455982
17207,1.72193669788993
17208,1.72203660122004
17209,1.72213650455015
17210,1.72223640788026
17211,1.72233631121037
17212,1.72243621454048
17213,1.7225361178706
17214,1.72263602120071
17215,1.72273592453082
17216,1.72283582786093
17217,1.72293573119104
17218,1.72303563452115
17219,1.72313553785126
17220,1.72323544118137
17221,1.72333534451148
17222,1.72343524784159
17223,1.72353515117171
17224,1.72363505450182
17225,1.72373495783193
17226,1.72383486116204
17227,1.72393476449215
17228,1.72403466782226
17229,1.72413457115237
17230,1.72423447448248
17231,1.72433437781259
17232,1.7244342811427
17233,1.72453418447282
17234,1.72463408780293
17235,1.72473399113304
17236,1.72483389446315
17237,1.72493379779326
17238,1.72503370112337
17239,1.72513360445348
17240,1.72523350778359
17241,1.7253334111137
17242,1.72543331444381
17243,1.72553321777393
17244,1.72563312110404
17245,1.72573302443415
17246,1.72583292776426
17247,1.72593283109437
17248,1.72603273442448
17249,1.72613263775459
17250,1.7262325410847
17251,1.72633244441481
17252,1.72643234774493
17253,1.72653225107504
17254,1.72663215440515
17255,1.72673205773526
17256,1.72683196106537
17257,1.72693186439548
17258,1.72703176772559
17259,1.7271316710557
17260,1.72723157438581
17261,1.72733147771592
17262,1.72743138104603
17263,1.72753128437615
17264,1.72763118770626
17265,1.72773109103637
17266,1.72783099436648
17267,1.72793089769659
17268,1.7280308010267
17269,1.72813070435681
17270,1.72823060768692
17271,1.72833051101703
17272,1.72843041434714
17273,1.72853031767726
17274,1.72863022100737
17275,1.72873012433748
17276,1.72883002766759
17277,1.7289299309977
17278,1.72902983432781
17279,1.72912973765792
17280,1.72922964098803
17281,1.72932954431814
17282,1.72942944764826
17283,1.72952935097837
17284,1.72962925430848
17285,1.72972915763859
17286,1.7298290609687
17287,1.72992896429881
17288,1.73002886762892
17289,1.73012877095903
17290,1.73022867428914
17291,1.73032857761925
17292,1.73042848094937
17293,1.73052838427948
17294,1.73062828760959
17295,1.7307281909397
17296,1.73082809426981
17297,1.73092799759992
17298,1.73102790093003
17299,1.73112780426014
17300,1.73122770759025
17301,1.73132761092036
17302,1.73142751425048
17303,1.73152741758059
17304,1.7316273209107
17305,1.73172722424081
17306,1.73182712757092
17307,1.73192703090103
17308,1.73202693423114
17309,1.73212683756125
17310,1.73222674089136
17311,1.73232664422147
17312,1.73242654755159
17313,1.7325264508817
17314,1.73262635421181
17315,1.73272625754192
17316,1.73282616087203
17317,1.73292606420214
17318,1.73302596753225
17319,1.73312587086236
17320,1.73322577419247
17321,1.73332567752258
17322,1.7334255808527
17323,1.73352548418281
17324,1.73362538751292
17325,1.73372529084303
17326,1.73382519417314
17327,1.73392509750325
17328,1.73402500083336
17329,1.73412490416347
17330,1.73422480749358
17331,1.73432471082369
17332,1.73442461415381
17333,1.73452451748392
17334,1.73462442081403
17335,1.73472432414414
17336,1.73482422747425
17337,1.73492413080436
17338,1.73502403413447
17339,1.73512393746458
17340,1.73522384079469
17341,1.7353237441248
17342,1.73542364745492
17343,1.73552355078503
17344,1.73562345411514
17345,1.73572335744525
17346,1.73582326077536
17347,1.73592316410547
17348,1.73602306743558
17349,1.73612297076569
17350,1.7362228740958
17351,1.73632277742591
17352,1.73642268075603
17353,1.73652258408614
17354,1.73662248741625
17355,1.73672239074636
17356,1.73682229407647
17357,1.73692219740658
17358,1.73702210073669
17359,1.7371220040668
17360,1.73722190739691
17361,1.73732181072702
17362,1.73742171405714
17363,1.73752161738725
17364,1.73762152071736
17365,1.73772142404747
17366,1.73782132737758
17367,1.73792123070769
17368,1.7380211340378
17369,1.73812103736791
17370,1.73822094069802
17371,1.73832084402813
17372,1.73842074735825
17373,1.73852065068836
17374,1.73862055401847
17375,1.73872045734858
17376,1.73882036067869
17377,1.7389202640088
17378,1.73902016733891
17379,1.73912007066902
17380,1.73921997399913
17381,1.73931987732924
17382,1.73941978065936
17383,1.73951968398947
17384,1.73961958731958
17385,1.73971949064969
17386,1.7398193939798
17387,1.73991929730991
17388,1.74001920064002
17389,1.74011910397013
17390,1.74021900730024
17391,1.74031891063035
17392,1.74041881396047
17393,1.74051871729058
17394,1.74061862062069
17395,1.7407185239508
17396,1.74081842728091
17397,1.74091833061102
17398,1.74101823394113
17399,1.74111813727124
17400,1.74121804060135
17401,1.74131794393146
17402,1.74141784726158
17403,1.74151775059169
17404,1.7416176539218
17405,1.74171755725191
17406,1.74181746058202
17407,1.74191736391213
17408,1.74201726724224
17409,1.74211717057235
17410,1.74221707390246
17411,1.74231697723257
17412,1.74241688056269
17413,1.7425167838928
17414,1.74261668722291
17415,1.74271659055302
17416,1.74281649388313
17417,1.74291639721324
17418,1.74301630054335
17419,1.74311620387346
17420,1.74321610720357
17421,1.74331601053368
17422,1.7434159138638
17423,1.74351581719391
17424,1.74361572052402
17425,1.74371562385413
17426,1.74381552718424
17427,1.74391543051435
17428,1.74401533384446
17429,1.74411523717457
17430,1.74421514050468
17431,1.74431504383479
17432,1.74441494716491
17433,1.74451485049502
17434,1.74461475382513
17435,1.74471465715524
17436,1.74481456048535
17437,1.74491446381546
17438,1.74501436714557
17439,1.74511427047568
17440,1.74521417380579
17441,1.7453140771359
17442,1.74541398046602
17443,1.74551388379613
17444,1.74561378712624
17445,1.74571369045635
17446,1.74581359378646
17447,1.74591349711657
17448,1.74601340044668
17449,1.74611330377679
17450,1.7462132071069
17451,1.74631311043701
17452,1.74641301376713
17453,1.74651291709724
17454,1.74661282042735
17455,1.74671272375746
17456,1.74681262708757
17457,1.74691253041768
17458,1.74701243374779
17459,1.7471123370779
17460,1.74721224040801
17461,1.74731214373812
17462,1.74741204706824
17463,1.74751195039835
17464,1.74761185372846
17465,1.74771175705857
17466,1.74781166038868
17467,1.74791156371879
17468,1.7480114670489
17469,1.74811137037901
17470,1.74821127370912
17471,1.74831117703923
17472,1.74841108036935
17473,1.74851098369946
17474,1.74861088702957
17475,1.74871079035968
17476,1.74881069368979
17477,1.7489105970199
17478,1.74901050035001
17479,1.74911040368012
17480,1.74921030701023
17481,1.74931021034034
17482,1.74941011367046
17483,1.74951001700057
17484,1.74960992033068
17485,1.74970982366079
17486,1.7498097269909
17487,1.74990963032101
17488,1.75000953365112
17489,1.75010943698123
17490,1.75020934031134
17491,1.75030924364145
17492,1.75040914697157
17493,1.75050905030168
17494,1.75060895363179
17495,1.7507088569619
17496,1.75080876029201
17497,1.75090866362212
17498,1.75100856695223
17499,1.75110847028234
17500,1.75120837361245
17501,1.75130827694256
17502,1.75140818027268
17503,1.75150808360279
17504,1.7516079869329
17505,1.75170789026301
17506,1.75180779359312
17507,1.75190769692323
17508,1.75200760025334
17509,1.75210750358345
17510,1.75220740691356
17511,1.75230731024367
17512,1.75240721357379
17513,1.7525071169039
17514,1.75260702023401
17515,1.75270692356412
17516,1.75280682689423
17517,1.75290673022434
17518,1.75300663355445
17519,1.75310653688456
17520,1.75320644021467
17521,1.75330634354478
17522,1.7534062468749
17523,1.75350615020501
17524,1.75360605353512
17525,1.75370595686523
17526,1.75380586019534
17527,1.75390576352545
17528,1.75400566685556
17529,1.75410557018567
17530,1.75420547351578
17531,1.75430537684589
17532,1.75440528017601
17533,1.75450518350612
17534,1.75460508683623
17535,1.75470499016634
17536,1.75480489349645
17537,1.75490479682656
17538,1.75500470015667
17539,1.75510460348678
17540,1.75520450681689
17541,1.75530441014701
17542,1.75540431347712
17543,1.75550421680723
17544,1.75560412013734
17545,1.75570402346745
17546,1.75580392679756
17547,1.75590383012767
17548,1.75600373345778
17549,1.75610363678789
17550,1.756203540118
17551,1.75630344344812
17552,1.75640334677823
17553,1.75650325010834
17554,1.75660315343845
17555,1.75670305676856
17556,1.75680296009867
17557,1.75690286342878
17558,1.75700276675889
17559,1.757102670089
17560,1.75720257341911
17561,1.75730247674922
17562,1.75740238007934
17563,1.75750228340945
17564,1.75760218673956
17565,1.75770209006967
17566,1.75780199339978
17567,1.75790189672989
17568,1.75800180006
17569,1.75810170339011
17570,1.75820160672022
17571,1.75830151005033
17572,1.75840141338045
17573,1.75850131671056
17574,1.75860122004067
17575,1.75870112337078
17576,1.75880102670089
17577,1.758900930031
17578,1.75900083336111
17579,1.75910073669122
17580,1.75920064002133
17581,1.75930054335145
17582,1.75940044668156
17583,1.75950035001167
17584,1.75960025334178
17585,1.75970015667189
17586,1.759800060002
17587,1.75989996333211
17588,1.75999986666222
17589,1.76009976999233
17590,1.76019967332244
17591,1.76029957665256
17592,1.76039947998267
17593,1.76049938331278
17594,1.76059928664289
17595,1.760699189973
17596,1.76079909330311
17597,1.76089899663322
17598,1.76099889996333
17599,1.76109880329344
17600,1.76119870662355
17601,1.76129860995367
17602,1.76139851328378
17603,1.76149841661389
17604,1.761598319944
17605,1.76169822327411
17606,1.76179812660422
17607,1.76189802993433
17608,1.76199793326444
17609,1.76209783659455
17610,1.76219773992466
17611,1.76229764325478
17612,1.76239754658489
17613,1.762497449915
17614,1.76259735324511
17615,1.76269725657522
17616,1.76279715990533
17617,1.76289706323544
17618,1.76299696656555
17619,1.76309686989566
17620,1.76319677322577
17621,1.76329667655589
17622,1.763396579886
17623,1.76349648321611
17624,1.76359638654622
17625,1.76369628987633
17626,1.76379619320644
17627,1.76389609653655
17628,1.76399599986666
17629,1.76409590319677
17630,1.76419580652688
17631,1.764295709857
17632,1.76439561318711
17633,1.76449551651722
17634,1.76459541984733
17635,1.76469532317744
17636,1.76479522650755
17637,1.76489512983766
17638,1.76499503316777
17639,1.76509493649788
17640,1.76519483982799
17641,1.76529474315811
17642,1.76539464648822
17643,1.76549454981833
17644,1.76559445314844
17645,1.76569435647855
17646,1.76579425980866
17647,1.76589416313877
17648,1.76599406646888
17649,1.76609396979899
17650,1.7661938731291
17651,1.76629377645922
17652,1.76639367978933
17653,1.76649358311944
17654,1.76659348644955
17655,1.76669338977966
17656,1.76679329310977
17657,1.76689319643988
17658,1.76699309976999
17659,1.7670930031001
17660,1.76719290643021
17661,1.76729280976033
17662,1.76739271309044
17663,1.76749261642055
17664,1.76759251975066
17665,1.76769242308077
17666,1.76779232641088
17667,1.76789222974099
17668,1.7679921330711
17669,1.76809203640121
17670,1.76819193973132
17671,1.76829184306144
17672,1.76839174639155
17673,1.76849164972166
17674,1.76859155305177
17675,1.76869145638188
17676,1.76879135971199
17677,1.7688912630421
17678,1.76899116637221
17679,1.76909106970232
17680,1.76919097303243
17681,1.76929087636255
17682,1.76939077969266
17683,1.76949068302277
17684,1.76959058635288
17685,1.76969048968299
17686,1.7697903930131
17687,1.76989029634321
17688,1.76999019967332
17689,1.77009010300343
17690,1.77019000633354
17691,1.77028990966366
17692,1.77038981299377
17693,1.77048971632388
17694,1.77058961965399
17695,1.7706895229841
17696,1.77078942631421
17697,1.77088932964432
17698,1.77098923297443
17699,1.77108913630454
17700,1.77118903963465
17701,1.77128894296477
17702,1.77138884629488
17703,1.77148874962499
17704,1.7715886529551
17705,1.77168855628521
17706,1.77178845961532
17707,1.77188836294543
17708,1.77198826627554
17709,1.77208816960565
17710,1.77218807293576
17711,1.77228797626588
17712,1.77238787959599
17713,1.7724877829261
17714,1.77258768625621
17715,1.77268758958632
17716,1.77278749291643
17717,1.77288739624654
17718,1.77298729957665
17719,1.77308720290676
17720,1.77318710623687
17721,1.77328700956699
17722,1.7733869128971
17723,1.77348681622721
17724,1.77358671955732
17725,1.77368662288743
17726,1.77378652621754
17727,1.77388642954765
17728,1.77398633287776
17729,1.77408623620787
17730,1.77418613953798
17731,1.7742860428681
17732,1.77438594619821
17733,1.77448584952832
17734,1.77458575285843
17735,1.77468565618854
17736,1.77478555951865
17737,1.77488546284876
17738,1.77498536617887
17739,1.77508526950898
17740,1.77518517283909
17741,1.77528507616921
17742,1.77538497949932
17743,1.77548488282943
17744,1.77558478615954
17745,1.77568468948965
17746,1.77578459281976
17747,1.77588449614987
17748,1.77598439947998
17749,1.77608430281009
17750,1.7761842061402
17751,1.77628410947032
17752,1.77638401280043
17753,1.77648391613054
17754,1.77658381946065
17755,1.77668372279076
17756,1.77678362612087
17757,1.77688352945098
17758,1.77698343278109
17759,1.7770833361112
17760,1.77718323944131
17761,1.77728314277143
17762,1.77738304610154
17763,1.77748294943165
17764,1.77758285276176
17765,1.77768275609187
17766,1.77778265942198
17767,1.77788256275209
17768,1.7779824660822
17769,1.77808236941231
17770,1.77818227274242
17771,1.77828217607254
17772,1.77838207940265
17773,1.77848198273276
17774,1.77858188606287
17775,1.77868178939298
17776,1.77878169272309
17777,1.7788815960532
17778,1.77898149938331
17779,1.77908140271342
17780,1.77918130604353
17781,1.77928120937365
17782,1.77938111270376
17783,1.77948101603387
17784,1.77958091936398
17785,1.77968082269409
17786,1.7797807260242
17787,1.77988062935431
17788,1.77998053268442
17789,1.78008043601453
17790,1.78018033934464
17791,1.78028024267476
17792,1.78038014600487
17793,1.78048004933498
17794,1.78057995266509
17795,1.7806798559952
17796,1.78077975932531
17797,1.78087966265542
17798,1.78097956598553
17799,1.78107946931564
17800,1.78117937264575
17801,1.78127927597587
17802,1.78137917930598
17803,1.78147908263609
17804,1.7815789859662
17805,1.78167888929631
17806,1.78177879262642
17807,1.78187869595653
17808,1.78197859928664
17809,1.78207850261675
17810,1.78217840594686
17811,1.78227830927698
17812,1.78237821260709
17813,1.7824781159372
17814,1.78257801926731
17815,1.78267792259742
17816,1.78277782592753
17817,1.78287772925764
17818,1.78297763258775
17819,1.78307753591786
17820,1.78317743924797
17821,1.78327734257809
17822,1.7833772459082
17823,1.78347714923831
17824,1.78357705256842
17825,1.78367695589853
17826,1.78377685922864
17827,1.78387676255875
17828,1.78397666588886
17829,1.78407656921897
17830,1.78417647254909
17831,1.7842763758792
17832,1.78437627920931
17833,1.78447618253942
17834,1.78457608586953
17835,1.78467598919964
17836,1.78477589252975
17837,1.78487579585986
17838,1.78497569918997
17839,1.78507560252008
17840,1.7851755058502
17841,1.78527540918031
17842,1.78537531251042
17843,1.78547521584053
17844,1.78557511917064
17845,1.78567502250075
17846,1.78577492583086
17847,1.78587482916097
17848,1.78597473249108
17849,1.78607463582119
17850,1.7861745391513
17851,1.78627444248142
17852,1.78637434581153
17853,1.78647424914164
17854,1.78657415247175
17855,1.78667405580186
17856,1.78677395913197
17857,1.78687386246208
17858,1.78697376579219
17859,1.7870736691223
17860,1.78717357245242
17861,1.78727347578253
17862,1.78737337911264
17863,1.78747328244275
17864,1.78757318577286
17865,1.78767308910297
17866,1.78777299243308
17867,1.78787289576319
17868,1.7879727990933
17869,1.78807270242341
17870,1.78817260575353
17871,1.78827250908364
17872,1.78837241241375
17873,1.78847231574386
17874,1.78857221907397
17875,1.78867212240408
17876,1.78877202573419
17877,1.7888719290643
17878,1.78897183239441
17879,1.78907173572452
17880,1.78917163905464
17881,1.78927154238475
17882,1.78937144571486
17883,1.78947134904497
17884,1.78957125237508
17885,1.78967115570519
17886,1.7897710590353
17887,1.78987096236541
17888,1.78997086569552
17889,1.79007076902563
17890,1.79017067235575
17891,1.79027057568586
17892,1.79037047901597
17893,1.79047038234608
17894,1.79057028567619
17895,1.7906701890063
17896,1.79077009233641
17897,1.79086999566652
17898,1.79096989899663
17899,1.79106980232674
17900,1.79116970565686
17901,1.79126960898697
17902,1.79136951231708
17903,1.79146941564719
17904,1.7915693189773
17905,1.79166922230741
17906,1.79176912563752
17907,1.79186902896763
17908,1.79196893229774
17909,1.79206883562785
17910,1.79216873895797
17911,1.79226864228808
17912,1.79236854561819
17913,1.7924684489483
17914,1.79256835227841
17915,1.79266825560852
17916,1.79276815893863
17917,1.79286806226874
17918,1.79296796559885
17919,1.79306786892896
17920,1.79316777225908
17921,1.79326767558919
17922,1.7933675789193
17923,1.79346748224941
17924,1.79356738557952
17925,1.79366728890963
17926,1.79376719223974
17927,1.79386709556985
17928,1.79396699889996
17929,1.79406690223007
17930,1.79416680556019
17931,1.7942667088903
17932,1.79436661222041
17933,1.79446651555052
17934,1.79456641888063
17935,1.79466632221074
17936,1.79476622554085
17937,1.79486612887096
17938,1.79496603220107
17939,1.79506593553118
17940,1.7951658388613
17941,1.79526574219141
17942,1.79536564552152
17943,1.79546554885163
17944,1.79556545218174
17945,1.79566535551185
17946,1.79576525884196
17947,1.79586516217207
17948,1.79596506550218
17949,1.79606496883229
17950,1.79616487216241
17951,1.79626477549252
17952,1.79636467882263
17953,1.79646458215274
17954,1.79656448548285
17955,1.79666438881296
17956,1.79676429214307
17957,1.79686419547318
17958,1.79696409880329
17959,1.7970640021334
17960,1.79716390546352
17961,1.79726380879363
17962,1.79736371212374
17963,1.79746361545385
17964,1.79756351878396
17965,1.79766342211407
17966,1.79776332544418
17967,1.79786322877429
17968,1.7979631321044
17969,1.79806303543451
17970,1.79816293876463
17971,1.79826284209474
17972,1.79836274542485
17973,1.79846264875496
17974,1.79856255208507
17975,1.79866245541518
17976,1.79876235874529
17977,1.7988622620754
17978,1.79896216540551
17979,1.79906206873562
17980,1.79916197206574
17981,1.79926187539585
17982,1.79936177872596
17983,1.79946168205607
17984,1.79956158538618
17985,1.79966148871629
17986,1.7997613920464
17987,1.79986129537651
17988,1.79996119870662
17989,1.80006110203673
17990,1.80016100536685
17991,1.80026090869696
17992,1.80036081202707
17993,1.80046071535718
17994,1.80056061868729
17995,1.8006605220174
17996,1.80076042534751
17997,1.80086032867762
17998,1.80096023200773
17999,1.80106013533784
18000,1.80116003866796
18001,1.80125994199807
18002,1.80135984532818
18003,1.80145974865829
18004,1.8015596519884
18005,1.80165955531851
18006,1.80175945864862
18007,1.80185936197873
18008,1.80195926530884
18009,1.80205916863895
18010,1.80215907196907
18011,1.80225897529918
18012,1.80235887862929
18013,1.8024587819594
18014,1.80255868528951
18015,1.80265858861962
18016,1.80275849194973
18017,1.80285839527984
18018,1.80295829860995
18019,1.80305820194006
18020,1.80315810527018
18021,1.80325800860029
18022,1.8033579119304
18023,1.80345781526051
18024,1.80355771859062
18025,1.80365762192073
18026,1.80375752525084
18027,1.80385742858095
18028,1.80395733191106
18029,1.80405723524117
18030,1.80415713857129
18031,1.8042570419014
18032,1.80435694523151
18033,1.80445684856162
18034,1.80455675189173
18035,1.80465665522184
18036,1.80475655855195
18037,1.80485646188206
18038,1.80495636521217
18039,1.80505626854228
18040,1.8051561718724
18041,1.80525607520251
18042,1.80535597853262
18043,1.80545588186273
18044,1.80555578519284
18045,1.80565568852295
18046,1.80575559185306
18047,1.80585549518317
18048,1.80595539851328
18049,1.80605530184339
18050,1.80615520517351
18051,1.80625510850362
18052,1.80635501183373
18053,1.80645491516384
18054,1.80655481849395
18055,1.80665472182406
18056,1.80675462515417
18057,1.80685452848428
18058,1.80695443181439
18059,1.8070543351445
18060,1.80715423847462
18061,1.80725414180473
18062,1.80735404513484
18063,1.80745394846495
18064,1.80755385179506
18065,1.80765375512517
18066,1.80775365845528
18067,1.80785356178539
18068,1.8079534651155
18069,1.80805336844562
18070,1.80815327177573
18071,1.80825317510584
18072,1.80835307843595
18073,1.80845298176606
18074,1.80855288509617
18075,1.80865278842628
18076,1.80875269175639
18077,1.8088525950865
18078,1.80895249841661
18079,1.80905240174673
18080,1.80915230507684
18081,1.80925220840695
18082,1.80935211173706
18083,1.80945201506717
18084,1.80955191839728
18085,1.80965182172739
18086,1.8097517250575
18087,1.80985162838761
18088,1.80995153171772
18089,1.81005143504783
18090,1.81015133837795
18091,1.81025124170806
18092,1.81035114503817
18093,1.81045104836828
18094,1.81055095169839
18095,1.8106508550285
18096,1.81075075835861
18097,1.81085066168872
18098,1.81095056501883
18099,1.81105046834895
18100,1.81115037167906
18101,1.81125027500917
18102,1.81135017833928
18103,1.81145008166939
18104,1.8115499849995
18105,1.81164988832961
18106,1.81174979165972
18107,1.81184969498983
18108,1.81194959831994
18109,1.81204950165006
18110,1.81214940498017
18111,1.81224930831028
18112,1.81234921164039
18113,1.8124491149705
18114,1.81254901830061
18115,1.81264892163072
18116,1.81274882496083
18117,1.81284872829094
18118,1.81294863162105
18119,1.81304853495117
18120,1.81314843828128
18121,1.81324834161139
18122,1.8133482449415
18123,1.81344814827161
18124,1.81354805160172
18125,1.81364795493183
18126,1.81374785826194
18127,1.81384776159205
18128,1.81394766492216
18129,1.81404756825228
18130,1.81414747158239
18131,1.8142473749125
18132,1.81434727824261
18133,1.81444718157272
18134,1.81454708490283
18135,1.81464698823294
18136,1.81474689156305
18137,1.81484679489316
18138,1.81494669822327
18139,1.81504660155339
18140,1.8151465048835
18141,1.81524640821361
18142,1.81534631154372
18143,1.81544621487383
18144,1.81554611820394
18145,1.81564602153405
18146,1.81574592486416
18147,1.81584582819427
18148,1.81594573152438
18149,1.8160456348545
18150,1.81614553818461
18151,1.81624544151472
18152,1.81634534484483
18153,1.81644524817494
18154,1.81654515150505
18155,1.81664505483516
18156,1.81674495816527
18157,1.81684486149538
18158,1.81694476482549
18159,1.81704466815561
18160,1.81714457148572
18161,1.81724447481583
18162,1.81734437814594
18163,1.81744428147605
18164,1.81754418480616
18165,1.81764408813627
18166,1.81774399146638
18167,1.81784389479649
18168,1.8179437981266
18169,1.81804370145672
18170,1.81814360478683
18171,1.81824350811694
18172,1.81834341144705
18173,1.81844331477716
18174,1.81854321810727
18175,1.81864312143738
18176,1.81874302476749
18177,1.8188429280976
18178,1.81894283142771
18179,1.81904273475783
18180,1.81914263808794
18181,1.81924254141805
18182,1.81934244474816
18183,1.81944234807827
18184,1.81954225140838
18185,1.81964215473849
18186,1.8197420580686
18187,1.81984196139871
18188,1.81994186472882
18189,1.82004176805894
18190,1.82014167138905
18191,1.82024157471916
18192,1.82034147804927
18193,1.82044138137938
18194,1.82054128470949
18195,1.8206411880396
18196,1.82074109136971
18197,1.82084099469982
18198,1.82094089802993
18199,1.82104080136005
18200,1.82114070469016
18201,1.82124060802027
18202,1.82134051135038
18203,1.82144041468049
18204,1.8215403180106
18205,1.82164022134071
18206,1.82174012467082
18207,1.82184002800093
18208,1.82193993133104
18209,1.82203983466116
18210,1.82213973799127
18211,1.82223964132138
18212,1.82233954465149
18213,1.8224394479816
18214,1.82253935131171
18215,1.82263925464182
18216,1.82273915797193
18217,1.82283906130204
18218,1.82293896463215
18219,1.82303886796227
18220,1.82313877129238
18221,1.82323867462249
18222,1.8233385779526
18223,1.82343848128271
18224,1.82353838461282
18225,1.82363828794293
18226,1.82373819127304
18227,1.82383809460315
18228,1.82393799793326
18229,1.82403790126338
18230,1.82413780459349
18231,1.8242377079236
18232,1.82433761125371
18233,1.82443751458382
18234,1.82453741791393
18235,1.82463732124404
18236,1.82473722457415
18237,1.82483712790426
18238,1.82493703123437
18239,1.82503693456449
18240,1.8251368378946
18241,1.82523674122471
18242,1.82533664455482
18243,1.82543654788493
18244,1.82553645121504
18245,1.82563635454515
18246,1.82573625787526
18247,1.82583616120537
18248,1.82593606453548
18249,1.8260359678656
18250,1.82613587119571
18251,1.82623577452582
18252,1.82633567785593
18253,1.82643558118604
18254,1.82653548451615
18255,1.82663538784626
18256,1.82673529117637
18257,1.82683519450648
18258,1.82693509783659
18259,1.82703500116671
18260,1.82713490449682
18261,1.82723480782693
18262,1.82733471115704
18263,1.82743461448715
18264,1.82753451781726
18265,1.82763442114737
18266,1.82773432447748
18267,1.82783422780759
18268,1.8279341311377
18269,1.82803403446782
18270,1.82813393779793
18271,1.82823384112804
18272,1.82833374445815
18273,1.82843364778826
18274,1.82853355111837
18275,1.82863345444848
18276,1.82873335777859
18277,1.8288332611087
18278,1.82893316443881
18279,1.82903306776893
18280,1.82913297109904
18281,1.82923287442915
18282,1.82933277775926
18283,1.82943268108937
18284,1.82953258441948
18285,1.82963248774959
18286,1.8297323910797
18287,1.82983229440981
18288,1.82993219773992
18289,1.83003210107004
18290,1.83013200440015
18291,1.83023190773026
18292,1.83033181106037
18293,1.83043171439048
18294,1.83053161772059
18295,1.8306315210507
18296,1.83073142438081
18297,1.83083132771092
18298,1.83093123104103
18299,1.83103113437115
18300,1.83113103770126
18301,1.83123094103137
18302,1.83133084436148
18303,1.83143074769159
18304,1.8315306510217
18305,1.83163055435181
18306,1.83173045768192
18307,1.83183036101203
18308,1.83193026434214
18309,1.83203016767226
18310,1.83213007100237
18311,1.83222997433248
18312,1.83232987766259
18313,1.8324297809927
18314,1.83252968432281
18315,1.83262958765292
18316,1.83272949098303
18317,1.83282939431314
18318,1.83292929764325
18319,1.83302920097337
18320,1.83312910430348
18321,1.83322900763359
18322,1.8333289109637
18323,1.83342881429381
18324,1.83352871762392
18325,1.83362862095403
18326,1.83372852428414
18327,1.83382842761425
18328,1.83392833094436
18329,1.83402823427448
18330,1.83412813760459
18331,1.8342280409347
18332,1.83432794426481
18333,1.83442784759492
18334,1.83452775092503
18335,1.83462765425514
18336,1.83472755758525
18337,1.83482746091536
18338,1.83492736424547
18339,1.83502726757559
18340,1.8351271709057
18341,1.83522707423581
18342,1.83532697756592
18343,1.83542688089603
18344,1.83552678422614
18345,1.83562668755625
18346,1.83572659088636
18347,1.83582649421647
18348,1.83592639754658
18349,1.8360263008767
18350,1.83612620420681
18351,1.83622610753692
18352,1.83632601086703
18353,1.83642591419714
18354,1.83652581752725
18355,1.83662572085736
18356,1.83672562418747
18357,1.83682552751758
18358,1.83692543084769
18359,1.83702533417781
18360,1.83712523750792
18361,1.83722514083803
18362,1.83732504416814
18363,1.83742494749825
18364,1.83752485082836
18365,1.83762475415847
18366,1.83772465748858
18367,1.83782456081869
18368,1.83792446414881
18369,1.83802436747892
18370,1.83812427080903
18371,1.83822417413914
18372,1.83832407746925
18373,1.83842398079936
18374,1.83852388412947
18375,1.83862378745958
18376,1.83872369078969
18377,1.8388235941198
18378,1.83892349744991
18379,1.83902340078003
18380,1.83912330411014
18381,1.83922320744025
18382,1.83932311077036
18383,1.83942301410047
18384,1.83952291743058
18385,1.83962282076069
18386,1.8397227240908
18387,1.83982262742091
18388,1.83992253075102
18389,1.84002243408114
18390,1.84012233741125
18391,1.84022224074136
18392,1.84032214407147
18393,1.84042204740158
18394,1.84052195073169
18395,1.8406218540618
18396,1.84072175739191
18397,1.84082166072202
18398,1.84092156405214
18399,1.84102146738225
18400,1.84112137071236
18401,1.84122127404247
18402,1.84132117737258
18403,1.84142108070269
18404,1.8415209840328
18405,1.84162088736291
18406,1.84172079069302
18407,1.84182069402313
18408,1.84192059735325
18409,1.84202050068336
18410,1.84212040401347
18411,1.84222030734358
18412,1.84232021067369
18413,1.8424201140038
18414,1.84252001733391
18415,1.84261992066402
18416,1.84271982399413
18417,1.84281972732424
18418,1.84291963065436
18419,1.84301953398447
18420,1.84311943731458
18421,1.84321934064469
18422,1.8433192439748
18423,1.84341914730491
18424,1.84351905063502
18425,1.84361895396513
18426,1.84371885729524
18427,1.84381876062535
18428,1.84391866395547
18429,1.84401856728558
18430,1.84411847061569
18431,1.8442183739458
18432,1.84431827727591
18433,1.84441818060602
18434,1.84451808393613
18435,1.84461798726624
18436,1.84471789059635
18437,1.84481779392646
18438,1.84491769725658
18439,1.84501760058669
18440,1.8451175039168
18441,1.84521740724691
18442,1.84531731057702
18443,1.84541721390713
18444,1.84551711723724
18445,1.84561702056735
18446,1.84571692389746
18447,1.84581682722757
18448,1.84591673055769
18449,1.8460166338878
18450,1.84611653721791
18451,1.84621644054802
18452,1.84631634387813
18453,1.84641624720824
18454,1.84651615053835
18455,1.84661605386846
18456,1.84671595719857
18457,1.84681586052868
18458,1.8469157638588
18459,1.84701566718891
18460,1.84711557051902
18461,1.84721547384913
18462,1.84731537717924
18463,1.84741528050935
18464,1.84751518383946
18465,1.84761508716957
18466,1.84771499049968
18467,1.84781489382979
18468,1.84791479715991
18469,1.84801470049002
18470,1.84811460382013
18471,1.84821450715024
18472,1.84831441048035
18473,1.84841431381046
18474,1.84851421714057
18475,1.84861412047068
18476,1.84871402380079
18477,1.8488139271309
18478,1.84891383046102
18479,1.84901373379113
18480,1.84911363712124
18481,1.84921354045135
18482,1.84931344378146
18483,1.84941334711157
18484,1.84951325044168
18485,1.84961315377179
18486,1.8497130571019
18487,1.84981296043201
18488,1.84991286376213
18489,1.85001276709224
18490,1.85011267042235
18491,1.85021257375246
18492,1.85031247708257
18493,1.85041238041268
18494,1.85051228374279
18495,1.8506121870729
18496,1.85071209040301
18497,1.85081199373312
18498,1.85091189706324
18499,1.85101180039335
18500,1.85111170372346
18501,1.85121160705357
18502,1.85131151038368
18503,1.85141141371379
18504,1.8515113170439
18505,1.85161122037401
18506,1.85171112370412
18507,1.85181102703423
18508,1.85191093036435
18509,1.85201083369446
18510,1.85211073702457
18511,1.85221064035468
18512,1.85231054368479
18513,1.8524104470149
18514,1.85251035034501
18515,1.85261025367512
18516,1.85271015700523
18517,1.85281006033534
18518,1.85290996366546
18519,1.85300986699557
18520,1.85310977032568
18521,1.85320967365579
18522,1.8533095769859
18523,1.85340948031601
18524,1.85350938364612
18525,1.85360928697623
18526,1.85370919030634
18527,1.85380909363645
18528,1.85390899696657
18529,1.85400890029668
18530,1.85410880362679
18531,1.8542087069569
18532,1.85430861028701
18533,1.85440851361712
18534,1.85450841694723
18535,1.85460832027734
18536,1.85470822360745
18537,1.85480812693756
18538,1.85490803026768
18539,1.85500793359779
18540,1.8551078369279
18541,1.85520774025801
18542,1.85530764358812
18543,1.85540754691823
18544,1.85550745024834
18545,1.85560735357845
18546,1.85570725690856
18547,1.85580716023867
18548,1.85590706356879
18549,1.8560069668989
18550,1.85610687022901
18551,1.85620677355912
18552,1.85630667688923
18553,1.85640658021934
18554,1.85650648354945
18555,1.85660638687956
18556,1.85670629020967
18557,1.85680619353978
18558,1.8569060968699
18559,1.85700600020001
18560,1.85710590353012
18561,1.85720580686023
18562,1.85730571019034
18563,1.85740561352045
18564,1.85750551685056
18565,1.85760542018067
18566,1.85770532351078
18567,1.85780522684089
18568,1.85790513017101
18569,1.85800503350112
18570,1.85810493683123
18571,1.85820484016134
18572,1.85830474349145
18573,1.85840464682156
18574,1.85850455015167
18575,1.85860445348178
18576,1.85870435681189
18577,1.858804260142
18578,1.85890416347212
18579,1.85900406680223
18580,1.85910397013234
18581,1.85920387346245
18582,1.85930377679256
18583,1.85940368012267
18584,1.85950358345278
18585,1.85960348678289
18586,1.859703390113
18587,1.85980329344311
18588,1.85990319677323
18589,1.86000310010334
18590,1.86010300343345
18591,1.86020290676356
18592,1.86030281009367
18593,1.86040271342378
18594,1.86050261675389
18595,1.860602520084
18596,1.86070242341411
18597,1.86080232674422
18598,1.86090223007434
18599,1.86100213340445
18600,1.86110203673456
18601,1.86120194006467
18602,1.86130184339478
18603,1.86140174672489
18604,1.861501650055
18605,1.86160155338511
18606,1.86170145671522
18607,1.86180136004533
18608,1.86190126337545
18609,1.86200116670556
18610,1.86210107003567
18611,1.86220097336578
18612,1.86230087669589
18613,1.862400780026
18614,1.86250068335611
18615,1.86260058668622
18616,1.86270049001633
18617,1.86280039334644
18618,1.86290029667656
18619,1.86300020000667
18620,1.86310010333678
18621,1.86320000666689
18622,1.863299909997
18623,1.86339981332711
18624,1.86349971665722
18625,1.86359961998733
18626,1.86369952331744
18627,1.86379942664755
18628,1.86389932997767
18629,1.86399923330778
18630,1.86409913663789
18631,1.864199039968
18632,1.86429894329811
18633,1.86439884662822
18634,1.86449874995833
18635,1.86459865328844
18636,1.86469855661855
18637,1.86479845994866
18638,1.86489836327878
18639,1.86499826660889
18640,1.865098169939
18641,1.86519807326911
18642,1.86529797659922
18643,1.86539787992933
18644,1.86549778325944
18645,1.86559768658955
18646,1.86569758991966
18647,1.86579749324977
18648,1.86589739657989
18649,1.86599729991
18650,1.86609720324011
18651,1.86619710657022
18652,1.86629700990033
18653,1.86639691323044
18654,1.86649681656055
18655,1.86659671989066
18656,1.86669662322077
18657,1.86679652655089
18658,1.866896429881
18659,1.86699633321111
18660,1.86709623654122
18661,1.86719613987133
18662,1.86729604320144
18663,1.86739594653155
18664,1.86749584986166
18665,1.86759575319177
18666,1.86769565652188
18667,1.86779555985199
18668,1.86789546318211
18669,1.86799536651222
18670,1.86809526984233
18671,1.86819517317244
18672,1.86829507650255
18673,1.86839497983266
18674,1.86849488316277
18675,1.86859478649288
18676,1.86869468982299
18677,1.8687945931531
18678,1.86889449648322
18679,1.86899439981333
18680,1.86909430314344
18681,1.86919420647355
18682,1.86929410980366
18683,1.86939401313377
18684,1.86949391646388
18685,1.86959381979399
18686,1.8696937231241
18687,1.86979362645422
18688,1.86989352978433
18689,1.86999343311444
18690,1.87009333644455
18691,1.87019323977466
18692,1.87029314310477
18693,1.87039304643488
18694,1.87049294976499
18695,1.8705928530951
18696,1.87069275642521
18697,1.87079265975533
18698,1.87089256308544
18699,1.87099246641555
18700,1.87109236974566
18701,1.87119227307577
18702,1.87129217640588
18703,1.87139207973599
18704,1.8714919830661
18705,1.87159188639621
18706,1.87169178972632
18707,1.87179169305644
18708,1.87189159638655
18709,1.87199149971666
18710,1.87209140304677
18711,1.87219130637688
18712,1.87229120970699
18713,1.8723911130371
18714,1.87249101636721
18715,1.87259091969732
18716,1.87269082302743
18717,1.87279072635755
18718,1.87289062968766
18719,1.87299053301777
18720,1.87309043634788
18721,1.87319033967799
18722,1.8732902430081
18723,1.87339014633821
18724,1.87349004966832
18725,1.87358995299843
18726,1.87368985632854
18727,1.87378975965866
18728,1.87388966298877
18729,1.87398956631888
18730,1.87408946964899
18731,1.8741893729791
18732,1.87428927630921
18733,1.87438917963932
18734,1.87448908296943
18735,1.87458898629954
18736,1.87468888962965
18737,1.87478879295977
18738,1.87488869628988
18739,1.87498859961999
18740,1.8750885029501
18741,1.87518840628021
18742,1.87528830961032
18743,1.87538821294043
18744,1.87548811627054
18745,1.87558801960065
18746,1.87568792293076
18747,1.87578782626088
18748,1.87588772959099
18749,1.8759876329211
18750,1.87608753625121
18751,1.87618743958132
18752,1.87628734291143
18753,1.87638724624154
18754,1.87648714957165
18755,1.87658705290176
18756,1.87668695623187
18757,1.87678685956199
18758,1.8768867628921
18759,1.87698666622221
18760,1.87708656955232
18761,1.87718647288243
18762,1.87728637621254
18763,1.87738627954265
18764,1.87748618287276
18765,1.87758608620287
18766,1.87768598953298
18767,1.8777858928631
18768,1.87788579619321
18769,1.87798569952332
18770,1.87808560285343
18771,1.87818550618354
18772,1.87828540951365
18773,1.87838531284376
18774,1.87848521617387
18775,1.87858511950398
18776,1.87868502283409
18777,1.87878492616421
18778,1.87888482949432
18779,1.87898473282443
18780,1.87908463615454
18781,1.87918453948465
18782,1.87928444281476
18783,1.87938434614487
18784,1.87948424947498
18785,1.87958415280509
18786,1.8796840561352
18787,1.87978395946532
18788,1.87988386279543
18789,1.87998376612554
18790,1.88008366945565
18791,1.88018357278576
18792,1.88028347611587
18793,1.88038337944598
18794,1.88048328277609
18795,1.8805831861062
18796,1.88068308943631
18797,1.88078299276643
18798,1.88088289609654
18799,1.88098279942665
18800,1.88108270275676
18801,1.88118260608687
18802,1.88128250941698
18803,1.88138241274709
18804,1.8814823160772
18805,1.88158221940731
18806,1.88168212273742
18807,1.88178202606754
18808,1.88188192939765
18809,1.88198183272776
18810,1.88208173605787
18811,1.88218163938798
18812,1.88228154271809
18813,1.8823814460482
18814,1.88248134937831
18815,1.88258125270842
18816,1.88268115603853
18817,1.88278105936865
18818,1.88288096269876
18819,1.88298086602887
18820,1.88308076935898
18821,1.88318067268909
18822,1.8832805760192
18823,1.88338047934931
18824,1.88348038267942
18825,1.88358028600953
18826,1.88368018933964
18827,1.88378009266976
18828,1.88387999599987
18829,1.88397989932998
18830,1.88407980266009
18831,1.8841797059902
18832,1.88427960932031
18833,1.88437951265042
18834,1.88447941598053
18835,1.88457931931064
18836,1.88467922264075
18837,1.88477912597087
18838,1.88487902930098
18839,1.88497893263109
18840,1.8850788359612
18841,1.88517873929131
18842,1.88527864262142
18843,1.88537854595153
18844,1.88547844928164
18845,1.88557835261175
18846,1.88567825594186
18847,1.88577815927198
18848,1.88587806260209
18849,1.8859779659322
18850,1.88607786926231
18851,1.88617777259242
18852,1.88627767592253
18853,1.88637757925264
18854,1.88647748258275
18855,1.88657738591286
18856,1.88667728924298
18857,1.88677719257309
18858,1.8868770959032
18859,1.88697699923331
18860,1.88707690256342
18861,1.88717680589353
18862,1.88727670922364
18863,1.88737661255375
18864,1.88747651588386
18865,1.88757641921397
18866,1.88767632254409
18867,1.8877762258742
18868,1.88787612920431
18869,1.88797603253442
18870,1.88807593586453
18871,1.88817583919464
18872,1.88827574252475
18873,1.88837564585486
18874,1.88847554918497
18875,1.88857545251508
18876,1.88867535584519
18877,1.88877525917531
18878,1.88887516250542
18879,1.88897506583553
18880,1.88907496916564
18881,1.88917487249575
18882,1.88927477582586
18883,1.88937467915597
18884,1.88947458248608
18885,1.88957448581619
18886,1.8896743891463
18887,1.88977429247642
18888,1.88987419580653
18889,1.88997409913664
18890,1.89007400246675
18891,1.89017390579686
18892,1.89027380912697
18893,1.89037371245708
18894,1.89047361578719
18895,1.8905735191173
18896,1.89067342244742
18897,1.89077332577753
18898,1.89087322910764
18899,1.89097313243775
18900,1.89107303576786
18901,1.89117293909797
18902,1.89127284242808
18903,1.89137274575819
18904,1.8914726490883
18905,1.89157255241841
18906,1.89167245574853
18907,1.89177235907864
18908,1.89187226240875
18909,1.89197216573886
18910,1.89207206906897
18911,1.89217197239908
18912,1.89227187572919
18913,1.8923717790593
18914,1.89247168238941
18915,1.89257158571952
18916,1.89267148904964
18917,1.89277139237975
18918,1.89287129570986
18919,1.89297119903997
18920,1.89307110237008
18921,1.89317100570019
18922,1.8932709090303
18923,1.89337081236041
18924,1.89347071569052
18925,1.89357061902063
18926,1.89367052235075
18927,1.89377042568086
18928,1.89387032901097
18929,1.89397023234108
18930,1.89407013567119
18931,1.8941700390013
18932,1.89426994233141
18933,1.89436984566152
18934,1.89446974899163
18935,1.89456965232174
18936,1.89466955565186
18937,1.89476945898197
18938,1.89486936231208
18939,1.89496926564219
18940,1.8950691689723
18941,1.89516907230241
18942,1.89526897563252
18943,1.89536887896263
18944,1.89546878229274
18945,1.89556868562285
18946,1.89566858895297
18947,1.89576849228308
18948,1.89586839561319
18949,1.8959682989433
18950,1.89606820227341
18951,1.89616810560352
18952,1.89626800893363
18953,1.89636791226374
18954,1.89646781559385
18955,1.89656771892396
18956,1.89666762225408
18957,1.89676752558419
18958,1.8968674289143
18959,1.89696733224441
18960,1.89706723557452
18961,1.89716713890463
18962,1.89726704223474
18963,1.89736694556485
18964,1.89746684889496
18965,1.89756675222507
18966,1.89766665555519
18967,1.8977665588853
18968,1.89786646221541
18969,1.89796636554552
18970,1.89806626887563
18971,1.89816617220574
18972,1.89826607553585
18973,1.89836597886596
18974,1.89846588219607
18975,1.89856578552618
18976,1.8986656888563
18977,1.89876559218641
18978,1.89886549551652
18979,1.89896539884663
18980,1.89906530217674
18981,1.89916520550685
18982,1.89926510883696
18983,1.89936501216707
18984,1.89946491549718
18985,1.89956481882729
18986,1.89966472215741
18987,1.89976462548752
18988,1.89986452881763
18989,1.89996443214774
18990,1.90006433547785
18991,1.90016423880796
18992,1.90026414213807
18993,1.90036404546818
18994,1.90046394879829
18995,1.9005638521284
18996,1.90066375545852
18997,1.90076365878863
18998,1.90086356211874
18999,1.90096346544885
19000,1.90106336877896
19001,1.90116327210907
19002,1.90126317543918
19003,1.90136307876929
19004,1.9014629820994
19005,1.90156288542951
19006,1.90166278875963
19007,1.90176269208974
19008,1.90186259541985
19009,1.90196249874996
19010,1.90206240208007
19011,1.90216230541018
19012,1.90226220874029
19013,1.9023621120704
19014,1.90246201540051
19015,1.90256191873062
19016,1.90266182206074
19017,1.90276172539085
19018,1.90286162872096
19019,1.90296153205107
19020,1.90306143538118
19021,1.90316133871129
19022,1.9032612420414
19023,1.90336114537151
19024,1.90346104870162
19025,1.90356095203173
19026,1.90366085536185
19027,1.90376075869196
19028,1.90386066202207
19029,1.90396056535218
19030,1.90406046868229
19031,1.9041603720124
19032,1.90426027534251
19033,1.90436017867262
19034,1.90446008200273
19035,1.90455998533284
19036,1.90465988866296
19037,1.90475979199307
19038,1.90485969532318
19039,1.90495959865329
19040,1.9050595019834
19041,1.90515940531351
19042,1.90525930864362
19043,1.90535921197373
19044,1.90545911530384
19045,1.90555901863395
19046,1.90565892196407
19047,1.90575882529418
19048,1.90585872862429
19049,1.9059586319544
19050,1.90605853528451
19051,1.90615843861462
19052,1.90625834194473
19053,1.90635824527484
19054,1.90645814860495
19055,1.90655805193506
19056,1.90665795526518
19057,1.90675785859529
19058,1.9068577619254
19059,1.90695766525551
19060,1.90705756858562
19061,1.90715747191573
19062,1.90725737524584
19063,1.90735727857595
19064,1.90745718190606
19065,1.90755708523617
19066,1.90765698856629
19067,1.9077568918964
19068,1.90785679522651
19069,1.90795669855662
19070,1.90805660188673
19071,1.90815650521684
19072,1.90825640854695
19073,1.90835631187706
19074,1.90845621520717
19075,1.90855611853728
19076,1.9086560218674
19077,1.90875592519751
19078,1.90885582852762
19079,1.90895573185773
19080,1.90905563518784
19081,1.90915553851795
19082,1.90925544184806
19083,1.90935534517817
19084,1.90945524850828
19085,1.90955515183839
19086,1.90965505516851
19087,1.90975495849862
19088,1.90985486182873
19089,1.90995476515884
19090,1.91005466848895
19091,1.91015457181906
19092,1.91025447514917
19093,1.91035437847928
19094,1.91045428180939
19095,1.9105541851395
19096,1.91065408846962
19097,1.91075399179973
19098,1.91085389512984
19099,1.91095379845995
19100,1.91105370179006
19101,1.91115360512017
19102,1.91125350845028
19103,1.91135341178039
19104,1.9114533151105
19105,1.91155321844061
19106,1.91165312177073
19107,1.91175302510084
19108,1.91185292843095
19109,1.91195283176106
19110,1.91205273509117
19111,1.91215263842128
19112,1.91225254175139
19113,1.9123524450815
19114,1.91245234841161
19115,1.91255225174172
19116,1.91265215507184
19117,1.91275205840195
19118,1.91285196173206
19119,1.91295186506217
19120,1.91305176839228
19121,1.91315167172239
19122,1.9132515750525
19123,1.91335147838261
19124,1.91345138171272
19125,1.91355128504283
19126,1.91365118837295
19127,1.91375109170306
19128,1.91385099503317
19129,1.91395089836328
19130,1.91405080169339
19131,1.9141507050235
19132,1.91425060835361
19133,1.91435051168372
19134,1.91445041501383
19135,1.91455031834394
19136,1.91465022167406
19137,1.91475012500417
19138,1.91485002833428
19139,1.91494993166439
19140,1.9150498349945
19141,1.91514973832461
19142,1.91524964165472
19143,1.91534954498483
19144,1.91544944831494
19145,1.91554935164505
19146,1.91564925497517
19147,1.91574915830528
19148,1.91584906163539
19149,1.9159489649655
19150,1.91604886829561
19151,1.91614877162572
19152,1.91624867495583
19153,1.91634857828594
19154,1.91644848161605
19155,1.91654838494616
19156,1.91664828827628
19157,1.91674819160639
19158,1.9168480949365
19159,1.91694799826661
19160,1.91704790159672
19161,1.91714780492683
19162,1.91724770825694
19163,1.91734761158705
19164,1.91744751491716
19165,1.91754741824727
19166,1.91764732157739
19167,1.9177472249075
19168,1.91784712823761
19169,1.91794703156772
19170,1.91804693489783
19171,1.91814683822794
19172,1.91824674155805
19173,1.91834664488816
19174,1.91844654821827
19175,1.91854645154838
19176,1.9186463548785
19177,1.91874625820861
19178,1.91884616153872
19179,1.91894606486883
19180,1.91904596819894
19181,1.91914587152905
19182,1.91924577485916
19183,1.91934567818927
19184,1.91944558151938
19185,1.9195454848495
19186,1.91964538817961
19187,1.91974529150972
19188,1.91984519483983
19189,1.91994509816994
19190,1.92004500150005
19191,1.92014490483016
19192,1.92024480816027
19193,1.92034471149038
19194,1.92044461482049
19195,1.9205445181506
19196,1.92064442148072
19197,1.92074432481083
19198,1.92084422814094
19199,1.92094413147105
19200,1.92104403480116
19201,1.92114393813127
19202,1.92124384146138
19203,1.92134374479149
19204,1.9214436481216
19205,1.92154355145171
19206,1.92164345478183
19207,1.92174335811194
19208,1.92184326144205
19209,1.92194316477216
19210,1.92204306810227
19211,1.92214297143238
19212,1.92224287476249
19213,1.9223427780926
19214,1.92244268142271
19215,1.92254258475283
19216,1.92264248808294
19217,1.92274239141305
19218,1.92284229474316
19219,1.92294219807327
19220,1.92304210140338
19221,1.92314200473349
19222,1.9232419080636
19223,1.92334181139371
19224,1.92344171472382
19225,1.92354161805394
19226,1.92364152138405
19227,1.92374142471416
19228,1.92384132804427
19229,1.92394123137438
19230,1.92404113470449
19231,1.9241410380346
19232,1.92424094136471
19233,1.92434084469482
19234,1.92444074802493
19235,1.92454065135505
19236,1.92464055468516
19237,1.92474045801527
19238,1.92484036134538
19239,1.92494026467549
19240,1.9250401680056
19241,1.92514007133571
19242,1.92523997466582
19243,1.92533987799593
19244,1.92543978132604
19245,1.92553968465616
19246,1.92563958798627
19247,1.92573949131638
19248,1.92583939464649
19249,1.9259392979766
19250,1.92603920130671
19251,1.92613910463682
19252,1.92623900796693
19253,1.92633891129704
19254,1.92643881462715
19255,1.92653871795727
19256,1.92663862128738
19257,1.92673852461749
19258,1.9268384279476
19259,1.92693833127771
19260,1.92703823460782
19261,1.92713813793793
19262,1.92723804126804
19263,1.92733794459815
19264,1.92743784792826
19265,1.92753775125838
19266,1.92763765458849
19267,1.9277375579186
19268,1.92783746124871
19269,1.92793736457882
19270,1.92803726790893
19271,1.92813717123904
19272,1.92823707456915
19273,1.92833697789926
19274,1.92843688122937
19275,1.92853678455949
19276,1.9286366878896
19277,1.92873659121971
19278,1.92883649454982
19279,1.92893639787993
19280,1.92903630121004
19281,1.92913620454015
19282,1.92923610787026
19283,1.92933601120037
19284,1.92943591453048
19285,1.9295358178606
19286,1.92963572119071
19287,1.92973562452082
19288,1.92983552785093
19289,1.92993543118104
19290,1.93003533451115
19291,1.93013523784126
19292,1.93023514117137
19293,1.93033504450148
19294,1.93043494783159
19295,1.93053485116171
19296,1.93063475449182
19297,1.93073465782193
19298,1.93083456115204
19299,1.93093446448215
19300,1.93103436781226
19301,1.93113427114237
19302,1.93123417447248
19303,1.93133407780259
19304,1.9314339811327
19305,1.93153388446282
19306,1.93163378779293
19307,1.93173369112304
19308,1.93183359445315
19309,1.93193349778326
19310,1.93203340111337
19311,1.93213330444348
19312,1.93223320777359
19313,1.9323331111037
19314,1.93243301443381
19315,1.93253291776393
19316,1.93263282109404
19317,1.93273272442415
19318,1.93283262775426
19319,1.93293253108437
19320,1.93303243441448
19321,1.93313233774459
19322,1.9332322410747
19323,1.93333214440481
19324,1.93343204773492
19325,1.93353195106504
19326,1.93363185439515
19327,1.93373175772526
19328,1.93383166105537
19329,1.93393156438548
19330,1.93403146771559
19331,1.9341313710457
19332,1.93423127437581
19333,1.93433117770592
19334,1.93443108103603
19335,1.93453098436615
19336,1.93463088769626
19337,1.93473079102637
19338,1.93483069435648
19339,1.93493059768659
19340,1.9350305010167
19341,1.93513040434681
19342,1.93523030767692
19343,1.93533021100703
19344,1.93543011433714
19345,1.93553001766726
19346,1.93562992099737
19347,1.93572982432748
19348,1.93582972765759
19349,1.9359296309877
19350,1.93602953431781
19351,1.93612943764792
19352,1.93622934097803
19353,1.93632924430814
19354,1.93642914763825
19355,1.93652905096837
19356,1.93662895429848
19357,1.93672885762859
19358,1.9368287609587
19359,1.93692866428881
19360,1.93702856761892
19361,1.93712847094903
19362,1.93722837427914
19363,1.93732827760925
19364,1.93742818093936
19365,1.93752808426948
19366,1.93762798759959
19367,1.9377278909297
19368,1.93782779425981
19369,1.93792769758992
19370,1.93802760092003
19371,1.93812750425014
19372,1.93822740758025
19373,1.93832731091036
19374,1.93842721424047
19375,1.93852711757059
19376,1.9386270209007
19377,1.93872692423081
19378,1.93882682756092
19379,1.93892673089103
19380,1.93902663422114
19381,1.93912653755125
19382,1.93922644088136
19383,1.93932634421147
19384,1.93942624754158
19385,1.9395261508717
19386,1.93962605420181
19387,1.93972595753192
19388,1.93982586086203
19389,1.93992576419214
19390,1.94002566752225
19391,1.94012557085236
19392,1.94022547418247
19393,1.94032537751258
19394,1.94042528084269
19395,1.94052518417281
19396,1.94062508750292
19397,1.94072499083303
19398,1.94082489416314
19399,1.94092479749325
19400,1.94102470082336
19401,1.94112460415347
19402,1.94122450748358
19403,1.94132441081369
19404,1.9414243141438
19405,1.94152421747392
19406,1.94162412080403
19407,1.94172402413414
19408,1.94182392746425
19409,1.94192383079436
19410,1.94202373412447
19411,1.94212363745458
19412,1.94222354078469
19413,1.9423234441148
19414,1.94242334744491
19415,1.94252325077503
19416,1.94262315410514
19417,1.94272305743525
19418,1.94282296076536
19419,1.94292286409547
19420,1.94302276742558
19421,1.94312267075569
19422,1.9432225740858
19423,1.94332247741591
19424,1.94342238074602
19425,1.94352228407614
19426,1.94362218740625
19427,1.94372209073636
19428,1.94382199406647
19429,1.94392189739658
19430,1.94402180072669
19431,1.9441217040568
19432,1.94422160738691
19433,1.94432151071702
19434,1.94442141404713
19435,1.94452131737725
19436,1.94462122070736
19437,1.94472112403747
19438,1.94482102736758
19439,1.94492093069769
19440,1.9450208340278
19441,1.94512073735791
19442,1.94522064068802
19443,1.94532054401813
19444,1.94542044734825
19445,1.94552035067836
19446,1.94562025400847
19447,1.94572015733858
19448,1.94582006066869
19449,1.9459199639988
19450,1.94601986732891
19451,1.94611977065902
19452,1.94621967398913
19453,1.94631957731924
19454,1.94641948064936
19455,1.94651938397947
19456,1.94661928730958
19457,1.94671919063969
19458,1.9468190939698
19459,1.94691899729991
19460,1.94701890063002
19461,1.94711880396013
19462,1.94721870729024
19463,1.94731861062035
19464,1.94741851395046
19465,1.94751841728058
19466,1.94761832061069
19467,1.9477182239408
19468,1.94781812727091
19469,1.94791803060102
19470,1.94801793393113
19471,1.94811783726124
19472,1.94821774059135
19473,1.94831764392146
19474,1.94841754725158
19475,1.94851745058169
19476,1.9486173539118
19477,1.94871725724191
19478,1.94881716057202
19479,1.94891706390213
19480,1.94901696723224
19481,1.94911687056235
19482,1.94921677389246
19483,1.94931667722257
19484,1.94941658055269
19485,1.9495164838828
19486,1.94961638721291
19487,1.94971629054302
19488,1.94981619387313
19489,1.94991609720324
19490,1.95001600053335
19491,1.95011590386346
19492,1.95021580719357
19493,1.95031571052368
19494,1.9504156138538
19495,1.95051551718391
19496,1.95061542051402
19497,1.95071532384413
19498,1.95081522717424
19499,1.95091513050435
19500,1.95101503383446
19501,1.95111493716457
19502,1.95121484049468
19503,1.95131474382479
19504,1.95141464715491
19505,1.95151455048502
19506,1.95161445381513
19507,1.95171435714524
19508,1.95181426047535
19509,1.95191416380546
19510,1.95201406713557
19511,1.95211397046568
19512,1.95221387379579
19513,1.9523137771259
19514,1.95241368045602
19515,1.95251358378613
19516,1.95261348711624
19517,1.95271339044635
19518,1.95281329377646
19519,1.95291319710657
19520,1.95301310043668
19521,1.95311300376679
19522,1.9532129070969
19523,1.95331281042701
19524,1.95341271375713
19525,1.95351261708724
19526,1.95361252041735
19527,1.95371242374746
19528,1.95381232707757
19529,1.95391223040768
19530,1.95401213373779
19531,1.9541120370679
19532,1.95421194039801
19533,1.95431184372812
19534,1.95441174705824
19535,1.95451165038835
19536,1.95461155371846
19537,1.95471145704857
19538,1.95481136037868
19539,1.95491126370879
19540,1.9550111670389
19541,1.95511107036901
19542,1.95521097369912
19543,1.95531087702923
19544,1.95541078035935
19545,1.95551068368946
19546,1.95561058701957
19547,1.95571049034968
19548,1.95581039367979
19549,1.9559102970099
19550,1.95601020034001
19551,1.95611010367012
19552,1.95621000700023
19553,1.95630991033034
19554,1.95640981366046
19555,1.95650971699057
19556,1.95660962032068
19557,1.95670952365079
19558,1.9568094269809
19559,1.95690933031101
19560,1.95700923364112
19561,1.95710913697123
19562,1.95720904030134
19563,1.95730894363145
19564,1.95740884696157
19565,1.95750875029168
19566,1.95760865362179
19567,1.9577085569519
19568,1.95780846028201
19569,1.95790836361212
19570,1.95800826694223
19571,1.95810817027234
19572,1.95820807360245
19573,1.95830797693256
19574,1.95840788026268
19575,1.95850778359279
19576,1.9586076869229
19577,1.95870759025301
19578,1.95880749358312
19579,1.95890739691323
19580,1.95900730024334
19581,1.95910720357345
19582,1.95920710690356
19583,1.95930701023367
19584,1.95940691356379
19585,1.9595068168939
19586,1.95960672022401
19587,1.95970662355412
19588,1.95980652688423
19589,1.95990643021434
19590,1.96000633354445
19591,1.96010623687456
19592,1.96020614020467
19593,1.96030604353478
19594,1.9604059468649
19595,1.96050585019501
19596,1.96060575352512
19597,1.96070565685523
19598,1.96080556018534
19599,1.96090546351545
19600,1.96100536684556
19601,1.96110527017567
19602,1.96120517350578
19603,1.96130507683589
19604,1.96140498016601
19605,1.96150488349612
19606,1.96160478682623
19607,1.96170469015634
19608,1.96180459348645
19609,1.96190449681656
19610,1.96200440014667
19611,1.96210430347678
19612,1.96220420680689
19613,1.962304110137
19614,1.96240401346712
19615,1.96250391679723
19616,1.96260382012734
19617,1.96270372345745
19618,1.96280362678756
19619,1.96290353011767
19620,1.96300343344778
19621,1.96310333677789
19622,1.963203240108
19623,1.96330314343811
19624,1.96340304676823
19625,1.96350295009834
19626,1.96360285342845
19627,1.96370275675856
19628,1.96380266008867
19629,1.96390256341878
19630,1.96400246674889
19631,1.964102370079
19632,1.96420227340911
19633,1.96430217673922
19634,1.96440208006934
19635,1.96450198339945
19636,1.96460188672956
19637,1.96470179005967
19638,1.96480169338978
19639,1.96490159671989
19640,1.96500150005
19641,1.96510140338011
19642,1.96520130671022
19643,1.96530121004033
19644,1.96540111337045
19645,1.96550101670056
19646,1.96560092003067
19647,1.96570082336078
19648,1.96580072669089
19649,1.965900630021
19650,1.96600053335111
19651,1.96610043668122
19652,1.96620034001133
19653,1.96630024334144
19654,1.96640014667156
19655,1.96650005000167
19656,1.96659995333178
19657,1.96669985666189
19658,1.966799759992
19659,1.96689966332211
19660,1.96699956665222
19661,1.96709946998233
19662,1.96719937331244
19663,1.96729927664255
19664,1.96739917997267
19665,1.96749908330278
19666,1.96759898663289
19667,1.967698889963
19668,1.96779879329311
19669,1.96789869662322
19670,1.96799859995333
19671,1.96809850328344
19672,1.96819840661355
19673,1.96829830994366
19674,1.96839821327378
19675,1.96849811660389
19676,1.968598019934
19677,1.96869792326411
19678,1.96879782659422
19679,1.96889772992433
19680,1.96899763325444
19681,1.96909753658455
19682,1.96919743991466
19683,1.96929734324477
19684,1.96939724657489
19685,1.969497149905
19686,1.96959705323511
19687,1.96969695656522
19688,1.96979685989533
19689,1.96989676322544
19690,1.96999666655555
19691,1.97009656988566
19692,1.97019647321577
19693,1.97029637654588
19694,1.970396279876
19695,1.97049618320611
19696,1.97059608653622
19697,1.97069598986633
19698,1.97079589319644
19699,1.97089579652655
19700,1.97099569985666
19701,1.97109560318677
19702,1.97119550651688
19703,1.97129540984699
19704,1.97139531317711
19705,1.97149521650722
19706,1.97159511983733
19707,1.97169502316744
19708,1.97179492649755
19709,1.97189482982766
19710,1.97199473315777
19711,1.97209463648788
19712,1.97219453981799
19713,1.97229444314811
19714,1.97239434647822
19715,1.97249424980833
19716,1.97259415313844
19717,1.97269405646855
19718,1.97279395979866
19719,1.97289386312877
19720,1.97299376645888
19721,1.97309366978899
19722,1.9731935731191
19723,1.97329347644921
19724,1.97339337977933
19725,1.97349328310944
19726,1.97359318643955
19727,1.97369308976966
19728,1.97379299309977
19729,1.97389289642988
19730,1.97399279975999
19731,1.9740927030901
19732,1.97419260642021
19733,1.97429250975032
19734,1.97439241308044
19735,1.97449231641055
19736,1.97459221974066
19737,1.97469212307077
19738,1.97479202640088
19739,1.97489192973099
19740,1.9749918330611
19741,1.97509173639121
19742,1.97519163972132
19743,1.97529154305143
19744,1.97539144638155
19745,1.97549134971166
19746,1.97559125304177
19747,1.97569115637188
19748,1.97579105970199
19749,1.9758909630321
19750,1.97599086636221
19751,1.97609076969232
19752,1.97619067302243
19753,1.97629057635255
19754,1.97639047968266
19755,1.97649038301277
19756,1.97659028634288
19757,1.97669018967299
19758,1.9767900930031
19759,1.97688999633321
19760,1.97698989966332
19761,1.97708980299343
19762,1.97718970632354
19763,1.97728960965366
19764,1.97738951298377
19765,1.97748941631388
19766,1.97758931964399
19767,1.9776892229741
19768,1.97778912630421
19769,1.97788902963432
19770,1.97798893296443
19771,1.97808883629454
19772,1.97818873962465
19773,1.97828864295477
19774,1.97838854628488
19775,1.97848844961499
19776,1.9785883529451
19777,1.97868825627521
19778,1.97878815960532
19779,1.97888806293543
19780,1.97898796626554
19781,1.97908786959565
19782,1.97918777292576
19783,1.97928767625588
19784,1.97938757958599
19785,1.9794874829161
19786,1.97958738624621
19787,1.97968728957632
19788,1.97978719290643
19789,1.97988709623654
19790,1.97998699956665
19791,1.98008690289676
19792,1.98018680622687
19793,1.98028670955699
19794,1.9803866128871
19795,1.98048651621721
19796,1.98058641954732
19797,1.98068632287743
19798,1.98078622620754
19799,1.98088612953765
19800,1.98098603286776
19801,1.98108593619787
19802,1.98118583952798
19803,1.9812857428581
19804,1.98138564618821
19805,1.98148554951832
19806,1.98158545284843
19807,1.98168535617854
19808,1.98178525950865
19809,1.98188516283876
19810,1.98198506616887
19811,1.98208496949898
19812,1.98218487282909
19813,1.98228477615921
19814,1.98238467948932
19815,1.98248458281943
19816,1.98258448614954
19817,1.98268438947965
19818,1.98278429280976
19819,1.98288419613987
19820,1.98298409946998
19821,1.98308400280009
19822,1.9831839061302
19823,1.98328380946032
19824,1.98338371279043
19825,1.98348361612054
19826,1.98358351945065
19827,1.98368342278076
19828,1.98378332611087
19829,1.98388322944098
19830,1.98398313277109
19831,1.9840830361012
19832,1.98418293943131
19833,1.98428284276143
19834,1.98438274609154
19835,1.98448264942165
19836,1.98458255275176
19837,1.98468245608187
19838,1.98478235941198
19839,1.98488226274209
19840,1.9849821660722
19841,1.98508206940231
19842,1.98518197273242
19843,1.98528187606254
19844,1.98538177939265
19845,1.98548168272276
19846,1.98558158605287
19847,1.98568148938298
19848,1.98578139271309
19849,1.9858812960432
19850,1.98598119937331
19851,1.98608110270342
19852,1.98618100603353
19853,1.98628090936365
19854,1.98638081269376
19855,1.98648071602387
19856,1.98658061935398
19857,1.98668052268409
19858,1.9867804260142
19859,1.98688032934431
19860,1.98698023267442
19861,1.98708013600453
19862,1.98718003933464
19863,1.98727994266476
19864,1.98737984599487
19865,1.98747974932498
19866,1.98757965265509
19867,1.9876795559852
19868,1.98777945931531
19869,1.98787936264542
19870,1.98797926597553
19871,1.98807916930564
19872,1.98817907263575
19873,1.98827897596587
19874,1.98837887929598
19875,1.98847878262609
19876,1.9885786859562
19877,1.98867858928631
19878,1.98877849261642
19879,1.98887839594653
19880,1.98897829927664
19881,1.98907820260675
19882,1.98917810593686
19883,1.98927800926698
19884,1.98937791259709
19885,1.9894778159272
19886,1.98957771925731
19887,1.98967762258742
19888,1.98977752591753
19889,1.98987742924764
19890,1.98997733257775
19891,1.99007723590786
19892,1.99017713923797
19893,1.99027704256809
19894,1.9903769458982
19895,1.99047684922831
19896,1.99057675255842
19897,1.99067665588853
19898,1.99077655921864
19899,1.99087646254875
19900,1.99097636587886
19901,1.99107626920897
19902,1.99117617253908
19903,1.9912760758692
19904,1.99137597919931
19905,1.99147588252942
19906,1.99157578585953
19907,1.99167568918964
19908,1.99177559251975
19909,1.99187549584986
19910,1.99197539917997
19911,1.99207530251008
19912,1.99217520584019
19913,1.99227510917031
19914,1.99237501250042
19915,1.99247491583053
19916,1.99257481916064
19917,1.99267472249075
19918,1.99277462582086
19919,1.99287452915097
19920,1.99297443248108
19921,1.99307433581119
19922,1.9931742391413
19923,1.99327414247142
19924,1.99337404580153
19925,1.99347394913164
19926,1.99357385246175
19927,1.99367375579186
19928,1.99377365912197
19929,1.99387356245208
19930,1.99397346578219
19931,1.9940733691123
19932,1.99417327244241
19933,1.99427317577253
19934,1.99437307910264
19935,1.99447298243275
19936,1.99457288576286
19937,1.99467278909297
19938,1.99477269242308
19939,1.99487259575319
19940,1.9949724990833
19941,1.99507240241341
19942,1.99517230574352
19943,1.99527220907364
19944,1.99537211240375
19945,1.99547201573386
19946,1.99557191906397
19947,1.99567182239408
19948,1.99577172572419
19949,1.9958716290543
19950,1.99597153238441
19951,1.99607143571452
19952,1.99617133904463
19953,1.99627124237475
19954,1.99637114570486
19955,1.99647104903497
19956,1.99657095236508
19957,1.99667085569519
19958,1.9967707590253
19959,1.99687066235541
19960,1.99697056568552
19961,1.99707046901563
19962,1.99717037234575
19963,1.99727027567586
19964,1.99737017900597
19965,1.99747008233608
19966,1.99756998566619
19967,1.9976698889963
19968,1.99776979232641
19969,1.99786969565652
19970,1.99796959898663
19971,1.99806950231674
19972,1.99816940564686
19973,1.99826930897697
19974,1.99836921230708
19975,1.99846911563719
19976,1.9985690189673
19977,1.99866892229741
19978,1.99876882562752
19979,1.99886872895763
19980,1.99896863228774
19981,1.99906853561785
19982,1.99916843894797
19983,1.99926834227808
19984,1.99936824560819
19985,1.9994681489383
19986,1.99956805226841
19987,1.99966795559852
19988,1.99976785892863
19989,1.99986776225874
19990,1.99996766558885
19991,2.00006756891896
19992,2.00016747224907
19993,2.00026737557919
19994,2.0003672789093
19995,2.00046718223941
19996,2.00056708556952
19997,2.00066698889963
19998,2.00076689222974
19999,2.00086679555985
20000,2.00096669888996
20001,2.00106660222007
20002,2.00116650555018
20003,2.0012664088803
20004,2.00136631221041
20005,2.00146621554052
20006,2.00156611887063
20007,2.00166602220074
20008,2.00176592553085
20009,2.00186582886096
20010,2.00196573219107
20011,2.00206563552118
20012,2.0021655388513
20013,2.00226544218141
20014,2.00236534551152
20015,2.00246524884163
20016,2.00256515217174
20017,2.00266505550185
20018,2.00276495883196
20019,2.00286486216207
20020,2.00296476549218
20021,2.00306466882229
20022,2.00316457215241
20023,2.00326447548252
20024,2.00336437881263
20025,2.00346428214274
20026,2.00356418547285
20027,2.00366408880296
20028,2.00376399213307
20029,2.00386389546318
20030,2.00396379879329
20031,2.0040637021234
20032,2.00416360545352
20033,2.00426350878363
20034,2.00436341211374
20035,2.00446331544385
20036,2.00456321877396
20037,2.00466312210407
20038,2.00476302543418
20039,2.00486292876429
20040,2.0049628320944
20041,2.00506273542451
20042,2.00516263875463
20043,2.00526254208474
20044,2.00536244541485
20045,2.00546234874496
20046,2.00556225207507
20047,2.00566215540518
20048,2.00576205873529
20049,2.0058619620654
20050,2.00596186539551
20051,2.00606176872562
20052,2.00616167205574
20053,2.00626157538585
20054,2.00636147871596
20055,2.00646138204607
20056,2.00656128537618
20057,2.00666118870629
20058,2.0067610920364
20059,2.00686099536651
20060,2.00696089869662
20061,2.00706080202673
20062,2.00716070535685
20063,2.00726060868696
20064,2.00736051201707
20065,2.00746041534718
20066,2.00756031867729
20067,2.0076602220074
20068,2.00776012533751
20069,2.00786002866762
20070,2.00795993199773
20071,2.00805983532784
20072,2.00815973865796
20073,2.00825964198807
20074,2.00835954531818
20075,2.00845944864829
20076,2.0085593519784
20077,2.00865925530851
20078,2.00875915863862
20079,2.00885906196873
20080,2.00895896529884
20081,2.00905886862895
20082,2.00915877195907
20083,2.00925867528918
20084,2.00935857861929
20085,2.0094584819494
20086,2.00955838527951
20087,2.00965828860962
20088,2.00975819193973
20089,2.00985809526984
20090,2.00995799859995
20091,2.01005790193006
20092,2.01015780526018
20093,2.01025770859029
20094,2.0103576119204
20095,2.01045751525051
20096,2.01055741858062
20097,2.01065732191073
20098,2.01075722524084
20099,2.01085712857095
20100,2.01095703190106
20101,2.01105693523117
20102,2.01115683856129
20103,2.0112567418914
20104,2.01135664522151
20105,2.01145654855162
20106,2.01155645188173
20107,2.01165635521184
20108,2.01175625854195
20109,2.01185616187206
20110,2.01195606520217
20111,2.01205596853228
20112,2.0121558718624
20113,2.01225577519251
20114,2.01235567852262
20115,2.01245558185273
20116,2.01255548518284
20117,2.01265538851295
20118,2.01275529184306
20119,2.01285519517317
20120,2.01295509850328
20121,2.01305500183339
20122,2.01315490516351
20123,2.01325480849362
20124,2.01335471182373
20125,2.01345461515384
20126,2.01355451848395
20127,2.01365442181406
20128,2.01375432514417
20129,2.01385422847428
20130,2.01395413180439
20131,2.0140540351345
20132,2.01415393846462
20133,2.01425384179473
20134,2.01435374512484
20135,2.01445364845495
20136,2.01455355178506
20137,2.01465345511517
20138,2.01475335844528
20139,2.01485326177539
20140,2.0149531651055
20141,2.01505306843561
20142,2.01515297176573
20143,2.01525287509584
20144,2.01535277842595
20145,2.01545268175606
20146,2.01555258508617
20147,2.01565248841628
20148,2.01575239174639
20149,2.0158522950765
20150,2.01595219840661
20151,2.01605210173672
20152,2.01615200506684
20153,2.01625190839695
20154,2.01635181172706
20155,2.01645171505717
20156,2.01655161838728
20157,2.01665152171739
20158,2.0167514250475
20159,2.01685132837761
20160,2.01695123170772
20161,2.01705113503783
20162,2.01715103836795
20163,2.01725094169806
20164,2.01735084502817
20165,2.01745074835828
20166,2.01755065168839
20167,2.0176505550185
20168,2.01775045834861
20169,2.01785036167872
20170,2.01795026500883
20171,2.01805016833894
20172,2.01815007166906
20173,2.01824997499917
20174,2.01834987832928
20175,2.01844978165939
20176,2.0185496849895
20177,2.01864958831961
20178,2.01874949164972
20179,2.01884939497983
20180,2.01894929830994
20181,2.01904920164006
20182,2.01914910497017
20183,2.01924900830028
20184,2.01934891163039
20185,2.0194488149605
20186,2.01954871829061
20187,2.01964862162072
20188,2.01974852495083
20189,2.01984842828094
20190,2.01994833161105
20191,2.02004823494117
20192,2.02014813827128
20193,2.02024804160139
20194,2.0203479449315
20195,2.02044784826161
20196,2.02054775159172
20197,2.02064765492183
20198,2.02074755825194
20199,2.02084746158205
20200,2.02094736491216
20201,2.02104726824227
20202,2.02114717157239
20203,2.0212470749025
20204,2.02134697823261
20205,2.02144688156272
20206,2.02154678489283
20207,2.02164668822294
20208,2.02174659155305
20209,2.02184649488316
20210,2.02194639821327
20211,2.02204630154338
20212,2.0221462048735
20213,2.02224610820361
20214,2.02234601153372
20215,2.02244591486383
20216,2.02254581819394
20217,2.02264572152405
20218,2.02274562485416
20219,2.02284552818427
20220,2.02294543151438
20221,2.0230453348445
20222,2.02314523817461
20223,2.02324514150472
20224,2.02334504483483
20225,2.02344494816494
20226,2.02354485149505
20227,2.02364475482516
20228,2.02374465815527
20229,2.02384456148538
20230,2.02394446481549
20231,2.02404436814561
20232,2.02414427147572
20233,2.02424417480583
20234,2.02434407813594
20235,2.02444398146605
20236,2.02454388479616
20237,2.02464378812627
20238,2.02474369145638
20239,2.02484359478649
20240,2.0249434981166
20241,2.02504340144671
20242,2.02514330477683
20243,2.02524320810694
20244,2.02534311143705
20245,2.02544301476716
20246,2.02554291809727
20247,2.02564282142738
20248,2.02574272475749
20249,2.0258426280876
20250,2.02594253141771
20251,2.02604243474782
20252,2.02614233807794
20253,2.02624224140805
20254,2.02634214473816
20255,2.02644204806827
20256,2.02654195139838
20257,2.02664185472849
20258,2.0267417580586
20259,2.02684166138871
20260,2.02694156471882
20261,2.02704146804893
20262,2.02714137137905
20263,2.02724127470916
20264,2.02734117803927
20265,2.02744108136938
20266,2.02754098469949
20267,2.0276408880296
20268,2.02774079135971
20269,2.02784069468982
20270,2.02794059801993
20271,2.02804050135004
20272,2.02814040468016
20273,2.02824030801027
20274,2.02834021134038
20275,2.02844011467049
20276,2.0285400180006
20277,2.02863992133071
20278,2.02873982466082
20279,2.02883972799093
20280,2.02893963132104
20281,2.02903953465115
20282,2.02913943798127
20283,2.02923934131138
20284,2.02933924464149
20285,2.0294391479716
20286,2.02953905130171
20287,2.02963895463182
20288,2.02973885796193
20289,2.02983876129204
20290,2.02993866462215
20291,2.03003856795227
20292,2.03013847128238
20293,2.03023837461249
20294,2.0303382779426
20295,2.03043818127271
20296,2.03053808460282
20297,2.03063798793293
20298,2.03073789126304
20299,2.03083779459315
20300,2.03093769792326
20301,2.03103760125338
20302,2.03113750458349
20303,2.0312374079136
20304,2.03133731124371
20305,2.03143721457382
20306,2.03153711790393
20307,2.03163702123404
20308,2.03173692456415
20309,2.03183682789426
20310,2.03193673122437
20311,2.03203663455449
20312,2.0321365378846
20313,2.03223644121471
20314,2.03233634454482
20315,2.03243624787493
20316,2.03253615120504
20317,2.03263605453515
20318,2.03273595786526
20319,2.03283586119537
20320,2.03293576452548
20321,2.0330356678556
20322,2.03313557118571
20323,2.03323547451582
20324,2.03333537784593
20325,2.03343528117604
20326,2.03353518450615
20327,2.03363508783626
20328,2.03373499116637
20329,2.03383489449648
20330,2.03393479782659
20331,2.03403470115671
20332,2.03413460448682
20333,2.03423450781693
20334,2.03433441114704
20335,2.03443431447715
20336,2.03453421780726
20337,2.03463412113737
20338,2.03473402446748
20339,2.03483392779759
20340,2.0349338311277
20341,2.03503373445782
20342,2.03513363778793
20343,2.03523354111804
20344,2.03533344444815
20345,2.03543334777826
20346,2.03553325110837
20347,2.03563315443848
20348,2.03573305776859
20349,2.0358329610987
20350,2.03593286442881
20351,2.03603276775893
20352,2.03613267108904
20353,2.03623257441915
20354,2.03633247774926
20355,2.03643238107937
20356,2.03653228440948
20357,2.03663218773959
20358,2.0367320910697
20359,2.03683199439981
20360,2.03693189772992
20361,2.03703180106004
20362,2.03713170439015
20363,2.03723160772026
20364,2.03733151105037
20365,2.03743141438048
20366,2.03753131771059
20367,2.0376312210407
20368,2.03773112437081
20369,2.03783102770092
20370,2.03793093103103
20371,2.03803083436115
20372,2.03813073769126
20373,2.03823064102137
20374,2.03833054435148
20375,2.03843044768159
20376,2.0385303510117
20377,2.03863025434181
20378,2.03873015767192
20379,2.03883006100203
20380,2.03892996433214
20381,2.03902986766226
20382,2.03912977099237
20383,2.03922967432248
20384,2.03932957765259
20385,2.0394294809827
20386,2.03952938431281
20387,2.03962928764292
20388,2.03972919097303
20389,2.03982909430314
20390,2.03992899763325
20391,2.04002890096337
20392,2.04012880429348
20393,2.04022870762359
20394,2.0403286109537
20395,2.04042851428381
20396,2.04052841761392
20397,2.04062832094403
20398,2.04072822427414
20399,2.04082812760425
20400,2.04092803093436
20401,2.04102793426448
20402,2.04112783759459
20403,2.0412277409247
20404,2.04132764425481
20405,2.04142754758492
20406,2.04152745091503
20407,2.04162735424514
20408,2.04172725757525
20409,2.04182716090536
20410,2.04192706423547
20411,2.04202696756559
20412,2.0421268708957
20413,2.04222677422581
20414,2.04232667755592
20415,2.04242658088603
20416,2.04252648421614
20417,2.04262638754625
20418,2.04272629087636
20419,2.04282619420647
20420,2.04292609753658
20421,2.0430260008667
20422,2.04312590419681
20423,2.04322580752692
20424,2.04332571085703
20425,2.04342561418714
20426,2.04352551751725
20427,2.04362542084736
20428,2.04372532417747
20429,2.04382522750758
20430,2.04392513083769
20431,2.04402503416781
20432,2.04412493749792
20433,2.04422484082803
20434,2.04432474415814
20435,2.04442464748825
20436,2.04452455081836
20437,2.04462445414847
20438,2.04472435747858
20439,2.04482426080869
20440,2.0449241641388
20441,2.04502406746892
20442,2.04512397079903
20443,2.04522387412914
20444,2.04532377745925
20445,2.04542368078936
20446,2.04552358411947
20447,2.04562348744958
20448,2.04572339077969
20449,2.0458232941098
20450,2.04592319743991
20451,2.04602310077003
20452,2.04612300410014
20453,2.04622290743025
20454,2.04632281076036
20455,2.04642271409047
20456,2.04652261742058
20457,2.04662252075069
20458,2.0467224240808
20459,2.04682232741091
20460,2.04692223074102
20461,2.04702213407114
20462,2.04712203740125
20463,2.04722194073136
20464,2.04732184406147
20465,2.04742174739158
20466,2.04752165072169
20467,2.0476215540518
20468,2.04772145738191
20469,2.04782136071202
20470,2.04792126404213
20471,2.04802116737225
20472,2.04812107070236
20473,2.04822097403247
20474,2.04832087736258
20475,2.04842078069269
20476,2.0485206840228
20477,2.04862058735291
20478,2.04872049068302
20479,2.04882039401313
20480,2.04892029734324
20481,2.04902020067336
20482,2.04912010400347
20483,2.04922000733358
20484,2.04931991066369
20485,2.0494198139938
20486,2.04951971732391
20487,2.04961962065402
20488,2.04971952398413
20489,2.04981942731424
20490,2.04991933064436
20491,2.05001923397447
20492,2.05011913730458
20493,2.05021904063469
20494,2.0503189439648
20495,2.05041884729491
20496,2.05051875062502
20497,2.05061865395513
20498,2.05071855728524
20499,2.05081846061535
20500,2.05091836394547
20501,2.05101826727558
20502,2.05111817060569
20503,2.0512180739358
20504,2.05131797726591
20505,2.05141788059602
20506,2.05151778392613
20507,2.05161768725624
20508,2.05171759058635
20509,2.05181749391646
20510,2.05191739724658
20511,2.05201730057669
20512,2.0521172039068
20513,2.05221710723691
20514,2.05231701056702
20515,2.05241691389713
20516,2.05251681722724
20517,2.05261672055735
20518,2.05271662388746
20519,2.05281652721757
20520,2.05291643054768
20521,2.0530163338778
20522,2.05311623720791
20523,2.05321614053802
20524,2.05331604386813
20525,2.05341594719824
20526,2.05351585052835
20527,2.05361575385846
20528,2.05371565718857
20529,2.05381556051868
20530,2.05391546384879
20531,2.05401536717891
20532,2.05411527050902
20533,2.05421517383913
20534,2.05431507716924
20535,2.05441498049935
20536,2.05451488382946
20537,2.05461478715957
20538,2.05471469048968
20539,2.05481459381979
20540,2.0549144971499
20541,2.05501440048002
20542,2.05511430381013
20543,2.05521420714024
20544,2.05531411047035
20545,2.05541401380046
20546,2.05551391713057
20547,2.05561382046068
20548,2.05571372379079
20549,2.0558136271209
20550,2.05591353045101
20551,2.05601343378113
20552,2.05611333711124
20553,2.05621324044135
20554,2.05631314377146
20555,2.05641304710157
20556,2.05651295043168
20557,2.05661285376179
20558,2.0567127570919
20559,2.05681266042201
20560,2.05691256375213
20561,2.05701246708224
20562,2.05711237041235
20563,2.05721227374246
20564,2.05731217707257
20565,2.05741208040268
20566,2.05751198373279
20567,2.0576118870629
20568,2.05771179039301
20569,2.05781169372312
20570,2.05791159705324
20571,2.05801150038335
20572,2.05811140371346
20573,2.05821130704357
20574,2.05831121037368
20575,2.05841111370379
20576,2.0585110170339
20577,2.05861092036401
20578,2.05871082369412
20579,2.05881072702423
20580,2.05891063035435
20581,2.05901053368446
20582,2.05911043701457
20583,2.05921034034468
20584,2.05931024367479
20585,2.0594101470049
20586,2.05951005033501
20587,2.05960995366512
20588,2.05970985699523
20589,2.05980976032534
20590,2.05990966365546
20591,2.06000956698557
20592,2.06010947031568
20593,2.06020937364579
20594,2.0603092769759
20595,2.06040918030601
20596,2.06050908363612
20597,2.06060898696623
20598,2.06070889029634
20599,2.06080879362645
20600,2.06090869695657
20601,2.06100860028668
20602,2.06110850361679
20603,2.0612084069469
20604,2.06130831027701
20605,2.06140821360712
20606,2.06150811693723
20607,2.06160802026734
20608,2.06170792359745
20609,2.06180782692756
20610,2.06190773025768
20611,2.06200763358779
20612,2.0621075369179
20613,2.06220744024801
20614,2.06230734357812
20615,2.06240724690823
20616,2.06250715023834
20617,2.06260705356845
20618,2.06270695689856
20619,2.06280686022867
20620,2.06290676355879
20621,2.0630066668889
20622,2.06310657021901
20623,2.06320647354912
20624,2.06330637687923
20625,2.06340628020934
20626,2.06350618353945
20627,2.06360608686956
20628,2.06370599019967
20629,2.06380589352978
20630,2.0639057968599
20631,2.06400570019001
20632,2.06410560352012
20633,2.06420550685023
20634,2.06430541018034
20635,2.06440531351045
20636,2.06450521684056
20637,2.06460512017067
20638,2.06470502350078
20639,2.06480492683089
20640,2.06490483016101
20641,2.06500473349112
20642,2.06510463682123
20643,2.06520454015134
20644,2.06530444348145
20645,2.06540434681156
20646,2.06550425014167
20647,2.06560415347178
20648,2.06570405680189
20649,2.065803960132
20650,2.06590386346212
20651,2.06600376679223
20652,2.06610367012234
20653,2.06620357345245
20654,2.06630347678256
20655,2.06640338011267
20656,2.06650328344278
20657,2.06660318677289
20658,2.066703090103
20659,2.06680299343311
20660,2.06690289676323
20661,2.06700280009334
20662,2.06710270342345
20663,2.06720260675356
20664,2.06730251008367
20665,2.06740241341378
20666,2.06750231674389
20667,2.067602220074
20668,2.06770212340411
20669,2.06780202673422
20670,2.06790193006434
20671,2.06800183339445
20672,2.06810173672456
20673,2.06820164005467
20674,2.06830154338478
20675,2.06840144671489
20676,2.068501350045
20677,2.06860125337511
20678,2.06870115670522
20679,2.06880106003533
20680,2.06890096336545
20681,2.06900086669556
20682,2.06910077002567
20683,2.06920067335578
20684,2.06930057668589
20685,2.069400480016
20686,2.06950038334611
20687,2.06960028667622
20688,2.06970019000633
20689,2.06980009333644
20690,2.06989999666656
20691,2.06999989999667
20692,2.07009980332678
20693,2.07019970665689
20694,2.070299609987
20695,2.07039951331711
20696,2.07049941664722
20697,2.07059931997733
20698,2.07069922330744
20699,2.07079912663755
20700,2.07089902996767
20701,2.07099893329778
20702,2.07109883662789
20703,2.071198739958
20704,2.07129864328811
20705,2.07139854661822
20706,2.07149844994833
20707,2.07159835327844
20708,2.07169825660855
20709,2.07179815993866
20710,2.07189806326878
20711,2.07199796659889
20712,2.072097869929
20713,2.07219777325911
20714,2.07229767658922
20715,2.07239757991933
20716,2.07249748324944
20717,2.07259738657955
20718,2.07269728990966
20719,2.07279719323977
20720,2.07289709656989
20721,2.0729969999
20722,2.07309690323011
20723,2.07319680656022
20724,2.07329670989033
20725,2.07339661322044
20726,2.07349651655055
20727,2.07359641988066
20728,2.07369632321077
20729,2.07379622654088
20730,2.073896129871
20731,2.07399603320111
20732,2.07409593653122
20733,2.07419583986133
20734,2.07429574319144
20735,2.07439564652155
20736,2.07449554985166
20737,2.07459545318177
20738,2.07469535651188
20739,2.07479525984199
20740,2.07489516317211
20741,2.07499506650222
20742,2.07509496983233
20743,2.07519487316244
20744,2.07529477649255
20745,2.07539467982266
20746,2.07549458315277
20747,2.07559448648288
20748,2.07569438981299
20749,2.07579429314311
20750,2.07589419647322
20751,2.07599409980333
20752,2.07609400313344
20753,2.07619390646355
20754,2.07629380979366
20755,2.07639371312377
20756,2.07649361645388
20757,2.07659351978399
20758,2.0766934231141
20759,2.07679332644422
20760,2.07689322977433
20761,2.07699313310444
20762,2.07709303643455
20763,2.07719293976466
20764,2.07729284309477
20765,2.07739274642488
20766,2.07749264975499
20767,2.0775925530851
20768,2.07769245641521
20769,2.07779235974533
20770,2.07789226307544
20771,2.07799216640555
20772,2.07809206973566
20773,2.07819197306577
20774,2.07829187639588
20775,2.07839177972599
20776,2.0784916830561
20777,2.07859158638621
20778,2.07869148971632
20779,2.07879139304644
20780,2.07889129637655
20781,2.07899119970666
20782,2.07909110303677
20783,2.07919100636688
20784,2.07929090969699
20785,2.0793908130271
20786,2.07949071635721
20787,2.07959061968732
20788,2.07969052301743
20789,2.07979042634754
20790,2.07989032967766
20791,2.07999023300777
20792,2.08009013633788
20793,2.08019003966799
20794,2.0802899429981
20795,2.08038984632821
20796,2.08048974965832
20797,2.08058965298843
20798,2.08068955631854
20799,2.08078945964866
20800,2.08088936297877
20801,2.08098926630888
20802,2.08108916963899
20803,2.0811890729691
20804,2.08128897629921
20805,2.08138887962932
20806,2.08148878295943
20807,2.08158868628954
20808,2.08168858961965
20809,2.08178849294977
20810,2.08188839627988
20811,2.08198829960999
20812,2.0820882029401
20813,2.08218810627021
20814,2.08228800960032
20815,2.08238791293043
20816,2.08248781626054
20817,2.08258771959065
20818,2.08268762292076
20819,2.08278752625088
20820,2.08288742958099
20821,2.0829873329111
20822,2.08308723624121
20823,2.08318713957132
20824,2.08328704290143
20825,2.08338694623154
20826,2.08348684956165
20827,2.08358675289176
20828,2.08368665622187
20829,2.08378655955199
20830,2.0838864628821
20831,2.08398636621221
20832,2.08408626954232
20833,2.08418617287243
20834,2.08428607620254
20835,2.08438597953265
20836,2.08448588286276
20837,2.08458578619287
20838,2.08468568952298
20839,2.08478559285309
20840,2.08488549618321
20841,2.08498539951332
20842,2.08508530284343
20843,2.08518520617354
20844,2.08528510950365
20845,2.08538501283376
20846,2.08548491616387
20847,2.08558481949398
20848,2.08568472282409
20849,2.0857846261542
20850,2.08588452948432
20851,2.08598443281443
20852,2.08608433614454
20853,2.08618423947465
20854,2.08628414280476
20855,2.08638404613487
20856,2.08648394946498
20857,2.08658385279509
20858,2.0866837561252
20859,2.08678365945531
20860,2.08688356278543
20861,2.08698346611554
20862,2.08708336944565
20863,2.08718327277576
20864,2.08728317610587
20865,2.08738307943598
20866,2.08748298276609
20867,2.0875828860962
20868,2.08768278942631
20869,2.08778269275643
20870,2.08788259608654
20871,2.08798249941665
20872,2.08808240274676
20873,2.08818230607687
20874,2.08828220940698
20875,2.08838211273709
20876,2.0884820160672
20877,2.08858191939731
20878,2.08868182272742
20879,2.08878172605754
20880,2.08888162938765
20881,2.08898153271776
20882,2.08908143604787
20883,2.08918133937798
20884,2.08928124270809
20885,2.0893811460382
20886,2.08948104936831
20887,2.08958095269842
20888,2.08968085602853
20889,2.08978075935865
20890,2.08988066268876
20891,2.08998056601887
20892,2.09008046934898
20893,2.09018037267909
20894,2.0902802760092
20895,2.09038017933931
20896,2.09048008266942
20897,2.09057998599953
20898,2.09067988932964
20899,2.09077979265976
20900,2.09087969598987
20901,2.09097959931998
20902,2.09107950265009
20903,2.0911794059802
20904,2.09127930931031
20905,2.09137921264042
20906,2.09147911597053
20907,2.09157901930064
20908,2.09167892263075
20909,2.09177882596087
20910,2.09187872929098
20911,2.09197863262109
20912,2.0920785359512
20913,2.09217843928131
20914,2.09227834261142
20915,2.09237824594153
20916,2.09247814927164
20917,2.09257805260175
20918,2.09267795593186
20919,2.09277785926198
20920,2.09287776259209
20921,2.0929776659222
20922,2.09307756925231
20923,2.09317747258242
20924,2.09327737591253
20925,2.09337727924264
20926,2.09347718257275
20927,2.09357708590286
20928,2.09367698923297
20929,2.09377689256309
20930,2.0938767958932
20931,2.09397669922331
20932,2.09407660255342
20933,2.09417650588353
20934,2.09427640921364
20935,2.09437631254375
20936,2.09447621587386
20937,2.09457611920397
20938,2.09467602253408
20939,2.0947759258642
20940,2.09487582919431
20941,2.09497573252442
20942,2.09507563585453
20943,2.09517553918464
20944,2.09527544251475
20945,2.09537534584486
20946,2.09547524917497
20947,2.09557515250508
20948,2.09567505583519
20949,2.09577495916531
20950,2.09587486249542
20951,2.09597476582553
20952,2.09607466915564
20953,2.09617457248575
20954,2.09627447581586
20955,2.09637437914597
20956,2.09647428247608
20957,2.09657418580619
20958,2.0966740891363
20959,2.09677399246642
20960,2.09687389579653
20961,2.09697379912664
20962,2.09707370245675
20963,2.09717360578686
20964,2.09727350911697
20965,2.09737341244708
20966,2.09747331577719
20967,2.0975732191073
20968,2.09767312243741
20969,2.09777302576753
20970,2.09787292909764
20971,2.09797283242775
20972,2.09807273575786
20973,2.09817263908797
20974,2.09827254241808
20975,2.09837244574819
20976,2.0984723490783
20977,2.09857225240841
20978,2.09867215573852
20979,2.09877205906864
20980,2.09887196239875
20981,2.09897186572886
20982,2.09907176905897
20983,2.09917167238908
20984,2.09927157571919
20985,2.0993714790493
20986,2.09947138237941
20987,2.09957128570952
20988,2.09967118903963
20989,2.09977109236975
20990,2.09987099569986
20991,2.09997089902997
20992,2.10007080236008
20993,2.10017070569019
20994,2.1002706090203
20995,2.10037051235041
20996,2.10047041568052
20997,2.10057031901063
20998,2.10067022234074
20999,2.10077012567086
21000,2.10087002900097
21001,2.10096993233108
21002,2.10106983566119
21003,2.1011697389913
21004,2.10126964232141
21005,2.10136954565152
21006,2.10146944898163
21007,2.10156935231174
21008,2.10166925564185
21009,2.10176915897197
21010,2.10186906230208
21011,2.10196896563219
21012,2.1020688689623
21013,2.10216877229241
21014,2.10226867562252
21015,2.10236857895263
21016,2.10246848228274
21017,2.10256838561285
21018,2.10266828894296
21019,2.10276819227308
21020,2.10286809560319
21021,2.1029679989333
21022,2.10306790226341
21023,2.10316780559352
21024,2.10326770892363
21025,2.10336761225374
21026,2.10346751558385
21027,2.10356741891396
21028,2.10366732224407
21029,2.10376722557419
21030,2.1038671289043
21031,2.10396703223441
21032,2.10406693556452
21033,2.10416683889463
21034,2.10426674222474
21035,2.10436664555485
21036,2.10446654888496
21037,2.10456645221507
21038,2.10466635554519
21039,2.1047662588753
21040,2.10486616220541
21041,2.10496606553552
21042,2.10506596886563
21043,2.10516587219574
21044,2.10526577552585
21045,2.10536567885596
21046,2.10546558218607
21047,2.10556548551618
21048,2.10566538884629
21049,2.10576529217641
21050,2.10586519550652
21051,2.10596509883663
21052,2.10606500216674
21053,2.10616490549685
21054,2.10626480882696
21055,2.10636471215707
21056,2.10646461548718
21057,2.10656451881729
21058,2.1066644221474
21059,2.10676432547752
21060,2.10686422880763
21061,2.10696413213774
21062,2.10706403546785
21063,2.10716393879796
21064,2.10726384212807
21065,2.10736374545818
21066,2.10746364878829
21067,2.1075635521184
21068,2.10766345544851
21069,2.10776335877863
21070,2.10786326210874
21071,2.10796316543885
21072,2.10806306876896
21073,2.10816297209907
21074,2.10826287542918
21075,2.10836277875929
21076,2.1084626820894
21077,2.10856258541951
21078,2.10866248874963
21079,2.10876239207974
21080,2.10886229540985
21081,2.10896219873996
21082,2.10906210207007
21083,2.10916200540018
21084,2.10926190873029
21085,2.1093618120604
21086,2.10946171539051
21087,2.10956161872062
21088,2.10966152205074
21089,2.10976142538085
21090,2.10986132871096
21091,2.10996123204107
21092,2.11006113537118
21093,2.11016103870129
21094,2.1102609420314
21095,2.11036084536151
21096,2.11046074869162
21097,2.11056065202173
21098,2.11066055535185
21099,2.11076045868196
21100,2.11086036201207
21101,2.11096026534218
21102,2.11106016867229
21103,2.1111600720024
21104,2.11125997533251
21105,2.11135987866262
21106,2.11145978199273
21107,2.11155968532284
21108,2.11165958865296
21109,2.11175949198307
21110,2.11185939531318
21111,2.11195929864329
21112,2.1120592019734
21113,2.11215910530351
21114,2.11225900863362
21115,2.11235891196373
21116,2.11245881529384
21117,2.11255871862395
21118,2.11265862195407
21119,2.11275852528418
21120,2.11285842861429
21121,2.1129583319444
21122,2.11305823527451
21123,2.11315813860462
21124,2.11325804193473
21125,2.11335794526484
21126,2.11345784859495
21127,2.11355775192506
21128,2.11365765525518
21129,2.11375755858529
21130,2.1138574619154
21131,2.11395736524551
21132,2.11405726857562
21133,2.11415717190573
21134,2.11425707523584
21135,2.11435697856595
21136,2.11445688189606
21137,2.11455678522617
21138,2.11465668855629
21139,2.1147565918864
21140,2.11485649521651
21141,2.11495639854662
21142,2.11505630187673
21143,2.11515620520684
21144,2.11525610853695
21145,2.11535601186706
21146,2.11545591519717
21147,2.11555581852728
21148,2.1156557218574
21149,2.11575562518751
21150,2.11585552851762
21151,2.11595543184773
21152,2.11605533517784
21153,2.11615523850795
21154,2.11625514183806
21155,2.11635504516817
21156,2.11645494849828
21157,2.11655485182839
21158,2.11665475515851
21159,2.11675465848862
21160,2.11685456181873
21161,2.11695446514884
21162,2.11705436847895
21163,2.11715427180906
21164,2.11725417513917
21165,2.11735407846928
21166,2.11745398179939
21167,2.1175538851295
21168,2.11765378845962
21169,2.11775369178973
21170,2.11785359511984
21171,2.11795349844995
21172,2.11805340178006
21173,2.11815330511017
21174,2.11825320844028
21175,2.11835311177039
21176,2.1184530151005
21177,2.11855291843061
21178,2.11865282176073
21179,2.11875272509084
21180,2.11885262842095
21181,2.11895253175106
21182,2.11905243508117
21183,2.11915233841128
21184,2.11925224174139
21185,2.1193521450715
21186,2.11945204840161
21187,2.11955195173172
21188,2.11965185506184
21189,2.11975175839195
21190,2.11985166172206
21191,2.11995156505217
21192,2.12005146838228
21193,2.12015137171239
21194,2.1202512750425
21195,2.12035117837261
21196,2.12045108170272
21197,2.12055098503283
21198,2.12065088836295
21199,2.12075079169306
21200,2.12085069502317
21201,2.12095059835328
21202,2.12105050168339
21203,2.1211504050135
21204,2.12125030834361
21205,2.12135021167372
21206,2.12145011500383
21207,2.12155001833394
21208,2.12164992166406
21209,2.12174982499417
21210,2.12184972832428
21211,2.12194963165439
21212,2.1220495349845
21213,2.12214943831461
21214,2.12224934164472
21215,2.12234924497483
21216,2.12244914830494
21217,2.12254905163505
21218,2.12264895496517
21219,2.12274885829528
21220,2.12284876162539
21221,2.1229486649555
21222,2.12304856828561
21223,2.12314847161572
21224,2.12324837494583
21225,2.12334827827594
21226,2.12344818160605
21227,2.12354808493616
21228,2.12364798826628
21229,2.12374789159639
21230,2.1238477949265
21231,2.12394769825661
21232,2.12404760158672
21233,2.12414750491683
21234,2.12424740824694
21235,2.12434731157705
21236,2.12444721490716
21237,2.12454711823727
21238,2.12464702156739
21239,2.1247469248975
21240,2.12484682822761
21241,2.12494673155772
21242,2.12504663488783
21243,2.12514653821794
21244,2.12524644154805
21245,2.12534634487816
21246,2.12544624820827
21247,2.12554615153838
21248,2.1256460548685
21249,2.12574595819861
21250,2.12584586152872
21251,2.12594576485883
21252,2.12604566818894
21253,2.12614557151905
21254,2.12624547484916
21255,2.12634537817927
21256,2.12644528150938
21257,2.12654518483949
21258,2.12664508816961
21259,2.12674499149972
21260,2.12684489482983
21261,2.12694479815994
21262,2.12704470149005
21263,2.12714460482016
21264,2.12724450815027
21265,2.12734441148038
21266,2.12744431481049
21267,2.1275442181406
21268,2.12764412147072
21269,2.12774402480083
21270,2.12784392813094
21271,2.12794383146105
21272,2.12804373479116
21273,2.12814363812127
21274,2.12824354145138
21275,2.12834344478149
21276,2.1284433481116
21277,2.12854325144172
21278,2.12864315477183
21279,2.12874305810194
21280,2.12884296143205
21281,2.12894286476216
21282,2.12904276809227
21283,2.12914267142238
21284,2.12924257475249
21285,2.1293424780826
21286,2.12944238141271
21287,2.12954228474283
21288,2.12964218807294
21289,2.12974209140305
21290,2.12984199473316
21291,2.12994189806327
21292,2.13004180139338
21293,2.13014170472349
21294,2.1302416080536
21295,2.13034151138371
21296,2.13044141471382
21297,2.13054131804394
21298,2.13064122137405
21299,2.13074112470416
21300,2.13084102803427
21301,2.13094093136438
21302,2.13104083469449
21303,2.1311407380246
21304,2.13124064135471
21305,2.13134054468482
21306,2.13144044801493
21307,2.13154035134505
21308,2.13164025467516
21309,2.13174015800527
21310,2.13184006133538
21311,2.13193996466549
21312,2.1320398679956
21313,2.13213977132571
21314,2.13223967465582
21315,2.13233957798593
21316,2.13243948131604
21317,2.13253938464615
21318,2.13263928797627
21319,2.13273919130638
21320,2.13283909463649
21321,2.1329389979666
21322,2.13303890129671
21323,2.13313880462682
21324,2.13323870795693
21325,2.13333861128704
21326,2.13343851461715
21327,2.13353841794726
21328,2.13363832127738
21329,2.13373822460749
21330,2.1338381279376
21331,2.13393803126771
21332,2.13403793459782
21333,2.13413783792793
21334,2.13423774125804
21335,2.13433764458815
21336,2.13443754791826
21337,2.13453745124838
21338,2.13463735457849
21339,2.1347372579086
21340,2.13483716123871
21341,2.13493706456882
21342,2.13503696789893
21343,2.13513687122904
21344,2.13523677455915
21345,2.13533667788926
21346,2.13543658121937
21347,2.13553648454949
21348,2.1356363878796
21349,2.13573629120971
21350,2.13583619453982
21351,2.13593609786993
21352,2.13603600120004
21353,2.13613590453015
21354,2.13623580786026
21355,2.13633571119037
21356,2.13643561452048
21357,2.1365355178506
21358,2.13663542118071
21359,2.13673532451082
21360,2.13683522784093
21361,2.13693513117104
21362,2.13703503450115
21363,2.13713493783126
21364,2.13723484116137
21365,2.13733474449148
21366,2.13743464782159
21367,2.13753455115171
21368,2.13763445448182
21369,2.13773435781193
21370,2.13783426114204
21371,2.13793416447215
21372,2.13803406780226
21373,2.13813397113237
21374,2.13823387446248
21375,2.13833377779259
21376,2.1384336811227
21377,2.13853358445282
21378,2.13863348778293
21379,2.13873339111304
21380,2.13883329444315
21381,2.13893319777326
21382,2.13903310110337
21383,2.13913300443348
21384,2.13923290776359
21385,2.1393328110937
21386,2.13943271442381
21387,2.13953261775393
21388,2.13963252108404
21389,2.13973242441415
21390,2.13983232774426
21391,2.13993223107437
21392,2.14003213440448
21393,2.14013203773459
21394,2.1402319410647
21395,2.14033184439481
21396,2.14043174772492
21397,2.14053165105504
21398,2.14063155438515
21399,2.14073145771526
21400,2.14083136104537
21401,2.14093126437548
21402,2.14103116770559
21403,2.1411310710357
21404,2.14123097436581
21405,2.14133087769592
21406,2.14143078102603
21407,2.14153068435615
21408,2.14163058768626
21409,2.14173049101637
21410,2.14183039434648
21411,2.14193029767659
21412,2.1420302010067
21413,2.14213010433681
21414,2.14223000766692
21415,2.14232991099703
21416,2.14242981432714
21417,2.14252971765726
21418,2.14262962098737
21419,2.14272952431748
21420,2.14282942764759
21421,2.1429293309777
21422,2.14302923430781
21423,2.14312913763792
21424,2.14322904096803
21425,2.14332894429814
21426,2.14342884762825
21427,2.14352875095837
21428,2.14362865428848
21429,2.14372855761859
21430,2.1438284609487
21431,2.14392836427881
21432,2.14402826760892
21433,2.14412817093903
21434,2.14422807426914
21435,2.14432797759925
21436,2.14442788092936
21437,2.14452778425948
21438,2.14462768758959
21439,2.1447275909197
21440,2.14482749424981
21441,2.14492739757992
21442,2.14502730091003
21443,2.14512720424014
21444,2.14522710757025
21445,2.14532701090036
21446,2.14542691423047
21447,2.14552681756059
21448,2.1456267208907
21449,2.14572662422081
21450,2.14582652755092
21451,2.14592643088103
21452,2.14602633421114
21453,2.14612623754125
21454,2.14622614087136
21455,2.14632604420147
21456,2.14642594753158
21457,2.1465258508617
21458,2.14662575419181
21459,2.14672565752192
21460,2.14682556085203
21461,2.14692546418214
21462,2.14702536751225
21463,2.14712527084236
21464,2.14722517417247
21465,2.14732507750258
21466,2.14742498083269
21467,2.14752488416281
21468,2.14762478749292
21469,2.14772469082303
21470,2.14782459415314
21471,2.14792449748325
21472,2.14802440081336
21473,2.14812430414347
21474,2.14822420747358
21475,2.14832411080369
21476,2.1484240141338
21477,2.14852391746392
21478,2.14862382079403
21479,2.14872372412414
21480,2.14882362745425
21481,2.14892353078436
21482,2.14902343411447
21483,2.14912333744458
21484,2.14922324077469
21485,2.1493231441048
21486,2.14942304743491
21487,2.14952295076503
21488,2.14962285409514
21489,2.14972275742525
21490,2.14982266075536
21491,2.14992256408547
21492,2.15002246741558
21493,2.15012237074569
21494,2.1502222740758
21495,2.15032217740591
21496,2.15042208073602
21497,2.15052198406614
21498,2.15062188739625
21499,2.15072179072636
21500,2.15082169405647
21501,2.15092159738658
21502,2.15102150071669
21503,2.1511214040468
21504,2.15122130737691
21505,2.15132121070702
21506,2.15142111403713
21507,2.15152101736725
21508,2.15162092069736
21509,2.15172082402747
21510,2.15182072735758
21511,2.15192063068769
21512,2.1520205340178
21513,2.15212043734791
21514,2.15222034067802
21515,2.15232024400813
21516,2.15242014733824
21517,2.15252005066836
21518,2.15261995399847
21519,2.15271985732858
21520,2.15281976065869
21521,2.1529196639888
21522,2.15301956731891
21523,2.15311947064902
21524,2.15321937397913
21525,2.15331927730924
21526,2.15341918063935
21527,2.15351908396947
21528,2.15361898729958
21529,2.15371889062969
21530,2.1538187939598
21531,2.15391869728991
21532,2.15401860062002
21533,2.15411850395013
21534,2.15421840728024
21535,2.15431831061035
21536,2.15441821394046
21537,2.15451811727058
21538,2.15461802060069
21539,2.1547179239308
21540,2.15481782726091
21541,2.15491773059102
21542,2.15501763392113
21543,2.15511753725124
21544,2.15521744058135
21545,2.15531734391146
21546,2.15541724724157
21547,2.15551715057169
21548,2.1556170539018
21549,2.15571695723191
21550,2.15581686056202
21551,2.15591676389213
21552,2.15601666722224
21553,2.15611657055235
21554,2.15621647388246
21555,2.15631637721257
21556,2.15641628054268
21557,2.1565161838728
21558,2.15661608720291
21559,2.15671599053302
21560,2.15681589386313
21561,2.15691579719324
21562,2.15701570052335
21563,2.15711560385346
21564,2.15721550718357
21565,2.15731541051368
21566,2.15741531384379
21567,2.15751521717391
21568,2.15761512050402
21569,2.15771502383413
21570,2.15781492716424
21571,2.15791483049435
21572,2.15801473382446
21573,2.15811463715457
21574,2.15821454048468
21575,2.15831444381479
21576,2.1584143471449
21577,2.15851425047502
21578,2.15861415380513
21579,2.15871405713524
21580,2.15881396046535
21581,2.15891386379546
21582,2.15901376712557
21583,2.15911367045568
21584,2.15921357378579
21585,2.1593134771159
21586,2.15941338044601
21587,2.15951328377613
21588,2.15961318710624
21589,2.15971309043635
21590,2.15981299376646
21591,2.15991289709657
21592,2.16001280042668
21593,2.16011270375679
21594,2.1602126070869
21595,2.16031251041701
21596,2.16041241374713
21597,2.16051231707724
21598,2.16061222040735
21599,2.16071212373746
21600,2.16081202706757
21601,2.16091193039768
21602,2.16101183372779
21603,2.1611117370579
21604,2.16121164038801
21605,2.16131154371812
21606,2.16141144704824
21607,2.16151135037835
21608,2.16161125370846
21609,2.16171115703857
21610,2.16181106036868
21611,2.16191096369879
21612,2.1620108670289
21613,2.16211077035901
21614,2.16221067368912
21615,2.16231057701923
21616,2.16241048034935
21617,2.16251038367946
21618,2.16261028700957
21619,2.16271019033968
21620,2.16281009366979
21621,2.1629099969999
21622,2.16300990033001
21623,2.16310980366012
21624,2.16320970699023
21625,2.16330961032034
21626,2.16340951365046
21627,2.16350941698057
21628,2.16360932031068
21629,2.16370922364079
21630,2.1638091269709
21631,2.16390903030101
21632,2.16400893363112
21633,2.16410883696123
21634,2.16420874029134
21635,2.16430864362145
21636,2.16440854695156
21637,2.16450845028168
21638,2.16460835361179
21639,2.1647082569419
21640,2.16480816027201
21641,2.16490806360212
21642,2.16500796693223
21643,2.16510787026234
21644,2.16520777359245
21645,2.16530767692256
21646,2.16540758025267
21647,2.16550748358279
21648,2.1656073869129
21649,2.16570729024301
21650,2.16580719357312
21651,2.16590709690323
21652,2.16600700023334
21653,2.16610690356345
21654,2.16620680689356
21655,2.16630671022367
21656,2.16640661355378
21657,2.1665065168839
21658,2.16660642021401
21659,2.16670632354412
21660,2.16680622687423
21661,2.16690613020434
21662,2.16700603353445
21663,2.16710593686456
21664,2.16720584019467
21665,2.16730574352478
21666,2.1674056468549
21667,2.16750555018501
21668,2.16760545351512
21669,2.16770535684523
21670,2.16780526017534
21671,2.16790516350545
21672,2.16800506683556
21673,2.16810497016567
21674,2.16820487349578
21675,2.16830477682589
21676,2.16840468015601
21677,2.16850458348612
21678,2.16860448681623
21679,2.16870439014634
21680,2.16880429347645
21681,2.16890419680656
21682,2.16900410013667
21683,2.16910400346678
21684,2.16920390679689
21685,2.169303810127
21686,2.16940371345712
21687,2.16950361678723
21688,2.16960352011734
21689,2.16970342344745
21690,2.16980332677756
21691,2.16990323010767
21692,2.17000313343778
21693,2.17010303676789
21694,2.170202940098
21695,2.17030284342811
21696,2.17040274675823
21697,2.17050265008834
21698,2.17060255341845
21699,2.17070245674856
21700,2.17080236007867
21701,2.17090226340878
21702,2.17100216673889
21703,2.171102070069
21704,2.17120197339911
21705,2.17130187672922
21706,2.17140178005934
21707,2.17150168338945
21708,2.17160158671956
21709,2.17170149004967
21710,2.17180139337978
21711,2.17190129670989
21712,2.17200120004
21713,2.17210110337011
21714,2.17220100670022
21715,2.17230091003033
21716,2.17240081336045
21717,2.17250071669056
21718,2.17260062002067
21719,2.17270052335078
21720,2.17280042668089
21721,2.172900330011
21722,2.17300023334111
21723,2.17310013667122
21724,2.17320004000133
21725,2.17329994333144
21726,2.17339984666156
21727,2.17349974999167
21728,2.17359965332178
21729,2.17369955665189
21730,2.173799459982
21731,2.17389936331211
21732,2.17399926664222
21733,2.17409916997233
21734,2.17419907330244
21735,2.17429897663255
21736,2.17439887996267
21737,2.17449878329278
21738,2.17459868662289
21739,2.174698589953
21740,2.17479849328311
21741,2.17489839661322
21742,2.17499829994333
21743,2.17509820327344
21744,2.17519810660355
21745,2.17529800993366
21746,2.17539791326378
21747,2.17549781659389
21748,2.175597719924
21749,2.17569762325411
21750,2.17579752658422
21751,2.17589742991433
21752,2.17599733324444
21753,2.17609723657455
21754,2.17619713990466
21755,2.17629704323477
21756,2.17639694656489
21757,2.176496849895
21758,2.17659675322511
21759,2.17669665655522
21760,2.17679655988533
21761,2.17689646321544
21762,2.17699636654555
21763,2.17709626987566
21764,2.17719617320577
21765,2.17729607653588
21766,2.177395979866
21767,2.17749588319611
21768,2.17759578652622
21769,2.17769568985633
21770,2.17779559318644
21771,2.17789549651655
21772,2.17799539984666
21773,2.17809530317677
21774,2.17819520650688
21775,2.17829510983699
21776,2.17839501316711
21777,2.17849491649722
21778,2.17859481982733
21779,2.17869472315744
21780,2.17879462648755
21781,2.17889452981766
21782,2.17899443314777
21783,2.17909433647788
21784,2.17919423980799
21785,2.1792941431381
21786,2.17939404646822
21787,2.17949394979833
21788,2.17959385312844
21789,2.17969375645855
21790,2.17979365978866
21791,2.17989356311877
21792,2.17999346644888
21793,2.18009336977899
21794,2.1801932731091
21795,2.18029317643921
21796,2.18039307976933
21797,2.18049298309944
21798,2.18059288642955
21799,2.18069278975966
21800,2.18079269308977
21801,2.18089259641988
21802,2.18099249974999
21803,2.1810924030801
21804,2.18119230641021
21805,2.18129220974032
21806,2.18139211307044
21807,2.18149201640055
21808,2.18159191973066
21809,2.18169182306077
21810,2.18179172639088
21811,2.18189162972099
21812,2.1819915330511
21813,2.18209143638121
21814,2.18219133971132
21815,2.18229124304143
21816,2.18239114637155
21817,2.18249104970166
21818,2.18259095303177
21819,2.18269085636188
21820,2.18279075969199
21821,2.1828906630221
21822,2.18299056635221
21823,2.18309046968232
21824,2.18319037301243
21825,2.18329027634254
21826,2.18339017967266
21827,2.18349008300277
21828,2.18358998633288
21829,2.18368988966299
21830,2.1837897929931
21831,2.18388969632321
21832,2.18398959965332
21833,2.18408950298343
21834,2.18418940631354
21835,2.18428930964366
21836,2.18438921297377
21837,2.18448911630388
21838,2.18458901963399
21839,2.1846889229641
21840,2.18478882629421
21841,2.18488872962432
21842,2.18498863295443
21843,2.18508853628454
21844,2.18518843961465
21845,2.18528834294476
21846,2.18538824627488
21847,2.18548814960499
21848,2.1855880529351
21849,2.18568795626521
21850,2.18578785959532
21851,2.18588776292543
21852,2.18598766625554
21853,2.18608756958565
21854,2.18618747291576
21855,2.18628737624587
21856,2.18638727957599
21857,2.1864871829061
21858,2.18658708623621
21859,2.18668698956632
21860,2.18678689289643
21861,2.18688679622654
21862,2.18698669955665
21863,2.18708660288676
21864,2.18718650621687
21865,2.18728640954699
21866,2.1873863128771
21867,2.18748621620721
21868,2.18758611953732
21869,2.18768602286743
21870,2.18778592619754
21871,2.18788582952765
21872,2.18798573285776
21873,2.18808563618787
21874,2.18818553951798
21875,2.1882854428481
21876,2.18838534617821
21877,2.18848524950832
21878,2.18858515283843
21879,2.18868505616854
21880,2.18878495949865
21881,2.18888486282876
21882,2.18898476615887
21883,2.18908466948898
21884,2.18918457281909
21885,2.18928447614921
21886,2.18938437947932
21887,2.18948428280943
21888,2.18958418613954
21889,2.18968408946965
21890,2.18978399279976
21891,2.18988389612987
21892,2.18998379945998
21893,2.19008370279009
21894,2.1901836061202
21895,2.19028350945032
21896,2.19038341278043
21897,2.19048331611054
21898,2.19058321944065
21899,2.19068312277076
21900,2.19078302610087
21901,2.19088292943098
21902,2.19098283276109
21903,2.1910827360912
21904,2.19118263942131
21905,2.19128254275143
21906,2.19138244608154
21907,2.19148234941165
21908,2.19158225274176
21909,2.19168215607187
21910,2.19178205940198
21911,2.19188196273209
21912,2.1919818660622
21913,2.19208176939231
21914,2.19218167272242
21915,2.19228157605254
21916,2.19238147938265
21917,2.19248138271276
21918,2.19258128604287
21919,2.19268118937298
21920,2.19278109270309
21921,2.1928809960332
21922,2.19298089936331
21923,2.19308080269342
21924,2.19318070602353
21925,2.19328060935365
21926,2.19338051268376
21927,2.19348041601387
21928,2.19358031934398
21929,2.19368022267409
21930,2.1937801260042
21931,2.19388002933431
21932,2.19397993266442
21933,2.19407983599453
21934,2.19417973932464
21935,2.19427964265476
21936,2.19437954598487
21937,2.19447944931498
21938,2.19457935264509
21939,2.1946792559752
21940,2.19477915930531
21941,2.19487906263542
21942,2.19497896596553
21943,2.19507886929564
21944,2.19517877262575
21945,2.19527867595587
21946,2.19537857928598
21947,2.19547848261609
21948,2.1955783859462
21949,2.19567828927631
21950,2.19577819260642
21951,2.19587809593653
21952,2.19597799926664
21953,2.19607790259675
21954,2.19617780592686
21955,2.19627770925698
21956,2.19637761258709
21957,2.1964775159172
21958,2.19657741924731
21959,2.19667732257742
21960,2.19677722590753
21961,2.19687712923764
21962,2.19697703256775
21963,2.19707693589786
21964,2.19717683922797
21965,2.19727674255809
21966,2.1973766458882
21967,2.19747654921831
21968,2.19757645254842
21969,2.19767635587853
21970,2.19777625920864
21971,2.19787616253875
21972,2.19797606586886
21973,2.19807596919897
21974,2.19817587252908
21975,2.1982757758592
21976,2.19837567918931
21977,2.19847558251942
21978,2.19857548584953
21979,2.19867538917964
21980,2.19877529250975
21981,2.19887519583986
21982,2.19897509916997
21983,2.19907500250008
21984,2.19917490583019
21985,2.19927480916031
21986,2.19937471249042
21987,2.19947461582053
21988,2.19957451915064
21989,2.19967442248075
21990,2.19977432581086
21991,2.19987422914097
21992,2.19997413247108
21993,2.20007403580119
21994,2.2001739391313
21995,2.20027384246142
21996,2.20037374579153
21997,2.20047364912164
21998,2.20057355245175
21999,2.20067345578186
22000,2.20077335911197
22001,2.20087326244208
22002,2.20097316577219
22003,2.2010730691023
22004,2.20117297243241
22005,2.20127287576253
22006,2.20137277909264
22007,2.20147268242275
22008,2.20157258575286
22009,2.20167248908297
22010,2.20177239241308
22011,2.20187229574319
22012,2.2019721990733
22013,2.20207210240341
22014,2.20217200573352
22015,2.20227190906364
22016,2.20237181239375
22017,2.20247171572386
22018,2.20257161905397
22019,2.20267152238408
22020,2.20277142571419
22021,2.2028713290443
22022,2.20297123237441
22023,2.20307113570452
22024,2.20317103903463
22025,2.20327094236475
22026,2.20337084569486
22027,2.20347074902497
22028,2.20357065235508
22029,2.20367055568519
22030,2.2037704590153
22031,2.20387036234541
22032,2.20397026567552
22033,2.20407016900563
22034,2.20417007233574
22035,2.20426997566586
22036,2.20436987899597
22037,2.20446978232608
22038,2.20456968565619
22039,2.2046695889863
22040,2.20476949231641
22041,2.20486939564652
22042,2.20496929897663
22043,2.20506920230674
22044,2.20516910563685
22045,2.20526900896697
22046,2.20536891229708
22047,2.20546881562719
22048,2.2055687189573
22049,2.20566862228741
22050,2.20576852561752
22051,2.20586842894763
22052,2.20596833227774
22053,2.20606823560785
22054,2.20616813893796
22055,2.20626804226808
22056,2.20636794559819
22057,2.2064678489283
22058,2.20656775225841
22059,2.20666765558852
22060,2.20676755891863
22061,2.20686746224874
22062,2.20696736557885
22063,2.20706726890896
22064,2.20716717223907
22065,2.20726707556919
22066,2.2073669788993
22067,2.20746688222941
22068,2.20756678555952
22069,2.20766668888963
22070,2.20776659221974
22071,2.20786649554985
22072,2.20796639887996
22073,2.20806630221007
22074,2.20816620554018
22075,2.2082661088703
22076,2.20836601220041
22077,2.20846591553052
22078,2.20856581886063
22079,2.20866572219074
22080,2.20876562552085
22081,2.20886552885096
22082,2.20896543218107
22083,2.20906533551118
22084,2.20916523884129
22085,2.20926514217141
22086,2.20936504550152
22087,2.20946494883163
22088,2.20956485216174
22089,2.20966475549185
22090,2.20976465882196
22091,2.20986456215207
22092,2.20996446548218
22093,2.21006436881229
22094,2.2101642721424
22095,2.21026417547252
22096,2.21036407880263
22097,2.21046398213274
22098,2.21056388546285
22099,2.21066378879296
22100,2.21076369212307
22101,2.21086359545318
22102,2.21096349878329
22103,2.2110634021134
22104,2.21116330544351
22105,2.21126320877363
22106,2.21136311210374
22107,2.21146301543385
22108,2.21156291876396
22109,2.21166282209407
22110,2.21176272542418
22111,2.21186262875429
22112,2.2119625320844
22113,2.21206243541451
22114,2.21216233874462
22115,2.21226224207474
22116,2.21236214540485
22117,2.21246204873496
22118,2.21256195206507
22119,2.21266185539518
22120,2.21276175872529
22121,2.2128616620554
22122,2.21296156538551
22123,2.21306146871562
22124,2.21316137204573
22125,2.21326127537585
22126,2.21336117870596
22127,2.21346108203607
22128,2.21356098536618
22129,2.21366088869629
22130,2.2137607920264
22131,2.21386069535651
22132,2.21396059868662
22133,2.21406050201673
22134,2.21416040534685
22135,2.21426030867696
22136,2.21436021200707
22137,2.21446011533718
22138,2.21456001866729
22139,2.2146599219974
22140,2.21475982532751
22141,2.21485972865762
22142,2.21495963198773
22143,2.21505953531784
22144,2.21515943864796
22145,2.21525934197807
22146,2.21535924530818
22147,2.21545914863829
22148,2.2155590519684
22149,2.21565895529851
22150,2.21575885862862
22151,2.21585876195873
22152,2.21595866528884
22153,2.21605856861895
22154,2.21615847194907
22155,2.21625837527918
22156,2.21635827860929
22157,2.2164581819394
22158,2.21655808526951
22159,2.21665798859962
22160,2.21675789192973
22161,2.21685779525984
22162,2.21695769858995
22163,2.21705760192006
22164,2.21715750525017
22165,2.21725740858029
22166,2.2173573119104
22167,2.21745721524051
22168,2.21755711857062
22169,2.21765702190073
22170,2.21775692523084
22171,2.21785682856095
22172,2.21795673189106
22173,2.21805663522117
22174,2.21815653855128
22175,2.2182564418814
22176,2.21835634521151
22177,2.21845624854162
22178,2.21855615187173
22179,2.21865605520184
22180,2.21875595853195
22181,2.21885586186206
22182,2.21895576519217
22183,2.21905566852228
22184,2.21915557185239
22185,2.21925547518251
22186,2.21935537851262
22187,2.21945528184273
22188,2.21955518517284
22189,2.21965508850295
22190,2.21975499183306
22191,2.21985489516317
22192,2.21995479849328
22193,2.22005470182339
22194,2.22015460515351
22195,2.22025450848362
22196,2.22035441181373
22197,2.22045431514384
22198,2.22055421847395
22199,2.22065412180406
22200,2.22075402513417
22201,2.22085392846428
22202,2.22095383179439
22203,2.2210537351245
22204,2.22115363845462
22205,2.22125354178473
22206,2.22135344511484
22207,2.22145334844495
22208,2.22155325177506
22209,2.22165315510517
22210,2.22175305843528
22211,2.22185296176539
22212,2.2219528650955
22213,2.22205276842561
22214,2.22215267175573
22215,2.22225257508584
22216,2.22235247841595
22217,2.22245238174606
22218,2.22255228507617
22219,2.22265218840628
22220,2.22275209173639
22221,2.2228519950665
22222,2.22295189839661
22223,2.22305180172672
22224,2.22315170505684
22225,2.22325160838695
22226,2.22335151171706
22227,2.22345141504717
22228,2.22355131837728
22229,2.22365122170739
22230,2.2237511250375
22231,2.22385102836761
22232,2.22395093169772
22233,2.22405083502783
22234,2.22415073835795
22235,2.22425064168806
22236,2.22435054501817
22237,2.22445044834828
22238,2.22455035167839
22239,2.2246502550085
22240,2.22475015833861
22241,2.22485006166872
22242,2.22494996499883
22243,2.22504986832894
22244,2.22514977165906
22245,2.22524967498917
22246,2.22534957831928
22247,2.22544948164939
22248,2.2255493849795
22249,2.22564928830961
22250,2.22574919163972
22251,2.22584909496983
22252,2.22594899829994
22253,2.22604890163005
22254,2.22614880496017
22255,2.22624870829028
22256,2.22634861162039
22257,2.2264485149505
22258,2.22654841828061
22259,2.22664832161072
22260,2.22674822494083
22261,2.22684812827094
22262,2.22694803160105
22263,2.22704793493116
22264,2.22714783826128
22265,2.22724774159139
22266,2.2273476449215
22267,2.22744754825161
22268,2.22754745158172
22269,2.22764735491183
22270,2.22774725824194
22271,2.22784716157205
22272,2.22794706490216
22273,2.22804696823227
22274,2.22814687156239
22275,2.2282467748925
22276,2.22834667822261
22277,2.22844658155272
22278,2.22854648488283
22279,2.22864638821294
22280,2.22874629154305
22281,2.22884619487316
22282,2.22894609820327
22283,2.22904600153338
22284,2.2291459048635
22285,2.22924580819361
22286,2.22934571152372
22287,2.22944561485383
22288,2.22954551818394
22289,2.22964542151405
22290,2.22974532484416
22291,2.22984522817427
22292,2.22994513150438
22293,2.23004503483449
22294,2.23014493816461
22295,2.23024484149472
22296,2.23034474482483
22297,2.23044464815494
22298,2.23054455148505
22299,2.23064445481516
22300,2.23074435814527
22301,2.23084426147538
22302,2.23094416480549
22303,2.2310440681356
22304,2.23114397146572
22305,2.23124387479583
22306,2.23134377812594
22307,2.23144368145605
22308,2.23154358478616
22309,2.23164348811627
22310,2.23174339144638
22311,2.23184329477649
22312,2.2319431981066
22313,2.23204310143671
22314,2.23214300476683
22315,2.23224290809694
22316,2.23234281142705
22317,2.23244271475716
22318,2.23254261808727
22319,2.23264252141738
22320,2.23274242474749
22321,2.2328423280776
22322,2.23294223140771
22323,2.23304213473782
22324,2.23314203806794
22325,2.23324194139805
22326,2.23334184472816
22327,2.23344174805827
22328,2.23354165138838
22329,2.23364155471849
22330,2.2337414580486
22331,2.23384136137871
22332,2.23394126470882
22333,2.23404116803893
22334,2.23414107136905
22335,2.23424097469916
22336,2.23434087802927
22337,2.23444078135938
22338,2.23454068468949
22339,2.2346405880196
22340,2.23474049134971
22341,2.23484039467982
22342,2.23494029800993
22343,2.23504020134004
22344,2.23514010467016
22345,2.23524000800027
22346,2.23533991133038
22347,2.23543981466049
22348,2.2355397179906
22349,2.23563962132071
22350,2.23573952465082
22351,2.23583942798093
22352,2.23593933131104
22353,2.23603923464115
22354,2.23613913797127
22355,2.23623904130138
22356,2.23633894463149
22357,2.2364388479616
22358,2.23653875129171
22359,2.23663865462182
22360,2.23673855795193
22361,2.23683846128204
22362,2.23693836461215
22363,2.23703826794226
22364,2.23713817127238
22365,2.23723807460249
22366,2.2373379779326
22367,2.23743788126271
22368,2.23753778459282
22369,2.23763768792293
22370,2.23773759125304
22371,2.23783749458315
22372,2.23793739791326
22373,2.23803730124337
22374,2.23813720457349
22375,2.2382371079036
22376,2.23833701123371
22377,2.23843691456382
22378,2.23853681789393
22379,2.23863672122404
22380,2.23873662455415
22381,2.23883652788426
22382,2.23893643121437
22383,2.23903633454449
22384,2.2391362378746
22385,2.23923614120471
22386,2.23933604453482
22387,2.23943594786493
22388,2.23953585119504
22389,2.23963575452515
22390,2.23973565785526
22391,2.23983556118537
22392,2.23993546451548
22393,2.2400353678456
22394,2.24013527117571
22395,2.24023517450582
22396,2.24033507783593
22397,2.24043498116604
22398,2.24053488449615
22399,2.24063478782626
22400,2.24073469115637
22401,2.24083459448648
22402,2.24093449781659
22403,2.24103440114671
22404,2.24113430447682
22405,2.24123420780693
22406,2.24133411113704
22407,2.24143401446715
22408,2.24153391779726
22409,2.24163382112737
22410,2.24173372445748
22411,2.24183362778759
22412,2.2419335311177
22413,2.24203343444782
22414,2.24213333777793
22415,2.24223324110804
22416,2.24233314443815
22417,2.24243304776826
22418,2.24253295109837
22419,2.24263285442848
22420,2.24273275775859
22421,2.2428326610887
22422,2.24293256441881
22423,2.24303246774893
22424,2.24313237107904
22425,2.24323227440915
22426,2.24333217773926
22427,2.24343208106937
22428,2.24353198439948
22429,2.24363188772959
22430,2.2437317910597
22431,2.24383169438981
22432,2.24393159771992
22433,2.24403150105003
22434,2.24413140438015
22435,2.24423130771026
22436,2.24433121104037
22437,2.24443111437048
22438,2.24453101770059
22439,2.2446309210307
22440,2.24473082436081
22441,2.24483072769092
22442,2.24493063102103
22443,2.24503053435114
22444,2.24513043768126
22445,2.24523034101137
22446,2.24533024434148
22447,2.24543014767159
22448,2.2455300510017
22449,2.24562995433181
22450,2.24572985766192
22451,2.24582976099203
22452,2.24592966432214
22453,2.24602956765226
22454,2.24612947098237
22455,2.24622937431248
22456,2.24632927764259
22457,2.2464291809727
22458,2.24652908430281
22459,2.24662898763292
22460,2.24672889096303
22461,2.24682879429314
22462,2.24692869762325
22463,2.24702860095337
22464,2.24712850428348
22465,2.24722840761359
22466,2.2473283109437
22467,2.24742821427381
22468,2.24752811760392
22469,2.24762802093403
22470,2.24772792426414
22471,2.24782782759425
22472,2.24792773092436
22473,2.24802763425448
22474,2.24812753758459
22475,2.2482274409147
22476,2.24832734424481
22477,2.24842724757492
22478,2.24852715090503
22479,2.24862705423514
22480,2.24872695756525
22481,2.24882686089536
22482,2.24892676422547
22483,2.24902666755559
22484,2.2491265708857
22485,2.24922647421581
22486,2.24932637754592
22487,2.24942628087603
22488,2.24952618420614
22489,2.24962608753625
22490,2.24972599086636
22491,2.24982589419647
22492,2.24992579752658
22493,2.2500257008567
22494,2.25012560418681
22495,2.25022550751692
22496,2.25032541084703
22497,2.25042531417714
22498,2.25052521750725
22499,2.25062512083736
22500,2.25072502416747
22501,2.25082492749758
22502,2.25092483082769
22503,2.25102473415781
22504,2.25112463748792
22505,2.25122454081803
22506,2.25132444414814
22507,2.25142434747825
22508,2.25152425080836
22509,2.25162415413847
22510,2.25172405746858
22511,2.25182396079869
22512,2.2519238641288
22513,2.25202376745892
22514,2.25212367078903
22515,2.25222357411914
22516,2.25232347744925
22517,2.25242338077936
22518,2.25252328410947
22519,2.25262318743958
22520,2.25272309076969
22521,2.2528229940998
22522,2.25292289742991
22523,2.25302280076003
22524,2.25312270409014
22525,2.25322260742025
22526,2.25332251075036
22527,2.25342241408047
22528,2.25352231741058
22529,2.25362222074069
22530,2.2537221240708
22531,2.25382202740091
22532,2.25392193073102
22533,2.25402183406114
22534,2.25412173739125
22535,2.25422164072136
22536,2.25432154405147
22537,2.25442144738158
22538,2.25452135071169
22539,2.2546212540418
22540,2.25472115737191
22541,2.25482106070202
22542,2.25492096403213
22543,2.25502086736225
22544,2.25512077069236
22545,2.25522067402247
22546,2.25532057735258
22547,2.25542048068269
22548,2.2555203840128
22549,2.25562028734291
22550,2.25572019067302
22551,2.25582009400313
22552,2.25591999733324
22553,2.25601990066336
22554,2.25611980399347
22555,2.25621970732358
22556,2.25631961065369
22557,2.2564195139838
22558,2.25651941731391
22559,2.25661932064402
22560,2.25671922397413
22561,2.25681912730424
22562,2.25691903063435
22563,2.25701893396447
22564,2.25711883729458
22565,2.25721874062469
22566,2.2573186439548
22567,2.25741854728491
22568,2.25751845061502
22569,2.25761835394513
22570,2.25771825727524
22571,2.25781816060535
22572,2.25791806393547
22573,2.25801796726558
22574,2.25811787059569
22575,2.2582177739258
22576,2.25831767725591
22577,2.25841758058602
22578,2.25851748391613
22579,2.25861738724624
22580,2.25871729057635
22581,2.25881719390646
22582,2.25891709723657
22583,2.25901700056669
22584,2.2591169038968
22585,2.25921680722691
22586,2.25931671055702
22587,2.25941661388713
22588,2.25951651721724
22589,2.25961642054735
22590,2.25971632387746
22591,2.25981622720757
22592,2.25991613053768
22593,2.2600160338678
22594,2.26011593719791
22595,2.26021584052802
22596,2.26031574385813
22597,2.26041564718824
22598,2.26051555051835
22599,2.26061545384846
22600,2.26071535717857
22601,2.26081526050868
22602,2.26091516383879
22603,2.26101506716891
22604,2.26111497049902
22605,2.26121487382913
22606,2.26131477715924
22607,2.26141468048935
22608,2.26151458381946
22609,2.26161448714957
22610,2.26171439047968
22611,2.26181429380979
22612,2.2619141971399
22613,2.26201410047002
22614,2.26211400380013
22615,2.26221390713024
22616,2.26231381046035
22617,2.26241371379046
22618,2.26251361712057
22619,2.26261352045068
22620,2.26271342378079
22621,2.2628133271109
22622,2.26291323044102
22623,2.26301313377113
22624,2.26311303710124
22625,2.26321294043135
22626,2.26331284376146
22627,2.26341274709157
22628,2.26351265042168
22629,2.26361255375179
22630,2.2637124570819
22631,2.26381236041201
22632,2.26391226374212
22633,2.26401216707224
22634,2.26411207040235
22635,2.26421197373246
22636,2.26431187706257
22637,2.26441178039268
22638,2.26451168372279
22639,2.2646115870529
22640,2.26471149038301
22641,2.26481139371312
22642,2.26491129704323
22643,2.26501120037335
22644,2.26511110370346
22645,2.26521100703357
22646,2.26531091036368
22647,2.26541081369379
22648,2.2655107170239
22649,2.26561062035401
22650,2.26571052368412
22651,2.26581042701423
22652,2.26591033034434
22653,2.26601023367446
22654,2.26611013700457
22655,2.26621004033468
22656,2.26630994366479
22657,2.2664098469949
22658,2.26650975032501
22659,2.26660965365512
22660,2.26670955698523
22661,2.26680946031534
22662,2.26690936364545
22663,2.26700926697557
22664,2.26710917030568
22665,2.26720907363579
22666,2.2673089769659
22667,2.26740888029601
22668,2.26750878362612
22669,2.26760868695623
22670,2.26770859028634
22671,2.26780849361645
22672,2.26790839694656
22673,2.26800830027668
22674,2.26810820360679
22675,2.2682081069369
22676,2.26830801026701
22677,2.26840791359712
22678,2.26850781692723
22679,2.26860772025734
22680,2.26870762358745
22681,2.26880752691756
22682,2.26890743024767
22683,2.26900733357779
22684,2.2691072369079
22685,2.26920714023801
22686,2.26930704356812
22687,2.26940694689823
22688,2.26950685022834
22689,2.26960675355845
22690,2.26970665688856
22691,2.26980656021867
22692,2.26990646354878
22693,2.2700063668789
22694,2.27010627020901
22695,2.27020617353912
22696,2.27030607686923
22697,2.27040598019934
22698,2.27050588352945
22699,2.27060578685956
22700,2.27070569018967
22701,2.27080559351978
22702,2.27090549684989
22703,2.27100540018001
22704,2.27110530351012
22705,2.27120520684023
22706,2.27130511017034
22707,2.27140501350045
22708,2.27150491683056
22709,2.27160482016067
22710,2.27170472349078
22711,2.27180462682089
22712,2.27190453015101
22713,2.27200443348112
22714,2.27210433681123
22715,2.27220424014134
22716,2.27230414347145
22717,2.27240404680156
22718,2.27250395013167
22719,2.27260385346178
22720,2.27270375679189
22721,2.272803660122
22722,2.27290356345212
22723,2.27300346678223
22724,2.27310337011234
22725,2.27320327344245
22726,2.27330317677256
22727,2.27340308010267
22728,2.27350298343278
22729,2.27360288676289
22730,2.273702790093
22731,2.27380269342311
22732,2.27390259675323
22733,2.27400250008334
22734,2.27410240341345
22735,2.27420230674356
22736,2.27430221007367
22737,2.27440211340378
22738,2.27450201673389
22739,2.274601920064
22740,2.27470182339411
22741,2.27480172672422
22742,2.27490163005434
22743,2.27500153338445
22744,2.27510143671456
22745,2.27520134004467
22746,2.27530124337478
22747,2.27540114670489
22748,2.275501050035
22749,2.27560095336511
22750,2.27570085669522
22751,2.27580076002533
22752,2.27590066335544
22753,2.27600056668556
22754,2.27610047001567
22755,2.27620037334578
22756,2.27630027667589
22757,2.276400180006
22758,2.27650008333611
22759,2.27659998666622
22760,2.27669988999633
22761,2.27679979332644
22762,2.27689969665656
22763,2.27699959998667
22764,2.27709950331678
22765,2.27719940664689
22766,2.277299309977
22767,2.27739921330711
22768,2.27749911663722
22769,2.27759901996733
22770,2.27769892329744
22771,2.27779882662755
22772,2.27789872995767
22773,2.27799863328778
22774,2.27809853661789
22775,2.278198439948
22776,2.27829834327811
22777,2.27839824660822
22778,2.27849814993833
22779,2.27859805326844
22780,2.27869795659855
22781,2.27879785992866
22782,2.27889776325878
22783,2.27899766658889
22784,2.279097569919
22785,2.27919747324911
22786,2.27929737657922
22787,2.27939727990933
22788,2.27949718323944
22789,2.27959708656955
22790,2.27969698989966
22791,2.27979689322977
22792,2.27989679655989
22793,2.27999669989
22794,2.28009660322011
22795,2.28019650655022
22796,2.28029640988033
22797,2.28039631321044
22798,2.28049621654055
22799,2.28059611987066
22800,2.28069602320077
22801,2.28079592653088
22802,2.280895829861
22803,2.28099573319111
22804,2.28109563652122
22805,2.28119553985133
22806,2.28129544318144
22807,2.28139534651155
22808,2.28149524984166
22809,2.28159515317177
22810,2.28169505650188
22811,2.28179495983199
22812,2.28189486316211
22813,2.28199476649222
22814,2.28209466982233
22815,2.28219457315244
22816,2.28229447648255
22817,2.28239437981266
22818,2.28249428314277
22819,2.28259418647288
22820,2.28269408980299
22821,2.2827939931331
22822,2.28289389646322
22823,2.28299379979333
22824,2.28309370312344
22825,2.28319360645355
22826,2.28329350978366
22827,2.28339341311377
22828,2.28349331644388
22829,2.28359321977399
22830,2.2836931231041
22831,2.28379302643421
22832,2.28389292976433
22833,2.28399283309444
22834,2.28409273642455
22835,2.28419263975466
22836,2.28429254308477
22837,2.28439244641488
22838,2.28449234974499
22839,2.2845922530751
22840,2.28469215640521
22841,2.28479205973532
22842,2.28489196306544
22843,2.28499186639555
22844,2.28509176972566
22845,2.28519167305577
22846,2.28529157638588
22847,2.28539147971599
22848,2.2854913830461
22849,2.28559128637621
22850,2.28569118970632
22851,2.28579109303643
22852,2.28589099636655
22853,2.28599089969666
22854,2.28609080302677
22855,2.28619070635688
22856,2.28629060968699
22857,2.2863905130171
22858,2.28649041634721
22859,2.28659031967732
22860,2.28669022300743
22861,2.28679012633754
22862,2.28689002966766
22863,2.28698993299777
22864,2.28708983632788
22865,2.28718973965799
22866,2.2872896429881
22867,2.28738954631821
22868,2.28748944964832
22869,2.28758935297843
22870,2.28768925630854
22871,2.28778915963865
22872,2.28788906296877
22873,2.28798896629888
22874,2.28808886962899
22875,2.2881887729591
22876,2.28828867628921
22877,2.28838857961932
22878,2.28848848294943
22879,2.28858838627954
22880,2.28868828960965
22881,2.28878819293976
22882,2.28888809626988
22883,2.28898799959999
22884,2.2890879029301
22885,2.28918780626021
22886,2.28928770959032
22887,2.28938761292043
22888,2.28948751625054
22889,2.28958741958065
22890,2.28968732291076
22891,2.28978722624087
22892,2.28988712957099
22893,2.2899870329011
22894,2.29008693623121
22895,2.29018683956132
22896,2.29028674289143
22897,2.29038664622154
22898,2.29048654955165
22899,2.29058645288176
22900,2.29068635621187
22901,2.29078625954198
22902,2.2908861628721
22903,2.29098606620221
22904,2.29108596953232
22905,2.29118587286243
22906,2.29128577619254
22907,2.29138567952265
22908,2.29148558285276
22909,2.29158548618287
22910,2.29168538951298
22911,2.29178529284309
22912,2.29188519617321
22913,2.29198509950332
22914,2.29208500283343
22915,2.29218490616354
22916,2.29228480949365
22917,2.29238471282376
22918,2.29248461615387
22919,2.29258451948398
22920,2.29268442281409
22921,2.2927843261442
22922,2.29288422947432
22923,2.29298413280443
22924,2.29308403613454
22925,2.29318393946465
22926,2.29328384279476
22927,2.29338374612487
22928,2.29348364945498
22929,2.29358355278509
22930,2.2936834561152
22931,2.29378335944532
22932,2.29388326277543
22933,2.29398316610554
22934,2.29408306943565
22935,2.29418297276576
22936,2.29428287609587
22937,2.29438277942598
22938,2.29448268275609
22939,2.2945825860862
22940,2.29468248941631
22941,2.29478239274643
22942,2.29488229607654
22943,2.29498219940665
22944,2.29508210273676
22945,2.29518200606687
22946,2.29528190939698
22947,2.29538181272709
22948,2.2954817160572
22949,2.29558161938731
22950,2.29568152271742
22951,2.29578142604754
22952,2.29588132937765
22953,2.29598123270776
22954,2.29608113603787
22955,2.29618103936798
22956,2.29628094269809
22957,2.2963808460282
22958,2.29648074935831
22959,2.29658065268842
22960,2.29668055601853
22961,2.29678045934864
22962,2.29688036267876
22963,2.29698026600887
22964,2.29708016933898
22965,2.29718007266909
22966,2.2972799759992
22967,2.29737987932931
22968,2.29747978265942
22969,2.29757968598953
22970,2.29767958931964
22971,2.29777949264976
22972,2.29787939597987
22973,2.29797929930998
22974,2.29807920264009
22975,2.2981791059702
22976,2.29827900930031
22977,2.29837891263042
22978,2.29847881596053
22979,2.29857871929064
22980,2.29867862262075
22981,2.29877852595087
22982,2.29887842928098
22983,2.29897833261109
22984,2.2990782359412
22985,2.29917813927131
22986,2.29927804260142
22987,2.29937794593153
22988,2.29947784926164
22989,2.29957775259175
22990,2.29967765592186
22991,2.29977755925198
22992,2.29987746258209
22993,2.2999773659122
22994,2.30007726924231
22995,2.30017717257242
22996,2.30027707590253
22997,2.30037697923264
22998,2.30047688256275
22999,2.30057678589286
23000,2.30067668922297
23001,2.30077659255309
23002,2.3008764958832
23003,2.30097639921331
23004,2.30107630254342
23005,2.30117620587353
23006,2.30127610920364
23007,2.30137601253375
23008,2.30147591586386
23009,2.30157581919397
23010,2.30167572252408
23011,2.3017756258542
23012,2.30187552918431
23013,2.30197543251442
23014,2.30207533584453
23015,2.30217523917464
23016,2.30227514250475
23017,2.30237504583486
23018,2.30247494916497
23019,2.30257485249508
23020,2.30267475582519
23021,2.30277465915531
23022,2.30287456248542
23023,2.30297446581553
23024,2.30307436914564
23025,2.30317427247575
23026,2.30327417580586
23027,2.30337407913597
23028,2.30347398246608
23029,2.30357388579619
23030,2.3036737891263
23031,2.30377369245642
23032,2.30387359578653
23033,2.30397349911664
23034,2.30407340244675
23035,2.30417330577686
23036,2.30427320910697
23037,2.30437311243708
23038,2.30447301576719
23039,2.3045729190973
23040,2.30467282242741
23041,2.30477272575753
23042,2.30487262908764
23043,2.30497253241775
23044,2.30507243574786
23045,2.30517233907797
23046,2.30527224240808
23047,2.30537214573819
23048,2.3054720490683
23049,2.30557195239841
23050,2.30567185572852
23051,2.30577175905864
23052,2.30587166238875
23053,2.30597156571886
23054,2.30607146904897
23055,2.30617137237908
23056,2.30627127570919
23057,2.3063711790393
23058,2.30647108236941
23059,2.30657098569952
23060,2.30667088902963
23061,2.30677079235975
23062,2.30687069568986
23063,2.30697059901997
23064,2.30707050235008
23065,2.30717040568019
23066,2.3072703090103
23067,2.30737021234041
23068,2.30747011567052
23069,2.30757001900063
23070,2.30766992233074
23071,2.30776982566086
23072,2.30786972899097
23073,2.30796963232108
23074,2.30806953565119
23075,2.3081694389813
23076,2.30826934231141
23077,2.30836924564152
23078,2.30846914897163
23079,2.30856905230174
23080,2.30866895563185
23081,2.30876885896197
23082,2.30886876229208
23083,2.30896866562219
23084,2.3090685689523
23085,2.30916847228241
23086,2.30926837561252
23087,2.30936827894263
23088,2.30946818227274
23089,2.30956808560285
23090,2.30966798893296
23091,2.30976789226308
23092,2.30986779559319
23093,2.3099676989233
23094,2.31006760225341
23095,2.31016750558352
23096,2.31026740891363
23097,2.31036731224374
23098,2.31046721557385
23099,2.31056711890396
23100,2.31066702223408
23101,2.31076692556419
23102,2.3108668288943
23103,2.31096673222441
23104,2.31106663555452
23105,2.31116653888463
23106,2.31126644221474
23107,2.31136634554485
23108,2.31146624887496
23109,2.31156615220507
23110,2.31166605553518
23111,2.3117659588653
23112,2.31186586219541
23113,2.31196576552552
23114,2.31206566885563
23115,2.31216557218574
23116,2.31226547551585
23117,2.31236537884596
23118,2.31246528217607
23119,2.31256518550618
23120,2.31266508883629
23121,2.31276499216641
23122,2.31286489549652
23123,2.31296479882663
23124,2.31306470215674
23125,2.31316460548685
23126,2.31326450881696
23127,2.31336441214707
23128,2.31346431547718
23129,2.31356421880729
23130,2.3136641221374
23131,2.31376402546752
23132,2.31386392879763
23133,2.31396383212774
23134,2.31406373545785
23135,2.31416363878796
23136,2.31426354211807
23137,2.31436344544818
23138,2.31446334877829
23139,2.3145632521084
23140,2.31466315543851
23141,2.31476305876863
23142,2.31486296209874
23143,2.31496286542885
23144,2.31506276875896
23145,2.31516267208907
23146,2.31526257541918
23147,2.31536247874929
23148,2.3154623820794
23149,2.31556228540951
23150,2.31566218873962
23151,2.31576209206974
23152,2.31586199539985
23153,2.31596189872996
23154,2.31606180206007
23155,2.31616170539018
23156,2.31626160872029
23157,2.3163615120504
23158,2.31646141538051
23159,2.31656131871062
23160,2.31666122204073
23161,2.31676112537085
23162,2.31686102870096
23163,2.31696093203107
23164,2.31706083536118
23165,2.31716073869129
23166,2.3172606420214
23167,2.31736054535151
23168,2.31746044868162
23169,2.31756035201173
23170,2.31766025534185
23171,2.31776015867196
23172,2.31786006200207
23173,2.31795996533218
23174,2.31805986866229
23175,2.3181597719924
23176,2.31825967532251
23177,2.31835957865262
23178,2.31845948198273
23179,2.31855938531284
23180,2.31865928864296
23181,2.31875919197307
23182,2.31885909530318
23183,2.31895899863329
23184,2.3190589019634
23185,2.31915880529351
23186,2.31925870862362
23187,2.31935861195373
23188,2.31945851528384
23189,2.31955841861395
23190,2.31965832194407
23191,2.31975822527418
23192,2.31985812860429
23193,2.3199580319344
23194,2.32005793526451
23195,2.32015783859462
23196,2.32025774192473
23197,2.32035764525484
23198,2.32045754858495
23199,2.32055745191506
23200,2.32065735524518
23201,2.32075725857529
23202,2.3208571619054
23203,2.32095706523551
23204,2.32105696856562
23205,2.32115687189573
23206,2.32125677522584
23207,2.32135667855595
23208,2.32145658188606
23209,2.32155648521617
23210,2.32165638854629
23211,2.3217562918764
23212,2.32185619520651
23213,2.32195609853662
23214,2.32205600186673
23215,2.32215590519684
23216,2.32225580852695
23217,2.32235571185706
23218,2.32245561518717
23219,2.32255551851728
23220,2.32265542184739
23221,2.32275532517751
23222,2.32285522850762
23223,2.32295513183773
23224,2.32305503516784
23225,2.32315493849795
23226,2.32325484182806
23227,2.32335474515817
23228,2.32345464848828
23229,2.32355455181839
23230,2.3236544551485
23231,2.32375435847862
23232,2.32385426180873
23233,2.32395416513884
23234,2.32405406846895
23235,2.32415397179906
23236,2.32425387512917
23237,2.32435377845928
23238,2.32445368178939
23239,2.3245535851195
23240,2.32465348844962
23241,2.32475339177973
23242,2.32485329510984
23243,2.32495319843995
23244,2.32505310177006
23245,2.32515300510017
23246,2.32525290843028
23247,2.32535281176039
23248,2.3254527150905
23249,2.32555261842061
23250,2.32565252175073
23251,2.32575242508084
23252,2.32585232841095
23253,2.32595223174106
23254,2.32605213507117
23255,2.32615203840128
23256,2.32625194173139
23257,2.3263518450615
23258,2.32645174839161
23259,2.32655165172172
23260,2.32665155505184
23261,2.32675145838195
23262,2.32685136171206
23263,2.32695126504217
23264,2.32705116837228
23265,2.32715107170239
23266,2.3272509750325
23267,2.32735087836261
23268,2.32745078169272
23269,2.32755068502283
23270,2.32765058835295
23271,2.32775049168306
23272,2.32785039501317
23273,2.32795029834328
23274,2.32805020167339
23275,2.3281501050035
23276,2.32825000833361
23277,2.32834991166372
23278,2.32844981499383
23279,2.32854971832394
23280,2.32864962165405
23281,2.32874952498417
23282,2.32884942831428
23283,2.32894933164439
23284,2.3290492349745
23285,2.32914913830461
23286,2.32924904163472
23287,2.32934894496483
23288,2.32944884829494
23289,2.32954875162505
23290,2.32964865495516
23291,2.32974855828528
23292,2.32984846161539
23293,2.3299483649455
23294,2.33004826827561
23295,2.33014817160572
23296,2.33024807493583
23297,2.33034797826594
23298,2.33044788159605
23299,2.33054778492616
23300,2.33064768825627
23301,2.33074759158639
23302,2.3308474949165
23303,2.33094739824661
23304,2.33104730157672
23305,2.33114720490683
23306,2.33124710823694
23307,2.33134701156705
23308,2.33144691489716
23309,2.33154681822727
23310,2.33164672155739
23311,2.3317466248875
23312,2.33184652821761
23313,2.33194643154772
23314,2.33204633487783
23315,2.33214623820794
23316,2.33224614153805
23317,2.33234604486816
23318,2.33244594819827
23319,2.33254585152838
23320,2.3326457548585
23321,2.33274565818861
23322,2.33284556151872
23323,2.33294546484883
23324,2.33304536817894
23325,2.33314527150905
23326,2.33324517483916
23327,2.33334507816927
23328,2.33344498149938
23329,2.33354488482949
23330,2.33364478815961
23331,2.33374469148972
23332,2.33384459481983
23333,2.33394449814994
23334,2.33404440148005
23335,2.33414430481016
23336,2.33424420814027
23337,2.33434411147038
23338,2.33444401480049
23339,2.3345439181306
23340,2.33464382146072
23341,2.33474372479083
23342,2.33484362812094
23343,2.33494353145105
23344,2.33504343478116
23345,2.33514333811127
23346,2.33524324144138
23347,2.33534314477149
23348,2.3354430481016
23349,2.33554295143171
23350,2.33564285476183
23351,2.33574275809194
23352,2.33584266142205
23353,2.33594256475216
23354,2.33604246808227
23355,2.33614237141238
23356,2.33624227474249
23357,2.3363421780726
23358,2.33644208140271
23359,2.33654198473282
23360,2.33664188806294
23361,2.33674179139305
23362,2.33684169472316
23363,2.33694159805327
23364,2.33704150138338
23365,2.33714140471349
23366,2.3372413080436
23367,2.33734121137371
23368,2.33744111470382
23369,2.33754101803393
23370,2.33764092136405
23371,2.33774082469416
23372,2.33784072802427
23373,2.33794063135438
23374,2.33804053468449
23375,2.3381404380146
23376,2.33824034134471
23377,2.33834024467482
23378,2.33844014800493
23379,2.33854005133504
23380,2.33863995466516
23381,2.33873985799527
23382,2.33883976132538
23383,2.33893966465549
23384,2.3390395679856
23385,2.33913947131571
23386,2.33923937464582
23387,2.33933927797593
23388,2.33943918130604
23389,2.33953908463615
23390,2.33963898796627
23391,2.33973889129638
23392,2.33983879462649
23393,2.3399386979566
23394,2.34003860128671
23395,2.34013850461682
23396,2.34023840794693
23397,2.34033831127704
23398,2.34043821460715
23399,2.34053811793726
23400,2.34063802126738
23401,2.34073792459749
23402,2.3408378279276
23403,2.34093773125771
23404,2.34103763458782
23405,2.34113753791793
23406,2.34123744124804
23407,2.34133734457815
23408,2.34143724790826
23409,2.34153715123837
23410,2.34163705456849
23411,2.3417369578986
23412,2.34183686122871
23413,2.34193676455882
23414,2.34203666788893
23415,2.34213657121904
23416,2.34223647454915
23417,2.34233637787926
23418,2.34243628120937
23419,2.34253618453948
23420,2.3426360878696
23421,2.34273599119971
23422,2.34283589452982
23423,2.34293579785993
23424,2.34303570119004
23425,2.34313560452015
23426,2.34323550785026
23427,2.34333541118037
23428,2.34343531451048
23429,2.34353521784059
23430,2.34363512117071
23431,2.34373502450082
23432,2.34383492783093
23433,2.34393483116104
23434,2.34403473449115
23435,2.34413463782126
23436,2.34423454115137
23437,2.34433444448148
23438,2.34443434781159
23439,2.3445342511417
23440,2.34463415447182
23441,2.34473405780193
23442,2.34483396113204
23443,2.34493386446215
23444,2.34503376779226
23445,2.34513367112237
23446,2.34523357445248
23447,2.34533347778259
23448,2.3454333811127
23449,2.34553328444281
23450,2.34563318777293
23451,2.34573309110304
23452,2.34583299443315
23453,2.34593289776326
23454,2.34603280109337
23455,2.34613270442348
23456,2.34623260775359
23457,2.3463325110837
23458,2.34643241441381
23459,2.34653231774392
23460,2.34663222107404
23461,2.34673212440415
23462,2.34683202773426
23463,2.34693193106437
23464,2.34703183439448
23465,2.34713173772459
23466,2.3472316410547
23467,2.34733154438481
23468,2.34743144771492
23469,2.34753135104503
23470,2.34763125437515
23471,2.34773115770526
23472,2.34783106103537
23473,2.34793096436548
23474,2.34803086769559
23475,2.3481307710257
23476,2.34823067435581
23477,2.34833057768592
23478,2.34843048101603
23479,2.34853038434615
23480,2.34863028767626
23481,2.34873019100637
23482,2.34883009433648
23483,2.34892999766659
23484,2.3490299009967
23485,2.34912980432681
23486,2.34922970765692
23487,2.34932961098703
23488,2.34942951431714
23489,2.34952941764725
23490,2.34962932097737
23491,2.34972922430748
23492,2.34982912763759
23493,2.3499290309677
23494,2.35002893429781
23495,2.35012883762792
23496,2.35022874095803
23497,2.35032864428814
23498,2.35042854761825
23499,2.35052845094837
23500,2.35062835427848
23501,2.35072825760859
23502,2.3508281609387
23503,2.35092806426881
23504,2.35102796759892
23505,2.35112787092903
23506,2.35122777425914
23507,2.35132767758925
23508,2.35142758091936
23509,2.35152748424948
23510,2.35162738757959
23511,2.3517272909097
23512,2.35182719423981
23513,2.35192709756992
23514,2.35202700090003
23515,2.35212690423014
23516,2.35222680756025
23517,2.35232671089036
23518,2.35242661422047
23519,2.35252651755059
23520,2.3526264208807
23521,2.35272632421081
23522,2.35282622754092
23523,2.35292613087103
23524,2.35302603420114
23525,2.35312593753125
23526,2.35322584086136
23527,2.35332574419147
23528,2.35342564752158
23529,2.3535255508517
23530,2.35362545418181
23531,2.35372535751192
23532,2.35382526084203
23533,2.35392516417214
23534,2.35402506750225
23535,2.35412497083236
23536,2.35422487416247
23537,2.35432477749258
23538,2.35442468082269
23539,2.3545245841528
23540,2.35462448748292
23541,2.35472439081303
23542,2.35482429414314
23543,2.35492419747325
23544,2.35502410080336
23545,2.35512400413347
23546,2.35522390746358
23547,2.35532381079369
23548,2.3554237141238
23549,2.35552361745392
23550,2.35562352078403
23551,2.35572342411414
23552,2.35582332744425
23553,2.35592323077436
23554,2.35602313410447
23555,2.35612303743458
23556,2.35622294076469
23557,2.3563228440948
23558,2.35642274742491
23559,2.35652265075503
23560,2.35662255408514
23561,2.35672245741525
23562,2.35682236074536
23563,2.35692226407547
23564,2.35702216740558
23565,2.35712207073569
23566,2.3572219740658
23567,2.35732187739591
23568,2.35742178072602
23569,2.35752168405614
23570,2.35762158738625
23571,2.35772149071636
23572,2.35782139404647
23573,2.35792129737658
23574,2.35802120070669
23575,2.3581211040368
23576,2.35822100736691
23577,2.35832091069702
23578,2.35842081402713
23579,2.35852071735725
23580,2.35862062068736
23581,2.35872052401747
23582,2.35882042734758
23583,2.35892033067769
23584,2.3590202340078
23585,2.35912013733791
23586,2.35922004066802
23587,2.35931994399813
23588,2.35941984732824
23589,2.35951975065836
23590,2.35961965398847
23591,2.35971955731858
23592,2.35981946064869
23593,2.3599193639788
23594,2.36001926730891
23595,2.36011917063902
23596,2.36021907396913
23597,2.36031897729924
23598,2.36041888062935
23599,2.36051878395947
23600,2.36061868728958
23601,2.36071859061969
23602,2.3608184939498
23603,2.36091839727991
23604,2.36101830061002
23605,2.36111820394013
23606,2.36121810727024
23607,2.36131801060035
23608,2.36141791393046
23609,2.36151781726058
23610,2.36161772059069
23611,2.3617176239208
23612,2.36181752725091
23613,2.36191743058102
23614,2.36201733391113
23615,2.36211723724124
23616,2.36221714057135
23617,2.36231704390146
23618,2.36241694723157
23619,2.36251685056169
23620,2.3626167538918
23621,2.36271665722191
23622,2.36281656055202
23623,2.36291646388213
23624,2.36301636721224
23625,2.36311627054235
23626,2.36321617387246
23627,2.36331607720257
23628,2.36341598053268
23629,2.3635158838628
23630,2.36361578719291
23631,2.36371569052302
23632,2.36381559385313
23633,2.36391549718324
23634,2.36401540051335
23635,2.36411530384346
23636,2.36421520717357
23637,2.36431511050368
23638,2.36441501383379
23639,2.36451491716391
23640,2.36461482049402
23641,2.36471472382413
23642,2.36481462715424
23643,2.36491453048435
23644,2.36501443381446
23645,2.36511433714457
23646,2.36521424047468
23647,2.36531414380479
23648,2.3654140471349
23649,2.36551395046502
23650,2.36561385379513
23651,2.36571375712524
23652,2.36581366045535
23653,2.36591356378546
23654,2.36601346711557
23655,2.36611337044568
23656,2.36621327377579
23657,2.3663131771059
23658,2.36641308043601
23659,2.36651298376613
23660,2.36661288709624
23661,2.36671279042635
23662,2.36681269375646
23663,2.36691259708657
23664,2.36701250041668
23665,2.36711240374679
23666,2.3672123070769
23667,2.36731221040701
23668,2.36741211373712
23669,2.36751201706724
23670,2.36761192039735
23671,2.36771182372746
23672,2.36781172705757
23673,2.36791163038768
23674,2.36801153371779
23675,2.3681114370479
23676,2.36821134037801
23677,2.36831124370812
23678,2.36841114703823
23679,2.36851105036835
23680,2.36861095369846
23681,2.36871085702857
23682,2.36881076035868
23683,2.36891066368879
23684,2.3690105670189
23685,2.36911047034901
23686,2.36921037367912
23687,2.36931027700923
23688,2.36941018033935
23689,2.36951008366946
23690,2.36960998699957
23691,2.36970989032968
23692,2.36980979365979
23693,2.3699096969899
23694,2.37000960032001
23695,2.37010950365012
23696,2.37020940698023
23697,2.37030931031034
23698,2.37040921364045
23699,2.37050911697057
23700,2.37060902030068
23701,2.37070892363079
23702,2.3708088269609
23703,2.37090873029101
23704,2.37100863362112
23705,2.37110853695123
23706,2.37120844028134
23707,2.37130834361145
23708,2.37140824694156
23709,2.37150815027168
23710,2.37160805360179
23711,2.3717079569319
23712,2.37180786026201
23713,2.37190776359212
23714,2.37200766692223
23715,2.37210757025234
23716,2.37220747358245
23717,2.37230737691256
23718,2.37240728024268
23719,2.37250718357279
23720,2.3726070869029
23721,2.37270699023301
23722,2.37280689356312
23723,2.37290679689323
23724,2.37300670022334
23725,2.37310660355345
23726,2.37320650688356
23727,2.37330641021367
23728,2.37340631354379
23729,2.3735062168739
23730,2.37360612020401
23731,2.37370602353412
23732,2.37380592686423
23733,2.37390583019434
23734,2.37400573352445
23735,2.37410563685456
23736,2.37420554018467
23737,2.37430544351478
23738,2.3744053468449
23739,2.37450525017501
23740,2.37460515350512
23741,2.37470505683523
23742,2.37480496016534
23743,2.37490486349545
23744,2.37500476682556
23745,2.37510467015567
23746,2.37520457348578
23747,2.37530447681589
23748,2.375404380146
23749,2.37550428347612
23750,2.37560418680623
23751,2.37570409013634
23752,2.37580399346645
23753,2.37590389679656
23754,2.37600380012667
23755,2.37610370345678
23756,2.37620360678689
23757,2.376303510117
23758,2.37640341344712
23759,2.37650331677723
23760,2.37660322010734
23761,2.37670312343745
23762,2.37680302676756
23763,2.37690293009767
23764,2.37700283342778
23765,2.37710273675789
23766,2.377202640088
23767,2.37730254341811
23768,2.37740244674823
23769,2.37750235007834
23770,2.37760225340845
23771,2.37770215673856
23772,2.37780206006867
23773,2.37790196339878
23774,2.37800186672889
23775,2.378101770059
23776,2.37820167338911
23777,2.37830157671922
23778,2.37840148004934
23779,2.37850138337945
23780,2.37860128670956
23781,2.37870119003967
23782,2.37880109336978
23783,2.37890099669989
23784,2.37900090003
23785,2.37910080336011
23786,2.37920070669022
23787,2.37930061002033
23788,2.37940051335045
23789,2.37950041668056
23790,2.37960032001067
23791,2.37970022334078
23792,2.37980012667089
23793,2.379900030001
23794,2.37999993333111
23795,2.38009983666122
23796,2.38019973999133
23797,2.38029964332144
23798,2.38039954665156
23799,2.38049944998167
23800,2.38059935331178
23801,2.38069925664189
23802,2.380799159972
23803,2.38089906330211
23804,2.38099896663222
23805,2.38109886996233
23806,2.38119877329244
23807,2.38129867662255
23808,2.38139857995266
23809,2.38149848328278
23810,2.38159838661289
23811,2.381698289943
23812,2.38179819327311
23813,2.38189809660322
23814,2.38199799993333
23815,2.38209790326344
23816,2.38219780659355
23817,2.38229770992366
23818,2.38239761325377
23819,2.38249751658389
23820,2.382597419914
23821,2.38269732324411
23822,2.38279722657422
23823,2.38289712990433
23824,2.38299703323444
23825,2.38309693656455
23826,2.38319683989466
23827,2.38329674322477
23828,2.38339664655489
23829,2.383496549885
23830,2.38359645321511
23831,2.38369635654522
23832,2.38379625987533
23833,2.38389616320544
23834,2.38399606653555
23835,2.38409596986566
23836,2.38419587319577
23837,2.38429577652588
23838,2.384395679856
23839,2.38449558318611
23840,2.38459548651622
23841,2.38469538984633
23842,2.38479529317644
23843,2.38489519650655
23844,2.38499509983666
23845,2.38509500316677
23846,2.38519490649688
23847,2.38529480982699
23848,2.38539471315711
23849,2.38549461648722
23850,2.38559451981733
23851,2.38569442314744
23852,2.38579432647755
23853,2.38589422980766
23854,2.38599413313777
23855,2.38609403646788
23856,2.38619393979799
23857,2.3862938431281
23858,2.38639374645822
23859,2.38649364978833
23860,2.38659355311844
23861,2.38669345644855
23862,2.38679335977866
23863,2.38689326310877
23864,2.38699316643888
23865,2.38709306976899
23866,2.3871929730991
23867,2.38729287642921
23868,2.38739277975933
23869,2.38749268308944
23870,2.38759258641955
23871,2.38769248974966
23872,2.38779239307977
23873,2.38789229640988
23874,2.38799219973999
23875,2.3880921030701
23876,2.38819200640021
23877,2.38829190973032
23878,2.38839181306044
23879,2.38849171639055
23880,2.38859161972066
23881,2.38869152305077
23882,2.38879142638088
23883,2.38889132971099
23884,2.3889912330411
23885,2.38909113637121
23886,2.38919103970132
23887,2.38929094303143
23888,2.38939084636155
23889,2.38949074969166
23890,2.38959065302177
23891,2.38969055635188
23892,2.38979045968199
23893,2.3898903630121
23894,2.38999026634221
23895,2.39009016967232
23896,2.39019007300243
23897,2.39028997633254
23898,2.39038987966266
23899,2.39048978299277
23900,2.39058968632288
23901,2.39068958965299
23902,2.3907894929831
23903,2.39088939631321
23904,2.39098929964332
23905,2.39108920297343
23906,2.39118910630354
23907,2.39128900963365
23908,2.39138891296377
23909,2.39148881629388
23910,2.39158871962399
23911,2.3916886229541
23912,2.39178852628421
23913,2.39188842961432
23914,2.39198833294443
23915,2.39208823627454
23916,2.39218813960465
23917,2.39228804293476
23918,2.39238794626488
23919,2.39248784959499
23920,2.3925877529251
23921,2.39268765625521
23922,2.39278755958532
23923,2.39288746291543
23924,2.39298736624554
23925,2.39308726957565
23926,2.39318717290576
23927,2.39328707623587
23928,2.39338697956599
23929,2.3934868828961
23930,2.39358678622621
23931,2.39368668955632
23932,2.39378659288643
23933,2.39388649621654
23934,2.39398639954665
23935,2.39408630287676
23936,2.39418620620687
23937,2.39428610953698
23938,2.3943860128671
23939,2.39448591619721
23940,2.39458581952732
23941,2.39468572285743
23942,2.39478562618754
23943,2.39488552951765
23944,2.39498543284776
23945,2.39508533617787
23946,2.39518523950798
23947,2.39528514283809
23948,2.39538504616821
23949,2.39548494949832
23950,2.39558485282843
23951,2.39568475615854
23952,2.39578465948865
23953,2.39588456281876
23954,2.39598446614887
23955,2.39608436947898
23956,2.39618427280909
23957,2.3962841761392
23958,2.39638407946932
23959,2.39648398279943
23960,2.39658388612954
23961,2.39668378945965
23962,2.39678369278976
23963,2.39688359611987
23964,2.39698349944998
23965,2.39708340278009
23966,2.3971833061102
23967,2.39728320944031
23968,2.39738311277043
23969,2.39748301610054
23970,2.39758291943065
23971,2.39768282276076
23972,2.39778272609087
23973,2.39788262942098
23974,2.39798253275109
23975,2.3980824360812
23976,2.39818233941131
23977,2.39828224274142
23978,2.39838214607154
23979,2.39848204940165
23980,2.39858195273176
23981,2.39868185606187
23982,2.39878175939198
23983,2.39888166272209
23984,2.3989815660522
23985,2.39908146938231
23986,2.39918137271242
23987,2.39928127604253
23988,2.39938117937265
23989,2.39948108270276
23990,2.39958098603287
23991,2.39968088936298
23992,2.39978079269309
23993,2.3998806960232
23994,2.39998059935331
23995,2.40008050268342
23996,2.40018040601353
23997,2.40028030934364
23998,2.40038021267376
23999,2.40048011600387
24000,2.40058001933398
24001,2.40067992266409
24002,2.4007798259942
24003,2.40087972932431
24004,2.40097963265442
24005,2.40107953598453
24006,2.40117943931464
24007,2.40127934264475
24008,2.40137924597487
24009,2.40147914930498
24010,2.40157905263509
24011,2.4016789559652
24012,2.40177885929531
24013,2.40187876262542
24014,2.40197866595553
24015,2.40207856928564
24016,2.40217847261575
24017,2.40227837594586
24018,2.40237827927598
24019,2.40247818260609
24020,2.4025780859362
24021,2.40267798926631
24022,2.40277789259642
24023,2.40287779592653
24024,2.40297769925664
24025,2.40307760258675
24026,2.40317750591686
24027,2.40327740924698
24028,2.40337731257709
24029,2.4034772159072
24030,2.40357711923731
24031,2.40367702256742
24032,2.40377692589753
24033,2.40387682922764
24034,2.40397673255775
24035,2.40407663588786
24036,2.40417653921797
24037,2.40427644254809
24038,2.4043763458782
24039,2.40447624920831
24040,2.40457615253842
24041,2.40467605586853
24042,2.40477595919864
24043,2.40487586252875
24044,2.40497576585886
24045,2.40507566918897
24046,2.40517557251908
24047,2.4052754758492
24048,2.40537537917931
24049,2.40547528250942
24050,2.40557518583953
24051,2.40567508916964
24052,2.40577499249975
24053,2.40587489582986
24054,2.40597479915997
24055,2.40607470249008
24056,2.40617460582019
24057,2.40627450915031
24058,2.40637441248042
24059,2.40647431581053
24060,2.40657421914064
24061,2.40667412247075
24062,2.40677402580086
24063,2.40687392913097
24064,2.40697383246108
24065,2.40707373579119
24066,2.4071736391213
24067,2.40727354245141
24068,2.40737344578153
24069,2.40747334911164
24070,2.40757325244175
24071,2.40767315577186
24072,2.40777305910197
24073,2.40787296243208
24074,2.40797286576219
24075,2.4080727690923
24076,2.40817267242241
24077,2.40827257575252
24078,2.40837247908264
24079,2.40847238241275
24080,2.40857228574286
24081,2.40867218907297
24082,2.40877209240308
24083,2.40887199573319
24084,2.4089718990633
24085,2.40907180239341
24086,2.40917170572352
24087,2.40927160905364
24088,2.40937151238375
24089,2.40947141571386
24090,2.40957131904397
24091,2.40967122237408
24092,2.40977112570419
24093,2.4098710290343
24094,2.40997093236441
24095,2.41007083569452
24096,2.41017073902463
24097,2.41027064235475
24098,2.41037054568486
24099,2.41047044901497
24100,2.41057035234508
24101,2.41067025567519
24102,2.4107701590053
24103,2.41087006233541
24104,2.41096996566552
24105,2.41106986899563
24106,2.41116977232574
24107,2.41126967565586
24108,2.41136957898597
24109,2.41146948231608
24110,2.41156938564619
24111,2.4116692889763
24112,2.41176919230641
24113,2.41186909563652
24114,2.41196899896663
24115,2.41206890229674
24116,2.41216880562685
24117,2.41226870895697
24118,2.41236861228708
24119,2.41246851561719
24120,2.4125684189473
24121,2.41266832227741
24122,2.41276822560752
24123,2.41286812893763
24124,2.41296803226774
24125,2.41306793559785
24126,2.41316783892796
24127,2.41326774225808
24128,2.41336764558819
24129,2.4134675489183
24130,2.41356745224841
24131,2.41366735557852
24132,2.41376725890863
24133,2.41386716223874
24134,2.41396706556885
24135,2.41406696889896
24136,2.41416687222907
24137,2.41426677555919
24138,2.4143666788893
24139,2.41446658221941
24140,2.41456648554952
24141,2.41466638887963
24142,2.41476629220974
24143,2.41486619553985
24144,2.41496609886996
24145,2.41506600220007
24146,2.41516590553018
24147,2.4152658088603
24148,2.41536571219041
24149,2.41546561552052
24150,2.41556551885063
24151,2.41566542218074
24152,2.41576532551085
24153,2.41586522884096
24154,2.41596513217107
24155,2.41606503550118
24156,2.41616493883129
24157,2.41626484216141
24158,2.41636474549152
24159,2.41646464882163
24160,2.41656455215174
24161,2.41666445548185
24162,2.41676435881196
24163,2.41686426214207
24164,2.41696416547218
24165,2.41706406880229
24166,2.4171639721324
24167,2.41726387546252
24168,2.41736377879263
24169,2.41746368212274
24170,2.41756358545285
24171,2.41766348878296
24172,2.41776339211307
24173,2.41786329544318
24174,2.41796319877329
24175,2.4180631021034
24176,2.41816300543351
24177,2.41826290876363
24178,2.41836281209374
24179,2.41846271542385
24180,2.41856261875396
24181,2.41866252208407
24182,2.41876242541418
24183,2.41886232874429
24184,2.4189622320744
24185,2.41906213540451
24186,2.41916203873462
24187,2.41926194206474
24188,2.41936184539485
24189,2.41946174872496
24190,2.41956165205507
24191,2.41966155538518
24192,2.41976145871529
24193,2.4198613620454
24194,2.41996126537551
24195,2.42006116870562
24196,2.42016107203573
24197,2.42026097536585
24198,2.42036087869596
24199,2.42046078202607
24200,2.42056068535618
24201,2.42066058868629
24202,2.4207604920164
24203,2.42086039534651
24204,2.42096029867662
24205,2.42106020200673
24206,2.42116010533685
24207,2.42126000866696
24208,2.42135991199707
24209,2.42145981532718
24210,2.42155971865729
24211,2.4216596219874
24212,2.42175952531751
24213,2.42185942864762
24214,2.42195933197773
24215,2.42205923530784
24216,2.42215913863796
24217,2.42225904196807
24218,2.42235894529818
24219,2.42245884862829
24220,2.4225587519584
24221,2.42265865528851
24222,2.42275855861862
24223,2.42285846194873
24224,2.42295836527884
24225,2.42305826860895
24226,2.42315817193906
24227,2.42325807526918
24228,2.42335797859929
24229,2.4234578819294
24230,2.42355778525951
24231,2.42365768858962
24232,2.42375759191973
24233,2.42385749524984
24234,2.42395739857995
24235,2.42405730191006
24236,2.42415720524017
24237,2.42425710857029
24238,2.4243570119004
24239,2.42445691523051
24240,2.42455681856062
24241,2.42465672189073
24242,2.42475662522084
24243,2.42485652855095
24244,2.42495643188106
24245,2.42505633521117
24246,2.42515623854128
24247,2.4252561418714
24248,2.42535604520151
24249,2.42545594853162
24250,2.42555585186173
24251,2.42565575519184
24252,2.42575565852195
24253,2.42585556185206
24254,2.42595546518217
24255,2.42605536851228
24256,2.42615527184239
24257,2.42625517517251
24258,2.42635507850262
24259,2.42645498183273
24260,2.42655488516284
24261,2.42665478849295
24262,2.42675469182306
24263,2.42685459515317
24264,2.42695449848328
24265,2.42705440181339
24266,2.4271543051435
24267,2.42725420847362
24268,2.42735411180373
24269,2.42745401513384
24270,2.42755391846395
24271,2.42765382179406
24272,2.42775372512417
24273,2.42785362845428
24274,2.42795353178439
24275,2.4280534351145
24276,2.42815333844462
24277,2.42825324177473
24278,2.42835314510484
24279,2.42845304843495
24280,2.42855295176506
24281,2.42865285509517
24282,2.42875275842528
24283,2.42885266175539
24284,2.4289525650855
24285,2.42905246841561
24286,2.42915237174573
24287,2.42925227507584
24288,2.42935217840595
24289,2.42945208173606
24290,2.42955198506617
24291,2.42965188839628
24292,2.42975179172639
24293,2.4298516950565
24294,2.42995159838661
24295,2.43005150171672
24296,2.43015140504684
24297,2.43025130837695
24298,2.43035121170706
24299,2.43045111503717
24300,2.43055101836728
24301,2.43065092169739
24302,2.4307508250275
24303,2.43085072835761
24304,2.43095063168772
24305,2.43105053501783
24306,2.43115043834795
24307,2.43125034167806
24308,2.43135024500817
24309,2.43145014833828
24310,2.43155005166839
24311,2.4316499549985
24312,2.43174985832861
24313,2.43184976165872
24314,2.43194966498883
24315,2.43204956831894
24316,2.43214947164906
24317,2.43224937497917
24318,2.43234927830928
24319,2.43244918163939
24320,2.4325490849695
24321,2.43264898829961
24322,2.43274889162972
24323,2.43284879495983
24324,2.43294869828994
24325,2.43304860162005
24326,2.43314850495017
24327,2.43324840828028
24328,2.43334831161039
24329,2.4334482149405
24330,2.43354811827061
24331,2.43364802160072
24332,2.43374792493083
24333,2.43384782826094
24334,2.43394773159105
24335,2.43404763492116
24336,2.43414753825127
24337,2.43424744158139
24338,2.4343473449115
24339,2.43444724824161
24340,2.43454715157172
24341,2.43464705490183
24342,2.43474695823194
24343,2.43484686156205
24344,2.43494676489216
24345,2.43504666822227
24346,2.43514657155239
24347,2.4352464748825
24348,2.43534637821261
24349,2.43544628154272
24350,2.43554618487283
24351,2.43564608820294
24352,2.43574599153305
24353,2.43584589486316
24354,2.43594579819327
24355,2.43604570152338
24356,2.4361456048535
24357,2.43624550818361
24358,2.43634541151372
24359,2.43644531484383
24360,2.43654521817394
24361,2.43664512150405
24362,2.43674502483416
24363,2.43684492816427
24364,2.43694483149438
24365,2.43704473482449
24366,2.43714463815461
24367,2.43724454148472
24368,2.43734444481483
24369,2.43744434814494
24370,2.43754425147505
24371,2.43764415480516
24372,2.43774405813527
24373,2.43784396146538
24374,2.43794386479549
24375,2.4380437681256
24376,2.43814367145572
24377,2.43824357478583
24378,2.43834347811594
24379,2.43844338144605
24380,2.43854328477616
24381,2.43864318810627
24382,2.43874309143638
24383,2.43884299476649
24384,2.4389428980966
24385,2.43904280142671
24386,2.43914270475682
24387,2.43924260808694
24388,2.43934251141705
24389,2.43944241474716
24390,2.43954231807727
24391,2.43964222140738
24392,2.43974212473749
24393,2.4398420280676
24394,2.43994193139771
24395,2.44004183472782
24396,2.44014173805793
24397,2.44024164138805
24398,2.44034154471816
24399,2.44044144804827
24400,2.44054135137838
24401,2.44064125470849
24402,2.4407411580386
24403,2.44084106136871
24404,2.44094096469882
24405,2.44104086802893
24406,2.44114077135905
24407,2.44124067468916
24408,2.44134057801927
24409,2.44144048134938
24410,2.44154038467949
24411,2.4416402880096
24412,2.44174019133971
24413,2.44184009466982
24414,2.44193999799993
24415,2.44203990133004
24416,2.44213980466016
24417,2.44223970799027
24418,2.44233961132038
24419,2.44243951465049
24420,2.4425394179806
24421,2.44263932131071
24422,2.44273922464082
24423,2.44283912797093
24424,2.44293903130104
24425,2.44303893463115
24426,2.44313883796127
24427,2.44323874129138
24428,2.44333864462149
24429,2.4434385479516
24430,2.44353845128171
24431,2.44363835461182
24432,2.44373825794193
24433,2.44383816127204
24434,2.44393806460215
24435,2.44403796793226
24436,2.44413787126238
24437,2.44423777459249
24438,2.4443376779226
24439,2.44443758125271
24440,2.44453748458282
24441,2.44463738791293
24442,2.44473729124304
24443,2.44483719457315
24444,2.44493709790326
24445,2.44503700123337
24446,2.44513690456349
24447,2.4452368078936
24448,2.44533671122371
24449,2.44543661455382
24450,2.44553651788393
24451,2.44563642121404
24452,2.44573632454415
24453,2.44583622787426
24454,2.44593613120437
24455,2.44603603453448
24456,2.4461359378646
24457,2.44623584119471
24458,2.44633574452482
24459,2.44643564785493
24460,2.44653555118504
24461,2.44663545451515
24462,2.44673535784526
24463,2.44683526117537
24464,2.44693516450548
24465,2.44703506783559
24466,2.44713497116571
24467,2.44723487449582
24468,2.44733477782593
24469,2.44743468115604
24470,2.44753458448615
24471,2.44763448781626
24472,2.44773439114637
24473,2.44783429447648
24474,2.44793419780659
24475,2.4480341011367
24476,2.44813400446682
24477,2.44823390779693
24478,2.44833381112704
24479,2.44843371445715
24480,2.44853361778726
24481,2.44863352111737
24482,2.44873342444748
24483,2.44883332777759
24484,2.4489332311077
24485,2.44903313443781
24486,2.44913303776793
24487,2.44923294109804
24488,2.44933284442815
24489,2.44943274775826
24490,2.44953265108837
24491,2.44963255441848
24492,2.44973245774859
24493,2.4498323610787
24494,2.44993226440881
24495,2.45003216773892
24496,2.45013207106904
24497,2.45023197439915
24498,2.45033187772926
24499,2.45043178105937
24500,2.45053168438948
24501,2.45063158771959
24502,2.4507314910497
24503,2.45083139437981
24504,2.45093129770992
24505,2.45103120104003
24506,2.45113110437015
24507,2.45123100770026
24508,2.45133091103037
24509,2.45143081436048
24510,2.45153071769059
24511,2.4516306210207
24512,2.45173052435081
24513,2.45183042768092
24514,2.45193033101103
24515,2.45203023434114
24516,2.45213013767126
24517,2.45223004100137
24518,2.45232994433148
24519,2.45242984766159
24520,2.4525297509917
24521,2.45262965432181
24522,2.45272955765192
24523,2.45282946098203
24524,2.45292936431214
24525,2.45302926764225
24526,2.45312917097237
24527,2.45322907430248
24528,2.45332897763259
24529,2.4534288809627
24530,2.45352878429281
24531,2.45362868762292
24532,2.45372859095303
24533,2.45382849428314
24534,2.45392839761325
24535,2.45402830094336
24536,2.45412820427348
24537,2.45422810760359
24538,2.4543280109337
24539,2.45442791426381
24540,2.45452781759392
24541,2.45462772092403
24542,2.45472762425414
24543,2.45482752758425
24544,2.45492743091436
24545,2.45502733424447
24546,2.45512723757459
24547,2.4552271409047
24548,2.45532704423481
24549,2.45542694756492
24550,2.45552685089503
24551,2.45562675422514
24552,2.45572665755525
24553,2.45582656088536
24554,2.45592646421547
24555,2.45602636754558
24556,2.4561262708757
24557,2.45622617420581
24558,2.45632607753592
24559,2.45642598086603
24560,2.45652588419614
24561,2.45662578752625
24562,2.45672569085636
24563,2.45682559418647
24564,2.45692549751658
24565,2.45702540084669
24566,2.45712530417681
24567,2.45722520750692
24568,2.45732511083703
24569,2.45742501416714
24570,2.45752491749725
24571,2.45762482082736
24572,2.45772472415747
24573,2.45782462748758
24574,2.45792453081769
24575,2.45802443414781
24576,2.45812433747792
24577,2.45822424080803
24578,2.45832414413814
24579,2.45842404746825
24580,2.45852395079836
24581,2.45862385412847
24582,2.45872375745858
24583,2.45882366078869
24584,2.4589235641188
24585,2.45902346744892
24586,2.45912337077903
24587,2.45922327410914
24588,2.45932317743925
24589,2.45942308076936
24590,2.45952298409947
24591,2.45962288742958
24592,2.45972279075969
24593,2.4598226940898
24594,2.45992259741991
24595,2.46002250075002
24596,2.46012240408014
24597,2.46022230741025
24598,2.46032221074036
24599,2.46042211407047
24600,2.46052201740058
24601,2.46062192073069
24602,2.4607218240608
24603,2.46082172739091
24604,2.46092163072102
24605,2.46102153405113
24606,2.46112143738125
24607,2.46122134071136
24608,2.46132124404147
24609,2.46142114737158
24610,2.46152105070169
24611,2.4616209540318
24612,2.46172085736191
24613,2.46182076069202
24614,2.46192066402213
24615,2.46202056735225
24616,2.46212047068236
24617,2.46222037401247
24618,2.46232027734258
24619,2.46242018067269
24620,2.4625200840028
24621,2.46261998733291
24622,2.46271989066302
24623,2.46281979399313
24624,2.46291969732324
24625,2.46301960065336
24626,2.46311950398347
24627,2.46321940731358
24628,2.46331931064369
24629,2.4634192139738
24630,2.46351911730391
24631,2.46361902063402
24632,2.46371892396413
24633,2.46381882729424
24634,2.46391873062435
24635,2.46401863395447
24636,2.46411853728458
24637,2.46421844061469
24638,2.4643183439448
24639,2.46441824727491
24640,2.46451815060502
24641,2.46461805393513
24642,2.46471795726524
24643,2.46481786059535
24644,2.46491776392546
24645,2.46501766725558
24646,2.46511757058569
24647,2.4652174739158
24648,2.46531737724591
24649,2.46541728057602
24650,2.46551718390613
24651,2.46561708723624
24652,2.46571699056635
24653,2.46581689389646
24654,2.46591679722657
24655,2.46601670055669
24656,2.4661166038868
24657,2.46621650721691
24658,2.46631641054702
24659,2.46641631387713
24660,2.46651621720724
24661,2.46661612053735
24662,2.46671602386746
24663,2.46681592719757
24664,2.46691583052768
24665,2.4670157338578
24666,2.46711563718791
24667,2.46721554051802
24668,2.46731544384813
24669,2.46741534717824
24670,2.46751525050835
24671,2.46761515383846
24672,2.46771505716857
24673,2.46781496049868
24674,2.46791486382879
24675,2.46801476715891
24676,2.46811467048902
24677,2.46821457381913
24678,2.46831447714924
24679,2.46841438047935
24680,2.46851428380946
24681,2.46861418713957
24682,2.46871409046968
24683,2.46881399379979
24684,2.4689138971299
24685,2.46901380046002
24686,2.46911370379013
24687,2.46921360712024
24688,2.46931351045035
24689,2.46941341378046
24690,2.46951331711057
24691,2.46961322044068
24692,2.46971312377079
24693,2.4698130271009
24694,2.46991293043101
24695,2.47001283376113
24696,2.47011273709124
24697,2.47021264042135
24698,2.47031254375146
24699,2.47041244708157
24700,2.47051235041168
24701,2.47061225374179
24702,2.4707121570719
24703,2.47081206040201
24704,2.47091196373212
24705,2.47101186706224
24706,2.47111177039235
24707,2.47121167372246
24708,2.47131157705257
24709,2.47141148038268
24710,2.47151138371279
24711,2.4716112870429
24712,2.47171119037301
24713,2.47181109370312
24714,2.47191099703323
24715,2.47201090036335
24716,2.47211080369346
24717,2.47221070702357
24718,2.47231061035368
24719,2.47241051368379
24720,2.4725104170139
24721,2.47261032034401
24722,2.47271022367412
24723,2.47281012700423
24724,2.47291003033434
24725,2.47300993366446
24726,2.47310983699457
24727,2.47320974032468
24728,2.47330964365479
24729,2.4734095469849
24730,2.47350945031501
24731,2.47360935364512
24732,2.47370925697523
24733,2.47380916030534
24734,2.47390906363545
24735,2.47400896696557
24736,2.47410887029568
24737,2.47420877362579
24738,2.4743086769559
24739,2.47440858028601
24740,2.47450848361612
24741,2.47460838694623
24742,2.47470829027634
24743,2.47480819360645
24744,2.47490809693656
24745,2.47500800026668
24746,2.47510790359679
24747,2.4752078069269
24748,2.47530771025701
24749,2.47540761358712
24750,2.47550751691723
24751,2.47560742024734
24752,2.47570732357745
24753,2.47580722690756
24754,2.47590713023767
24755,2.47600703356779
24756,2.4761069368979
24757,2.47620684022801
24758,2.47630674355812
24759,2.47640664688823
24760,2.47650655021834
24761,2.47660645354845
24762,2.47670635687856
24763,2.47680626020867
24764,2.47690616353878
24765,2.4770060668689
24766,2.47710597019901
24767,2.47720587352912
24768,2.47730577685923
24769,2.47740568018934
24770,2.47750558351945
24771,2.47760548684956
24772,2.47770539017967
24773,2.47780529350978
24774,2.47790519683989
24775,2.47800510017001
24776,2.47810500350012
24777,2.47820490683023
24778,2.47830481016034
24779,2.47840471349045
24780,2.47850461682056
24781,2.47860452015067
24782,2.47870442348078
24783,2.47880432681089
24784,2.478904230141
24785,2.47900413347112
24786,2.47910403680123
24787,2.47920394013134
24788,2.47930384346145
24789,2.47940374679156
24790,2.47950365012167
24791,2.47960355345178
24792,2.47970345678189
24793,2.479803360112
24794,2.47990326344211
24795,2.48000316677223
24796,2.48010307010234
24797,2.48020297343245
24798,2.48030287676256
24799,2.48040278009267
24800,2.48050268342278
24801,2.48060258675289
24802,2.480702490083
24803,2.48080239341311
24804,2.48090229674322
24805,2.48100220007334
24806,2.48110210340345
24807,2.48120200673356
24808,2.48130191006367
24809,2.48140181339378
24810,2.48150171672389
24811,2.481601620054
24812,2.48170152338411
24813,2.48180142671422
24814,2.48190133004434
24815,2.48200123337445
24816,2.48210113670456
24817,2.48220104003467
24818,2.48230094336478
24819,2.48240084669489
24820,2.482500750025
24821,2.48260065335511
24822,2.48270055668522
24823,2.48280046001533
24824,2.48290036334545
24825,2.48300026667556
24826,2.48310017000567
24827,2.48320007333578
24828,2.48329997666589
24829,2.483399879996
24830,2.48349978332611
24831,2.48359968665622
24832,2.48369958998633
24833,2.48379949331644
24834,2.48389939664656
24835,2.48399929997667
24836,2.48409920330678
24837,2.48419910663689
24838,2.484299009967
24839,2.48439891329711
24840,2.48449881662722
24841,2.48459871995733
24842,2.48469862328744
24843,2.48479852661755
24844,2.48489842994767
24845,2.48499833327778
24846,2.48509823660789
24847,2.485198139938
24848,2.48529804326811
24849,2.48539794659822
24850,2.48549784992833
24851,2.48559775325844
24852,2.48569765658855
24853,2.48579755991866
24854,2.48589746324878
24855,2.48599736657889
24856,2.486097269909
24857,2.48619717323911
24858,2.48629707656922
24859,2.48639697989933
24860,2.48649688322944
24861,2.48659678655955
24862,2.48669668988966
24863,2.48679659321977
24864,2.48689649654988
24865,2.48699639988
24866,2.48709630321011
24867,2.48719620654022
24868,2.48729610987033
24869,2.48739601320044
24870,2.48749591653055
24871,2.48759581986066
24872,2.48769572319077
24873,2.48779562652088
24874,2.487895529851
24875,2.48799543318111
24876,2.48809533651122
24877,2.48819523984133
24878,2.48829514317144
24879,2.48839504650155
24880,2.48849494983166
24881,2.48859485316177
24882,2.48869475649188
24883,2.48879465982199
24884,2.48889456315211
24885,2.48899446648222
24886,2.48909436981233
24887,2.48919427314244
24888,2.48929417647255
24889,2.48939407980266
24890,2.48949398313277
24891,2.48959388646288
24892,2.48969378979299
24893,2.4897936931231
24894,2.48989359645322
24895,2.48999349978333
24896,2.49009340311344
24897,2.49019330644355
24898,2.49029320977366
24899,2.49039311310377
24900,2.49049301643388
24901,2.49059291976399
24902,2.4906928230941
24903,2.49079272642421
24904,2.49089262975433
24905,2.49099253308444
24906,2.49109243641455
24907,2.49119233974466
24908,2.49129224307477
24909,2.49139214640488
24910,2.49149204973499
24911,2.4915919530651
24912,2.49169185639521
24913,2.49179175972532
24914,2.49189166305544
24915,2.49199156638555
24916,2.49209146971566
24917,2.49219137304577
24918,2.49229127637588
24919,2.49239117970599
24920,2.4924910830361
24921,2.49259098636621
24922,2.49269088969632
24923,2.49279079302643
24924,2.49289069635655
24925,2.49299059968666
24926,2.49309050301677
24927,2.49319040634688
24928,2.49329030967699
24929,2.4933902130071
24930,2.49349011633721
24931,2.49359001966732
24932,2.49368992299743
24933,2.49378982632754
24934,2.49388972965766
24935,2.49398963298777
24936,2.49408953631788
24937,2.49418943964799
24938,2.4942893429781
24939,2.49438924630821
24940,2.49448914963832
24941,2.49458905296843
24942,2.49468895629854
24943,2.49478885962865
24944,2.49488876295877
24945,2.49498866628888
24946,2.49508856961899
24947,2.4951884729491
24948,2.49528837627921
24949,2.49538827960932
24950,2.49548818293943
24951,2.49558808626954
24952,2.49568798959965
24953,2.49578789292976
24954,2.49588779625988
24955,2.49598769958999
24956,2.4960876029201
24957,2.49618750625021
24958,2.49628740958032
24959,2.49638731291043
24960,2.49648721624054
24961,2.49658711957065
24962,2.49668702290076
24963,2.49678692623087
24964,2.49688682956099
24965,2.4969867328911
24966,2.49708663622121
24967,2.49718653955132
24968,2.49728644288143
24969,2.49738634621154
24970,2.49748624954165
24971,2.49758615287176
24972,2.49768605620187
24973,2.49778595953198
24974,2.4978858628621
24975,2.49798576619221
24976,2.49808566952232
24977,2.49818557285243
24978,2.49828547618254
24979,2.49838537951265
24980,2.49848528284276
24981,2.49858518617287
24982,2.49868508950298
24983,2.49878499283309
24984,2.49888489616321
24985,2.49898479949332
24986,2.49908470282343
24987,2.49918460615354
24988,2.49928450948365
24989,2.49938441281376
24990,2.49948431614387
24991,2.49958421947398
24992,2.49968412280409
24993,2.49978402613421
24994,2.49988392946432
24995,2.49998383279443
24996,2.50008373612454
24997,2.50018363945465
24998,2.50028354278476
24999,2.50038344611487
25000,2.50048334944498
25001,2.50058325277509
25002,2.5006831561052
25003,2.50078305943532
25004,2.50088296276543
25005,2.50098286609554
25006,2.50108276942565
25007,2.50118267275576
25008,2.50128257608587
25009,2.50138247941598
25010,2.50148238274609
25011,2.5015822860762
25012,2.50168218940631
25013,2.50178209273642
25014,2.50188199606654
25015,2.50198189939665
25016,2.50208180272676
25017,2.50218170605687
25018,2.50228160938698
25019,2.50238151271709
25020,2.5024814160472
25021,2.50258131937731
25022,2.50268122270742
25023,2.50278112603753
25024,2.50288102936765
25025,2.50298093269776
25026,2.50308083602787
25027,2.50318073935798
25028,2.50328064268809
25029,2.5033805460182
25030,2.50348044934831
25031,2.50358035267842
25032,2.50368025600853
25033,2.50378015933864
25034,2.50388006266876
25035,2.50397996599887
25036,2.50407986932898
25037,2.50417977265909
25038,2.5042796759892
25039,2.50437957931931
25040,2.50447948264942
25041,2.50457938597953
25042,2.50467928930964
25043,2.50477919263975
25044,2.50487909596987
25045,2.50497899929998
25046,2.50507890263009
25047,2.5051788059602
25048,2.50527870929031
25049,2.50537861262042
25050,2.50547851595053
25051,2.50557841928064
25052,2.50567832261075
25053,2.50577822594086
25054,2.50587812927098
25055,2.50597803260109
25056,2.5060779359312
25057,2.50617783926131
25058,2.50627774259142
25059,2.50637764592153
25060,2.50647754925164
25061,2.50657745258175
25062,2.50667735591186
25063,2.50677725924198
25064,2.50687716257209
25065,2.5069770659022
25066,2.50707696923231
25067,2.50717687256242
25068,2.50727677589253
25069,2.50737667922264
25070,2.50747658255275
25071,2.50757648588286
25072,2.50767638921297
25073,2.50777629254308
25074,2.5078761958732
25075,2.50797609920331
25076,2.50807600253342
25077,2.50817590586353
25078,2.50827580919364
25079,2.50837571252375
25080,2.50847561585386
25081,2.50857551918397
25082,2.50867542251408
25083,2.50877532584419
25084,2.50887522917431
25085,2.50897513250442
25086,2.50907503583453
25087,2.50917493916464
25088,2.50927484249475
25089,2.50937474582486
25090,2.50947464915497
25091,2.50957455248508
25092,2.50967445581519
25093,2.5097743591453
25094,2.50987426247542
25095,2.50997416580553
25096,2.51007406913564
25097,2.51017397246575
25098,2.51027387579586
25099,2.51037377912597
25100,2.51047368245608
25101,2.51057358578619
25102,2.5106734891163
25103,2.51077339244641
25104,2.51087329577653
25105,2.51097319910664
25106,2.51107310243675
25107,2.51117300576686
25108,2.51127290909697
25109,2.51137281242708
25110,2.51147271575719
25111,2.5115726190873
25112,2.51167252241741
25113,2.51177242574752
25114,2.51187232907764
25115,2.51197223240775
25116,2.51207213573786
25117,2.51217203906797
25118,2.51227194239808
25119,2.51237184572819
25120,2.5124717490583
25121,2.51257165238841
25122,2.51267155571852
25123,2.51277145904863
25124,2.51287136237875
25125,2.51297126570886
25126,2.51307116903897
25127,2.51317107236908
25128,2.51327097569919
25129,2.5133708790293
25130,2.51347078235941
25131,2.51357068568952
25132,2.51367058901963
25133,2.51377049234975
25134,2.51387039567986
25135,2.51397029900997
25136,2.51407020234008
25137,2.51417010567019
25138,2.5142700090003
25139,2.51436991233041
25140,2.51446981566052
25141,2.51456971899063
25142,2.51466962232074
25143,2.51476952565086
25144,2.51486942898097
25145,2.51496933231108
25146,2.51506923564119
25147,2.5151691389713
25148,2.51526904230141
25149,2.51536894563152
25150,2.51546884896163
25151,2.51556875229174
25152,2.51566865562185
25153,2.51576855895197
25154,2.51586846228208
25155,2.51596836561219
25156,2.5160682689423
25157,2.51616817227241
25158,2.51626807560252
25159,2.51636797893263
25160,2.51646788226274
25161,2.51656778559285
25162,2.51666768892296
25163,2.51676759225308
25164,2.51686749558319
25165,2.5169673989133
25166,2.51706730224341
25167,2.51716720557352
25168,2.51726710890363
25169,2.51736701223374
25170,2.51746691556385
25171,2.51756681889396
25172,2.51766672222407
25173,2.51776662555419
25174,2.5178665288843
25175,2.51796643221441
25176,2.51806633554452
25177,2.51816623887463
25178,2.51826614220474
25179,2.51836604553485
25180,2.51846594886496
25181,2.51856585219507
25182,2.51866575552518
25183,2.51876565885529
25184,2.51886556218541
25185,2.51896546551552
25186,2.51906536884563
25187,2.51916527217574
25188,2.51926517550585
25189,2.51936507883596
25190,2.51946498216607
25191,2.51956488549618
25192,2.51966478882629
25193,2.5197646921564
25194,2.51986459548652
25195,2.51996449881663
25196,2.52006440214674
25197,2.52016430547685
25198,2.52026420880696
25199,2.52036411213707
25200,2.52046401546718
25201,2.52056391879729
25202,2.5206638221274
25203,2.52076372545752
25204,2.52086362878763
25205,2.52096353211774
25206,2.52106343544785
25207,2.52116333877796
25208,2.52126324210807
25209,2.52136314543818
25210,2.52146304876829
25211,2.5215629520984
25212,2.52166285542851
25213,2.52176275875863
25214,2.52186266208874
25215,2.52196256541885
25216,2.52206246874896
25217,2.52216237207907
25218,2.52226227540918
25219,2.52236217873929
25220,2.5224620820694
25221,2.52256198539951
25222,2.52266188872962
25223,2.52276179205974
25224,2.52286169538985
25225,2.52296159871996
25226,2.52306150205007
25227,2.52316140538018
25228,2.52326130871029
25229,2.5233612120404
25230,2.52346111537051
25231,2.52356101870062
25232,2.52366092203073
25233,2.52376082536085
25234,2.52386072869096
25235,2.52396063202107
25236,2.52406053535118
25237,2.52416043868129
25238,2.5242603420114
25239,2.52436024534151
25240,2.52446014867162
25241,2.52456005200173
25242,2.52465995533184
25243,2.52475985866196
25244,2.52485976199207
25245,2.52495966532218
25246,2.52505956865229
25247,2.5251594719824
25248,2.52525937531251
25249,2.52535927864262
25250,2.52545918197273
25251,2.52555908530284
25252,2.52565898863295
25253,2.52575889196307
25254,2.52585879529318
25255,2.52595869862329
25256,2.5260586019534
25257,2.52615850528351
25258,2.52625840861362
25259,2.52635831194373
25260,2.52645821527384
25261,2.52655811860395
25262,2.52665802193406
25263,2.52675792526418
25264,2.52685782859429
25265,2.5269577319244
25266,2.52705763525451
25267,2.52715753858462
25268,2.52725744191473
25269,2.52735734524484
25270,2.52745724857495
25271,2.52755715190506
25272,2.52765705523517
25273,2.52775695856529
25274,2.5278568618954
25275,2.52795676522551
25276,2.52805666855562
25277,2.52815657188573
25278,2.52825647521584
25279,2.52835637854595
25280,2.52845628187606
25281,2.52855618520617
25282,2.52865608853628
25283,2.5287559918664
25284,2.52885589519651
25285,2.52895579852662
25286,2.52905570185673
25287,2.52915560518684
25288,2.52925550851695
25289,2.52935541184706
25290,2.52945531517717
25291,2.52955521850728
25292,2.52965512183739
25293,2.52975502516751
25294,2.52985492849762
25295,2.52995483182773
25296,2.53005473515784
25297,2.53015463848795
25298,2.53025454181806
25299,2.53035444514817
25300,2.53045434847828
25301,2.53055425180839
25302,2.5306541551385
25303,2.53075405846862
25304,2.53085396179873
25305,2.53095386512884
25306,2.53105376845895
25307,2.53115367178906
25308,2.53125357511917
25309,2.53135347844928
25310,2.53145338177939
25311,2.5315532851095
25312,2.53165318843961
25313,2.53175309176973
25314,2.53185299509984
25315,2.53195289842995
25316,2.53205280176006
25317,2.53215270509017
25318,2.53225260842028
25319,2.53235251175039
25320,2.5324524150805
25321,2.53255231841061
25322,2.53265222174073
25323,2.53275212507084
25324,2.53285202840095
25325,2.53295193173106
25326,2.53305183506117
25327,2.53315173839128
25328,2.53325164172139
25329,2.5333515450515
25330,2.53345144838161
25331,2.53355135171172
25332,2.53365125504183
25333,2.53375115837195
25334,2.53385106170206
25335,2.53395096503217
25336,2.53405086836228
25337,2.53415077169239
25338,2.5342506750225
25339,2.53435057835261
25340,2.53445048168272
25341,2.53455038501283
25342,2.53465028834294
25343,2.53475019167306
25344,2.53485009500317
25345,2.53494999833328
25346,2.53504990166339
25347,2.5351498049935
25348,2.53524970832361
25349,2.53534961165372
25350,2.53544951498383
25351,2.53554941831394
25352,2.53564932164405
25353,2.53574922497417
25354,2.53584912830428
25355,2.53594903163439
25356,2.5360489349645
25357,2.53614883829461
25358,2.53624874162472
25359,2.53634864495483
25360,2.53644854828494
25361,2.53654845161505
25362,2.53664835494516
25363,2.53674825827528
25364,2.53684816160539
25365,2.5369480649355
25366,2.53704796826561
25367,2.53714787159572
25368,2.53724777492583
25369,2.53734767825594
25370,2.53744758158605
25371,2.53754748491616
25372,2.53764738824628
25373,2.53774729157639
25374,2.5378471949065
25375,2.53794709823661
25376,2.53804700156672
25377,2.53814690489683
25378,2.53824680822694
25379,2.53834671155705
25380,2.53844661488716
25381,2.53854651821727
25382,2.53864642154739
25383,2.5387463248775
25384,2.53884622820761
25385,2.53894613153772
25386,2.53904603486783
25387,2.53914593819794
25388,2.53924584152805
25389,2.53934574485816
25390,2.53944564818827
25391,2.53954555151838
25392,2.5396454548485
25393,2.53974535817861
25394,2.53984526150872
25395,2.53994516483883
25396,2.54004506816894
25397,2.54014497149905
25398,2.54024487482916
25399,2.54034477815927
25400,2.54044468148938
25401,2.54054458481949
25402,2.54064448814961
25403,2.54074439147972
25404,2.54084429480983
25405,2.54094419813994
25406,2.54104410147005
25407,2.54114400480016
25408,2.54124390813027
25409,2.54134381146038
25410,2.54144371479049
25411,2.5415436181206
25412,2.54164352145072
25413,2.54174342478083
25414,2.54184332811094
25415,2.54194323144105
25416,2.54204313477116
25417,2.54214303810127
25418,2.54224294143138
25419,2.54234284476149
25420,2.5424427480916
25421,2.54254265142171
25422,2.54264255475183
25423,2.54274245808194
25424,2.54284236141205
25425,2.54294226474216
25426,2.54304216807227
25427,2.54314207140238
25428,2.54324197473249
25429,2.5433418780626
25430,2.54344178139271
25431,2.54354168472282
25432,2.54364158805294
25433,2.54374149138305
25434,2.54384139471316
25435,2.54394129804327
25436,2.54404120137338
25437,2.54414110470349
25438,2.5442410080336
25439,2.54434091136371
25440,2.54444081469382
25441,2.54454071802393
25442,2.54464062135405
25443,2.54474052468416
25444,2.54484042801427
25445,2.54494033134438
25446,2.54504023467449
25447,2.5451401380046
25448,2.54524004133471
25449,2.54533994466482
25450,2.54543984799493
25451,2.54553975132504
25452,2.54563965465516
25453,2.54573955798527
25454,2.54583946131538
25455,2.54593936464549
25456,2.5460392679756
25457,2.54613917130571
25458,2.54623907463582
25459,2.54633897796593
25460,2.54643888129604
25461,2.54653878462615
25462,2.54663868795627
25463,2.54673859128638
25464,2.54683849461649
25465,2.5469383979466
25466,2.54703830127671
25467,2.54713820460682
25468,2.54723810793693
25469,2.54733801126704
25470,2.54743791459715
25471,2.54753781792726
25472,2.54763772125738
25473,2.54773762458749
25474,2.5478375279176
25475,2.54793743124771
25476,2.54803733457782
25477,2.54813723790793
25478,2.54823714123804
25479,2.54833704456815
25480,2.54843694789826
25481,2.54853685122837
25482,2.54863675455849
25483,2.5487366578886
25484,2.54883656121871
25485,2.54893646454882
25486,2.54903636787893
25487,2.54913627120904
25488,2.54923617453915
25489,2.54933607786926
25490,2.54943598119937
25491,2.54953588452948
25492,2.5496357878596
25493,2.54973569118971
25494,2.54983559451982
25495,2.54993549784993
25496,2.55003540118004
25497,2.55013530451015
25498,2.55023520784026
25499,2.55033511117037
25500,2.55043501450048
25501,2.55053491783059
25502,2.55063482116071
25503,2.55073472449082
25504,2.55083462782093
25505,2.55093453115104
25506,2.55103443448115
25507,2.55113433781126
25508,2.55123424114137
25509,2.55133414447148
25510,2.55143404780159
25511,2.5515339511317
25512,2.55163385446182
25513,2.55173375779193
25514,2.55183366112204
25515,2.55193356445215
25516,2.55203346778226
25517,2.55213337111237
25518,2.55223327444248
25519,2.55233317777259
25520,2.5524330811027
25521,2.55253298443281
25522,2.55263288776293
25523,2.55273279109304
25524,2.55283269442315
25525,2.55293259775326
25526,2.55303250108337
25527,2.55313240441348
25528,2.55323230774359
25529,2.5533322110737
25530,2.55343211440381
25531,2.55353201773392
25532,2.55363192106404
25533,2.55373182439415
25534,2.55383172772426
25535,2.55393163105437
25536,2.55403153438448
25537,2.55413143771459
25538,2.5542313410447
25539,2.55433124437481
25540,2.55443114770492
25541,2.55453105103503
25542,2.55463095436515
25543,2.55473085769526
25544,2.55483076102537
25545,2.55493066435548
25546,2.55503056768559
25547,2.5551304710157
25548,2.55523037434581
25549,2.55533027767592
25550,2.55543018100603
25551,2.55553008433614
25552,2.55562998766626
25553,2.55572989099637
25554,2.55582979432648
25555,2.55592969765659
25556,2.5560296009867
25557,2.55612950431681
25558,2.55622940764692
25559,2.55632931097703
25560,2.55642921430714
25561,2.55652911763725
25562,2.55662902096737
25563,2.55672892429748
25564,2.55682882762759
25565,2.5569287309577
25566,2.55702863428781
25567,2.55712853761792
25568,2.55722844094803
25569,2.55732834427814
25570,2.55742824760825
25571,2.55752815093836
25572,2.55762805426848
25573,2.55772795759859
25574,2.5578278609287
25575,2.55792776425881
25576,2.55802766758892
25577,2.55812757091903
25578,2.55822747424914
25579,2.55832737757925
25580,2.55842728090936
25581,2.55852718423948
25582,2.55862708756959
25583,2.5587269908997
25584,2.55882689422981
25585,2.55892679755992
25586,2.55902670089003
25587,2.55912660422014
25588,2.55922650755025
25589,2.55932641088036
25590,2.55942631421047
25591,2.55952621754059
25592,2.5596261208707
25593,2.55972602420081
25594,2.55982592753092
25595,2.55992583086103
25596,2.56002573419114
25597,2.56012563752125
25598,2.56022554085136
25599,2.56032544418147
25600,2.56042534751158
25601,2.56052525084169
25602,2.56062515417181
25603,2.56072505750192
25604,2.56082496083203
25605,2.56092486416214
25606,2.56102476749225
25607,2.56112467082236
25608,2.56122457415247
25609,2.56132447748258
25610,2.56142438081269
25611,2.5615242841428
25612,2.56162418747292
25613,2.56172409080303
25614,2.56182399413314
25615,2.56192389746325
25616,2.56202380079336
25617,2.56212370412347
25618,2.56222360745358
25619,2.56232351078369
25620,2.5624234141138
25621,2.56252331744391
25622,2.56262322077403
25623,2.56272312410414
25624,2.56282302743425
25625,2.56292293076436
25626,2.56302283409447
25627,2.56312273742458
25628,2.56322264075469
25629,2.5633225440848
25630,2.56342244741491
25631,2.56352235074502
25632,2.56362225407514
25633,2.56372215740525
25634,2.56382206073536
25635,2.56392196406547
25636,2.56402186739558
25637,2.56412177072569
25638,2.5642216740558
25639,2.56432157738591
25640,2.56442148071602
25641,2.56452138404613
25642,2.56462128737625
25643,2.56472119070636
25644,2.56482109403647
25645,2.56492099736658
25646,2.56502090069669
25647,2.5651208040268
25648,2.56522070735691
25649,2.56532061068702
25650,2.56542051401713
25651,2.56552041734724
25652,2.56562032067736
25653,2.56572022400747
25654,2.56582012733758
25655,2.56592003066769
25656,2.5660199339978
25657,2.56611983732791
25658,2.56621974065802
25659,2.56631964398813
25660,2.56641954731824
25661,2.56651945064835
25662,2.56661935397847
25663,2.56671925730858
25664,2.56681916063869
25665,2.5669190639688
25666,2.56701896729891
25667,2.56711887062902
25668,2.56721877395913
25669,2.56731867728924
25670,2.56741858061935
25671,2.56751848394947
25672,2.56761838727958
25673,2.56771829060969
25674,2.5678181939398
25675,2.56791809726991
25676,2.56801800060002
25677,2.56811790393013
25678,2.56821780726024
25679,2.56831771059035
25680,2.56841761392046
25681,2.56851751725058
25682,2.56861742058069
25683,2.5687173239108
25684,2.56881722724091
25685,2.56891713057102
25686,2.56901703390113
25687,2.56911693723124
25688,2.56921684056135
25689,2.56931674389146
25690,2.56941664722157
25691,2.56951655055169
25692,2.5696164538818
25693,2.56971635721191
25694,2.56981626054202
25695,2.56991616387213
25696,2.57001606720224
25697,2.57011597053235
25698,2.57021587386246
25699,2.57031577719257
25700,2.57041568052268
25701,2.5705155838528
25702,2.57061548718291
25703,2.57071539051302
25704,2.57081529384313
25705,2.57091519717324
25706,2.57101510050335
25707,2.57111500383346
25708,2.57121490716357
25709,2.57131481049368
25710,2.57141471382379
25711,2.5715146171539
25712,2.57161452048402
25713,2.57171442381413
25714,2.57181432714424
25715,2.57191423047435
25716,2.57201413380446
25717,2.57211403713457
25718,2.57221394046468
25719,2.57231384379479
25720,2.5724137471249
25721,2.57251365045502
25722,2.57261355378513
25723,2.57271345711524
25724,2.57281336044535
25725,2.57291326377546
25726,2.57301316710557
25727,2.57311307043568
25728,2.57321297376579
25729,2.5733128770959
25730,2.57341278042601
25731,2.57351268375613
25732,2.57361258708624
25733,2.57371249041635
25734,2.57381239374646
25735,2.57391229707657
25736,2.57401220040668
25737,2.57411210373679
25738,2.5742120070669
25739,2.57431191039701
25740,2.57441181372712
25741,2.57451171705724
25742,2.57461162038735
25743,2.57471152371746
25744,2.57481142704757
25745,2.57491133037768
25746,2.57501123370779
25747,2.5751111370379
25748,2.57521104036801
25749,2.57531094369812
25750,2.57541084702823
25751,2.57551075035835
25752,2.57561065368846
25753,2.57571055701857
25754,2.57581046034868
25755,2.57591036367879
25756,2.5760102670089
25757,2.57611017033901
25758,2.57621007366912
25759,2.57630997699923
25760,2.57640988032934
25761,2.57650978365946
25762,2.57660968698957
25763,2.57670959031968
25764,2.57680949364979
25765,2.5769093969799
25766,2.57700930031001
25767,2.57710920364012
25768,2.57720910697023
25769,2.57730901030034
25770,2.57740891363045
25771,2.57750881696057
25772,2.57760872029068
25773,2.57770862362079
25774,2.5778085269509
25775,2.57790843028101
25776,2.57800833361112
25777,2.57810823694123
25778,2.57820814027134
25779,2.57830804360145
25780,2.57840794693156
25781,2.57850785026168
25782,2.57860775359179
25783,2.5787076569219
25784,2.57880756025201
25785,2.57890746358212
25786,2.57900736691223
25787,2.57910727024234
25788,2.57920717357245
25789,2.57930707690256
25790,2.57940698023267
25791,2.57950688356279
25792,2.5796067868929
25793,2.57970669022301
25794,2.57980659355312
25795,2.57990649688323
25796,2.58000640021334
25797,2.58010630354345
25798,2.58020620687356
25799,2.58030611020367
25800,2.58040601353378
25801,2.5805059168639
25802,2.58060582019401
25803,2.58070572352412
25804,2.58080562685423
25805,2.58090553018434
25806,2.58100543351445
25807,2.58110533684456
25808,2.58120524017467
25809,2.58130514350478
25810,2.58140504683489
25811,2.58150495016501
25812,2.58160485349512
25813,2.58170475682523
25814,2.58180466015534
25815,2.58190456348545
25816,2.58200446681556
25817,2.58210437014567
25818,2.58220427347578
25819,2.58230417680589
25820,2.582404080136
25821,2.58250398346612
25822,2.58260388679623
25823,2.58270379012634
25824,2.58280369345645
25825,2.58290359678656
25826,2.58300350011667
25827,2.58310340344678
25828,2.58320330677689
25829,2.583303210107
25830,2.58340311343711
25831,2.58350301676723
25832,2.58360292009734
25833,2.58370282342745
25834,2.58380272675756
25835,2.58390263008767
25836,2.58400253341778
25837,2.58410243674789
25838,2.584202340078
25839,2.58430224340811
25840,2.58440214673822
25841,2.58450205006834
25842,2.58460195339845
25843,2.58470185672856
25844,2.58480176005867
25845,2.58490166338878
25846,2.58500156671889
25847,2.585101470049
25848,2.58520137337911
25849,2.58530127670922
25850,2.58540118003934
25851,2.58550108336945
25852,2.58560098669956
25853,2.58570089002967
25854,2.58580079335978
25855,2.58590069668989
25856,2.58600060002
25857,2.58610050335011
25858,2.58620040668022
25859,2.58630031001033
25860,2.58640021334044
25861,2.58650011667056
25862,2.58660002000067
25863,2.58669992333078
25864,2.58679982666089
25865,2.586899729991
25866,2.58699963332111
25867,2.58709953665122
25868,2.58719943998133
25869,2.58729934331144
25870,2.58739924664155
25871,2.58749914997167
25872,2.58759905330178
25873,2.58769895663189
25874,2.587798859962
25875,2.58789876329211
25876,2.58799866662222
25877,2.58809856995233
25878,2.58819847328244
25879,2.58829837661255
25880,2.58839827994266
25881,2.58849818327278
25882,2.58859808660289
25883,2.588697989933
25884,2.58879789326311
25885,2.58889779659322
25886,2.58899769992333
25887,2.58909760325344
25888,2.58919750658355
25889,2.58929740991366
25890,2.58939731324377
25891,2.58949721657389
25892,2.589597119904
25893,2.58969702323411
25894,2.58979692656422
25895,2.58989682989433
25896,2.58999673322444
25897,2.59009663655455
25898,2.59019653988466
25899,2.59029644321477
25900,2.59039634654488
25901,2.590496249875
25902,2.59059615320511
25903,2.59069605653522
25904,2.59079595986533
25905,2.59089586319544
25906,2.59099576652555
25907,2.59109566985566
25908,2.59119557318577
25909,2.59129547651588
25910,2.59139537984599
25911,2.59149528317611
25912,2.59159518650622
25913,2.59169508983633
25914,2.59179499316644
25915,2.59189489649655
25916,2.59199479982666
25917,2.59209470315677
25918,2.59219460648688
25919,2.59229450981699
25920,2.59239441314711
25921,2.59249431647722
25922,2.59259421980733
25923,2.59269412313744
25924,2.59279402646755
25925,2.59289392979766
25926,2.59299383312777
25927,2.59309373645788
25928,2.59319363978799
25929,2.5932935431181
25930,2.59339344644822
25931,2.59349334977833
25932,2.59359325310844
25933,2.59369315643855
25934,2.59379305976866
25935,2.59389296309877
25936,2.59399286642888
25937,2.59409276975899
25938,2.5941926730891
25939,2.59429257641921
25940,2.59439247974933
25941,2.59449238307944
25942,2.59459228640955
25943,2.59469218973966
25944,2.59479209306977
25945,2.59489199639988
25946,2.59499189972999
25947,2.5950918030601
25948,2.59519170639021
25949,2.59529160972032
25950,2.59539151305044
25951,2.59549141638055
25952,2.59559131971066
25953,2.59569122304077
25954,2.59579112637088
25955,2.59589102970099
25956,2.5959909330311
25957,2.59609083636121
25958,2.59619073969132
25959,2.59629064302143
25960,2.59639054635155
25961,2.59649044968166
25962,2.59659035301177
25963,2.59669025634188
25964,2.59679015967199
25965,2.5968900630021
25966,2.59698996633221
25967,2.59708986966232
25968,2.59718977299243
25969,2.59728967632254
25970,2.59738957965266
25971,2.59748948298277
25972,2.59758938631288
25973,2.59768928964299
25974,2.5977891929731
25975,2.59788909630321
25976,2.59798899963332
25977,2.59808890296343
25978,2.59818880629354
25979,2.59828870962365
25980,2.59838861295376
25981,2.59848851628388
25982,2.59858841961399
25983,2.5986883229441
25984,2.59878822627421
25985,2.59888812960432
25986,2.59898803293443
25987,2.59908793626454
25988,2.59918783959465
25989,2.59928774292476
25990,2.59938764625488
25991,2.59948754958499
25992,2.5995874529151
25993,2.59968735624521
25994,2.59978725957532
25995,2.59988716290543
25996,2.59998706623554
25997,2.60008696956565
25998,2.60018687289576
25999,2.60028677622587
26000,2.60038667955599
26001,2.6004865828861
26002,2.60058648621621
26003,2.60068638954632
26004,2.60078629287643
26005,2.60088619620654
26006,2.60098609953665
26007,2.60108600286676
26008,2.60118590619687
26009,2.60128580952698
26010,2.6013857128571
26011,2.60148561618721
26012,2.60158551951732
26013,2.60168542284743
26014,2.60178532617754
26015,2.60188522950765
26016,2.60198513283776
26017,2.60208503616787
26018,2.60218493949798
26019,2.60228484282809
26020,2.60238474615821
26021,2.60248464948832
26022,2.60258455281843
26023,2.60268445614854
26024,2.60278435947865
26025,2.60288426280876
26026,2.60298416613887
26027,2.60308406946898
26028,2.60318397279909
26029,2.6032838761292
26030,2.60338377945932
26031,2.60348368278943
26032,2.60358358611954
26033,2.60368348944965
26034,2.60378339277976
26035,2.60388329610987
26036,2.60398319943998
26037,2.60408310277009
26038,2.6041830061002
26039,2.60428290943031
26040,2.60438281276043
26041,2.60448271609054
26042,2.60458261942065
26043,2.60468252275076
26044,2.60478242608087
26045,2.60488232941098
26046,2.60498223274109
26047,2.6050821360712
26048,2.60518203940131
26049,2.60528194273142
26050,2.60538184606154
26051,2.60548174939165
26052,2.60558165272176
26053,2.60568155605187
26054,2.60578145938198
26055,2.60588136271209
26056,2.6059812660422
26057,2.60608116937231
26058,2.60618107270242
26059,2.60628097603253
26060,2.60638087936265
26061,2.60648078269276
26062,2.60658068602287
26063,2.60668058935298
26064,2.60678049268309
26065,2.6068803960132
26066,2.60698029934331
26067,2.60708020267342
26068,2.60718010600353
26069,2.60728000933364
26070,2.60737991266376
26071,2.60747981599387
26072,2.60757971932398
26073,2.60767962265409
26074,2.6077795259842
26075,2.60787942931431
26076,2.60797933264442
26077,2.60807923597453
26078,2.60817913930464
26079,2.60827904263475
26080,2.60837894596487
26081,2.60847884929498
26082,2.60857875262509
26083,2.6086786559552
26084,2.60877855928531
26085,2.60887846261542
26086,2.60897836594553
26087,2.60907826927564
26088,2.60917817260575
26089,2.60927807593586
26090,2.60937797926598
26091,2.60947788259609
26092,2.6095777859262
26093,2.60967768925631
26094,2.60977759258642
26095,2.60987749591653
26096,2.60997739924664
26097,2.61007730257675
26098,2.61017720590686
26099,2.61027710923697
26100,2.61037701256709
26101,2.6104769158972
26102,2.61057681922731
26103,2.61067672255742
26104,2.61077662588753
26105,2.61087652921764
26106,2.61097643254775
26107,2.61107633587786
26108,2.61117623920797
26109,2.61127614253809
26110,2.6113760458682
26111,2.61147594919831
26112,2.61157585252842
26113,2.61167575585853
26114,2.61177565918864
26115,2.61187556251875
26116,2.61197546584886
26117,2.61207536917897
26118,2.61217527250908
26119,2.6122751758392
26120,2.61237507916931
26121,2.61247498249942
26122,2.61257488582953
26123,2.61267478915964
26124,2.61277469248975
26125,2.61287459581986
26126,2.61297449914997
26127,2.61307440248008
26128,2.61317430581019
26129,2.6132742091403
26130,2.61337411247042
26131,2.61347401580053
26132,2.61357391913064
26133,2.61367382246075
26134,2.61377372579086
26135,2.61387362912097
26136,2.61397353245108
26137,2.61407343578119
26138,2.6141733391113
26139,2.61427324244141
26140,2.61437314577153
26141,2.61447304910164
26142,2.61457295243175
26143,2.61467285576186
26144,2.61477275909197
26145,2.61487266242208
26146,2.61497256575219
26147,2.6150724690823
26148,2.61517237241241
26149,2.61527227574252
26150,2.61537217907264
26151,2.61547208240275
26152,2.61557198573286
26153,2.61567188906297
26154,2.61577179239308
26155,2.61587169572319
26156,2.6159715990533
26157,2.61607150238341
26158,2.61617140571352
26159,2.61627130904364
26160,2.61637121237375
26161,2.61647111570386
26162,2.61657101903397
26163,2.61667092236408
26164,2.61677082569419
26165,2.6168707290243
26166,2.61697063235441
26167,2.61707053568452
26168,2.61717043901463
26169,2.61727034234475
26170,2.61737024567486
26171,2.61747014900497
26172,2.61757005233508
26173,2.61766995566519
26174,2.6177698589953
26175,2.61786976232541
26176,2.61796966565552
26177,2.61806956898563
26178,2.61816947231574
26179,2.61826937564586
26180,2.61836927897597
26181,2.61846918230608
26182,2.61856908563619
26183,2.6186689889663
26184,2.61876889229641
26185,2.61886879562652
26186,2.61896869895663
26187,2.61906860228674
26188,2.61916850561685
26189,2.61926840894696
26190,2.61936831227708
26191,2.61946821560719
26192,2.6195681189373
26193,2.61966802226741
26194,2.61976792559752
26195,2.61986782892763
26196,2.61996773225774
26197,2.62006763558785
26198,2.62016753891796
26199,2.62026744224807
26200,2.62036734557819
26201,2.6204672489083
26202,2.62056715223841
26203,2.62066705556852
26204,2.62076695889863
26205,2.62086686222874
26206,2.62096676555885
26207,2.62106666888896
26208,2.62116657221907
26209,2.62126647554918
26210,2.6213663788793
26211,2.62146628220941
26212,2.62156618553952
26213,2.62166608886963
26214,2.62176599219974
26215,2.62186589552985
26216,2.62196579885996
26217,2.62206570219007
26218,2.62216560552018
26219,2.62226550885029
26220,2.62236541218041
26221,2.62246531551052
26222,2.62256521884063
26223,2.62266512217074
26224,2.62276502550085
26225,2.62286492883096
26226,2.62296483216107
26227,2.62306473549118
26228,2.62316463882129
26229,2.62326454215141
26230,2.62336444548152
26231,2.62346434881163
26232,2.62356425214174
26233,2.62366415547185
26234,2.62376405880196
26235,2.62386396213207
26236,2.62396386546218
26237,2.62406376879229
26238,2.6241636721224
26239,2.62426357545251
26240,2.62436347878263
26241,2.62446338211274
26242,2.62456328544285
26243,2.62466318877296
26244,2.62476309210307
26245,2.62486299543318
26246,2.62496289876329
26247,2.6250628020934
26248,2.62516270542351
26249,2.62526260875363
26250,2.62536251208374
26251,2.62546241541385
26252,2.62556231874396
26253,2.62566222207407
26254,2.62576212540418
26255,2.62586202873429
26256,2.6259619320644
26257,2.62606183539451
26258,2.62616173872462
26259,2.62626164205474
26260,2.62636154538485
26261,2.62646144871496
26262,2.62656135204507
26263,2.62666125537518
26264,2.62676115870529
26265,2.6268610620354
26266,2.62696096536551
26267,2.62706086869562
26268,2.62716077202573
26269,2.62726067535585
26270,2.62736057868596
26271,2.62746048201607
26272,2.62756038534618
26273,2.62766028867629
26274,2.6277601920064
26275,2.62786009533651
26276,2.62795999866662
26277,2.62805990199673
26278,2.62815980532684
26279,2.62825970865696
26280,2.62835961198707
26281,2.62845951531718
26282,2.62855941864729
26283,2.6286593219774
26284,2.62875922530751
26285,2.62885912863762
26286,2.62895903196773
26287,2.62905893529784
26288,2.62915883862795
26289,2.62925874195807
26290,2.62935864528818
26291,2.62945854861829
26292,2.6295584519484
26293,2.62965835527851
26294,2.62975825860862
26295,2.62985816193873
26296,2.62995806526884
26297,2.63005796859895
26298,2.63015787192906
26299,2.63025777525918
26300,2.63035767858929
26301,2.6304575819194
26302,2.63055748524951
26303,2.63065738857962
26304,2.63075729190973
26305,2.63085719523984
26306,2.63095709856995
26307,2.63105700190006
26308,2.63115690523017
26309,2.63125680856029
26310,2.6313567118904
26311,2.63145661522051
26312,2.63155651855062
26313,2.63165642188073
26314,2.63175632521084
26315,2.63185622854095
26316,2.63195613187106
26317,2.63205603520117
26318,2.63215593853128
26319,2.6322558418614
26320,2.63235574519151
26321,2.63245564852162
26322,2.63255555185173
26323,2.63265545518184
26324,2.63275535851195
26325,2.63285526184206
26326,2.63295516517217
26327,2.63305506850228
26328,2.63315497183239
26329,2.63325487516251
26330,2.63335477849262
26331,2.63345468182273
26332,2.63355458515284
26333,2.63365448848295
26334,2.63375439181306
26335,2.63385429514317
26336,2.63395419847328
26337,2.63405410180339
26338,2.6341540051335
26339,2.63425390846362
26340,2.63435381179373
26341,2.63445371512384
26342,2.63455361845395
26343,2.63465352178406
26344,2.63475342511417
26345,2.63485332844428
26346,2.63495323177439
26347,2.6350531351045
26348,2.63515303843461
26349,2.63525294176473
26350,2.63535284509484
26351,2.63545274842495
26352,2.63555265175506
26353,2.63565255508517
26354,2.63575245841528
26355,2.63585236174539
26356,2.6359522650755
26357,2.63605216840561
26358,2.63615207173572
26359,2.63625197506584
26360,2.63635187839595
26361,2.63645178172606
26362,2.63655168505617
26363,2.63665158838628
26364,2.63675149171639
26365,2.6368513950465
26366,2.63695129837661
26367,2.63705120170672
26368,2.63715110503683
26369,2.63725100836695
26370,2.63735091169706
26371,2.63745081502717
26372,2.63755071835728
26373,2.63765062168739
26374,2.6377505250175
26375,2.63785042834761
26376,2.63795033167772
26377,2.63805023500783
26378,2.63815013833794
26379,2.63825004166806
26380,2.63834994499817
26381,2.63844984832828
26382,2.63854975165839
26383,2.6386496549885
26384,2.63874955831861
26385,2.63884946164872
26386,2.63894936497883
26387,2.63904926830894
26388,2.63914917163905
26389,2.63924907496917
26390,2.63934897829928
26391,2.63944888162939
26392,2.6395487849595
26393,2.63964868828961
26394,2.63974859161972
26395,2.63984849494983
26396,2.63994839827994
26397,2.64004830161005
26398,2.64014820494016
26399,2.64024810827028
26400,2.64034801160039
26401,2.6404479149305
26402,2.64054781826061
26403,2.64064772159072
26404,2.64074762492083
26405,2.64084752825094
26406,2.64094743158105
26407,2.64104733491116
26408,2.64114723824127
26409,2.64124714157139
26410,2.6413470449015
26411,2.64144694823161
26412,2.64154685156172
26413,2.64164675489183
26414,2.64174665822194
26415,2.64184656155205
26416,2.64194646488216
26417,2.64204636821227
26418,2.64214627154238
26419,2.6422461748725
26420,2.64234607820261
26421,2.64244598153272
26422,2.64254588486283
26423,2.64264578819294
26424,2.64274569152305
26425,2.64284559485316
26426,2.64294549818327
26427,2.64304540151338
26428,2.64314530484349
26429,2.64324520817361
26430,2.64334511150372
26431,2.64344501483383
26432,2.64354491816394
26433,2.64364482149405
26434,2.64374472482416
26435,2.64384462815427
26436,2.64394453148438
26437,2.64404443481449
26438,2.64414433814461
26439,2.64424424147472
26440,2.64434414480483
26441,2.64444404813494
26442,2.64454395146505
26443,2.64464385479516
26444,2.64474375812527
26445,2.64484366145538
26446,2.64494356478549
26447,2.6450434681156
26448,2.64514337144571
26449,2.64524327477583
26450,2.64534317810594
26451,2.64544308143605
26452,2.64554298476616
26453,2.64564288809627
26454,2.64574279142638
26455,2.64584269475649
26456,2.6459425980866
26457,2.64604250141671
26458,2.64614240474682
26459,2.64624230807694
26460,2.64634221140705
26461,2.64644211473716
26462,2.64654201806727
26463,2.64664192139738
26464,2.64674182472749
26465,2.6468417280576
26466,2.64694163138771
26467,2.64704153471782
26468,2.64714143804794
26469,2.64724134137805
26470,2.64734124470816
26471,2.64744114803827
26472,2.64754105136838
26473,2.64764095469849
26474,2.6477408580286
26475,2.64784076135871
26476,2.64794066468882
26477,2.64804056801893
26478,2.64814047134905
26479,2.64824037467916
26480,2.64834027800927
26481,2.64844018133938
26482,2.64854008466949
26483,2.6486399879996
26484,2.64873989132971
26485,2.64883979465982
26486,2.64893969798993
26487,2.64903960132004
26488,2.64913950465016
26489,2.64923940798027
26490,2.64933931131038
26491,2.64943921464049
26492,2.6495391179706
26493,2.64963902130071
26494,2.64973892463082
26495,2.64983882796093
26496,2.64993873129104
26497,2.65003863462115
26498,2.65013853795127
26499,2.65023844128138
26500,2.65033834461149
26501,2.6504382479416
26502,2.65053815127171
26503,2.65063805460182
26504,2.65073795793193
26505,2.65083786126204
26506,2.65093776459215
26507,2.65103766792226
26508,2.65113757125238
26509,2.65123747458249
26510,2.6513373779126
26511,2.65143728124271
26512,2.65153718457282
26513,2.65163708790293
26514,2.65173699123304
26515,2.65183689456315
26516,2.65193679789326
26517,2.65203670122337
26518,2.65213660455349
26519,2.6522365078836
26520,2.65233641121371
26521,2.65243631454382
26522,2.65253621787393
26523,2.65263612120404
26524,2.65273602453415
26525,2.65283592786426
26526,2.65293583119437
26527,2.65303573452448
26528,2.6531356378546
26529,2.65323554118471
26530,2.65333544451482
26531,2.65343534784493
26532,2.65353525117504
26533,2.65363515450515
26534,2.65373505783526
26535,2.65383496116537
26536,2.65393486449548
26537,2.65403476782559
26538,2.65413467115571
26539,2.65423457448582
26540,2.65433447781593
26541,2.65443438114604
26542,2.65453428447615
26543,2.65463418780626
26544,2.65473409113637
26545,2.65483399446648
26546,2.65493389779659
26547,2.6550338011267
26548,2.65513370445682
26549,2.65523360778693
26550,2.65533351111704
26551,2.65543341444715
26552,2.65553331777726
26553,2.65563322110737
26554,2.65573312443748
26555,2.65583302776759
26556,2.6559329310977
26557,2.65603283442781
26558,2.65613273775793
26559,2.65623264108804
26560,2.65633254441815
26561,2.65643244774826
26562,2.65653235107837
26563,2.65663225440848
26564,2.65673215773859
26565,2.6568320610687
26566,2.65693196439881
26567,2.65703186772892
26568,2.65713177105904
26569,2.65723167438915
26570,2.65733157771926
26571,2.65743148104937
26572,2.65753138437948
26573,2.65763128770959
26574,2.6577311910397
26575,2.65783109436981
26576,2.65793099769992
26577,2.65803090103003
26578,2.65813080436015
26579,2.65823070769026
26580,2.65833061102037
26581,2.65843051435048
26582,2.65853041768059
26583,2.6586303210107
26584,2.65873022434081
26585,2.65883012767092
26586,2.65893003100103
26587,2.65902993433114
26588,2.65912983766126
26589,2.65922974099137
26590,2.65932964432148
26591,2.65942954765159
26592,2.6595294509817
26593,2.65962935431181
26594,2.65972925764192
26595,2.65982916097203
26596,2.65992906430214
26597,2.66002896763225
26598,2.66012887096237
26599,2.66022877429248
26600,2.66032867762259
26601,2.6604285809527
26602,2.66052848428281
26603,2.66062838761292
26604,2.66072829094303
26605,2.66082819427314
26606,2.66092809760325
26607,2.66102800093336
26608,2.66112790426348
26609,2.66122780759359
26610,2.6613277109237
26611,2.66142761425381
26612,2.66152751758392
26613,2.66162742091403
26614,2.66172732424414
26615,2.66182722757425
26616,2.66192713090436
26617,2.66202703423447
26618,2.66212693756459
26619,2.6622268408947
26620,2.66232674422481
26621,2.66242664755492
26622,2.66252655088503
26623,2.66262645421514
26624,2.66272635754525
26625,2.66282626087536
26626,2.66292616420547
26627,2.66302606753558
26628,2.6631259708657
26629,2.66322587419581
26630,2.66332577752592
26631,2.66342568085603
26632,2.66352558418614
26633,2.66362548751625
26634,2.66372539084636
26635,2.66382529417647
26636,2.66392519750658
26637,2.6640251008367
26638,2.66412500416681
26639,2.66422490749692
26640,2.66432481082703
26641,2.66442471415714
26642,2.66452461748725
26643,2.66462452081736
26644,2.66472442414747
26645,2.66482432747758
26646,2.66492423080769
26647,2.66502413413781
26648,2.66512403746792
26649,2.66522394079803
26650,2.66532384412814
26651,2.66542374745825
26652,2.66552365078836
26653,2.66562355411847
26654,2.66572345744858
26655,2.66582336077869
26656,2.6659232641088
26657,2.66602316743891
26658,2.66612307076903
26659,2.66622297409914
26660,2.66632287742925
26661,2.66642278075936
26662,2.66652268408947
26663,2.66662258741958
26664,2.66672249074969
26665,2.6668223940798
26666,2.66692229740991
26667,2.66702220074002
26668,2.66712210407014
26669,2.66722200740025
26670,2.66732191073036
26671,2.66742181406047
26672,2.66752171739058
26673,2.66762162072069
26674,2.6677215240508
26675,2.66782142738091
26676,2.66792133071102
26677,2.66802123404113
26678,2.66812113737125
26679,2.66822104070136
26680,2.66832094403147
26681,2.66842084736158
26682,2.66852075069169
26683,2.6686206540218
26684,2.66872055735191
26685,2.66882046068202
26686,2.66892036401213
26687,2.66902026734224
26688,2.66912017067236
26689,2.66922007400247
26690,2.66931997733258
26691,2.66941988066269
26692,2.6695197839928
26693,2.66961968732291
26694,2.66971959065302
26695,2.66981949398313
26696,2.66991939731324
26697,2.67001930064336
26698,2.67011920397347
26699,2.67021910730358
26700,2.67031901063369
26701,2.6704189139638
26702,2.67051881729391
26703,2.67061872062402
26704,2.67071862395413
26705,2.67081852728424
26706,2.67091843061435
26707,2.67101833394447
26708,2.67111823727458
26709,2.67121814060469
26710,2.6713180439348
26711,2.67141794726491
26712,2.67151785059502
26713,2.67161775392513
26714,2.67171765725524
26715,2.67181756058535
26716,2.67191746391546
26717,2.67201736724558
26718,2.67211727057569
26719,2.6722171739058
26720,2.67231707723591
26721,2.67241698056602
26722,2.67251688389613
26723,2.67261678722624
26724,2.67271669055635
26725,2.67281659388646
26726,2.67291649721657
26727,2.67301640054669
26728,2.6731163038768
26729,2.67321620720691
26730,2.67331611053702
26731,2.67341601386713
26732,2.67351591719724
26733,2.67361582052735
26734,2.67371572385746
26735,2.67381562718757
26736,2.67391553051768
26737,2.6740154338478
26738,2.67411533717791
26739,2.67421524050802
26740,2.67431514383813
26741,2.67441504716824
26742,2.67451495049835
26743,2.67461485382846
26744,2.67471475715857
26745,2.67481466048868
26746,2.67491456381879
26747,2.67501446714891
26748,2.67511437047902
26749,2.67521427380913
26750,2.67531417713924
26751,2.67541408046935
26752,2.67551398379946
26753,2.67561388712957
26754,2.67571379045968
26755,2.67581369378979
26756,2.6759135971199
26757,2.67601350045002
26758,2.67611340378013
26759,2.67621330711024
26760,2.67631321044035
26761,2.67641311377046
26762,2.67651301710057
26763,2.67661292043068
26764,2.67671282376079
26765,2.6768127270909
26766,2.67691263042101
26767,2.67701253375113
26768,2.67711243708124
26769,2.67721234041135
26770,2.67731224374146
26771,2.67741214707157
26772,2.67751205040168
26773,2.67761195373179
26774,2.6777118570619
26775,2.67781176039201
26776,2.67791166372212
26777,2.67801156705224
26778,2.67811147038235
26779,2.67821137371246
26780,2.67831127704257
26781,2.67841118037268
26782,2.67851108370279
26783,2.6786109870329
26784,2.67871089036301
26785,2.67881079369312
26786,2.67891069702323
26787,2.67901060035335
26788,2.67911050368346
26789,2.67921040701357
26790,2.67931031034368
26791,2.67941021367379
26792,2.6795101170039
26793,2.67961002033401
26794,2.67970992366412
26795,2.67980982699423
26796,2.67990973032434
26797,2.68000963365446
26798,2.68010953698457
26799,2.68020944031468
26800,2.68030934364479
26801,2.6804092469749
26802,2.68050915030501
26803,2.68060905363512
26804,2.68070895696523
26805,2.68080886029534
26806,2.68090876362545
26807,2.68100866695557
26808,2.68110857028568
26809,2.68120847361579
26810,2.6813083769459
26811,2.68140828027601
26812,2.68150818360612
26813,2.68160808693623
26814,2.68170799026634
26815,2.68180789359645
26816,2.68190779692656
26817,2.68200770025668
26818,2.68210760358679
26819,2.6822075069169
26820,2.68230741024701
26821,2.68240731357712
26822,2.68250721690723
26823,2.68260712023734
26824,2.68270702356745
26825,2.68280692689756
26826,2.68290683022767
26827,2.68300673355778
26828,2.6831066368879
26829,2.68320654021801
26830,2.68330644354812
26831,2.68340634687823
26832,2.68350625020834
26833,2.68360615353845
26834,2.68370605686856
26835,2.68380596019867
26836,2.68390586352878
26837,2.6840057668589
26838,2.68410567018901
26839,2.68420557351912
26840,2.68430547684923
26841,2.68440538017934
26842,2.68450528350945
26843,2.68460518683956
26844,2.68470509016967
26845,2.68480499349978
26846,2.68490489682989
26847,2.68500480016001
26848,2.68510470349012
26849,2.68520460682023
26850,2.68530451015034
26851,2.68540441348045
26852,2.68550431681056
26853,2.68560422014067
26854,2.68570412347078
26855,2.68580402680089
26856,2.685903930131
26857,2.68600383346112
26858,2.68610373679123
26859,2.68620364012134
26860,2.68630354345145
26861,2.68640344678156
26862,2.68650335011167
26863,2.68660325344178
26864,2.68670315677189
26865,2.686803060102
26866,2.68690296343211
26867,2.68700286676223
26868,2.68710277009234
26869,2.68720267342245
26870,2.68730257675256
26871,2.68740248008267
26872,2.68750238341278
26873,2.68760228674289
26874,2.687702190073
26875,2.68780209340311
26876,2.68790199673322
26877,2.68800190006334
26878,2.68810180339345
26879,2.68820170672356
26880,2.68830161005367
26881,2.68840151338378
26882,2.68850141671389
26883,2.688601320044
26884,2.68870122337411
26885,2.68880112670422
26886,2.68890103003433
26887,2.68900093336445
26888,2.68910083669456
26889,2.68920074002467
26890,2.68930064335478
26891,2.68940054668489
26892,2.689500450015
26893,2.68960035334511
26894,2.68970025667522
26895,2.68980016000533
26896,2.68990006333544
26897,2.68999996666556
26898,2.69009986999567
26899,2.69019977332578
26900,2.69029967665589
26901,2.690399579986
26902,2.69049948331611
26903,2.69059938664622
26904,2.69069928997633
26905,2.69079919330644
26906,2.69089909663655
26907,2.69099899996667
26908,2.69109890329678
26909,2.69119880662689
26910,2.691298709957
26911,2.69139861328711
26912,2.69149851661722
26913,2.69159841994733
26914,2.69169832327744
26915,2.69179822660755
26916,2.69189812993766
26917,2.69199803326778
26918,2.69209793659789
26919,2.692197839928
26920,2.69229774325811
26921,2.69239764658822
26922,2.69249754991833
26923,2.69259745324844
26924,2.69269735657855
26925,2.69279725990866
26926,2.69289716323877
26927,2.69299706656889
26928,2.693096969899
26929,2.69319687322911
26930,2.69329677655922
26931,2.69339667988933
26932,2.69349658321944
26933,2.69359648654955
26934,2.69369638987966
26935,2.69379629320977
26936,2.69389619653988
26937,2.69399609987
26938,2.69409600320011
26939,2.69419590653022
26940,2.69429580986033
26941,2.69439571319044
26942,2.69449561652055
26943,2.69459551985066
26944,2.69469542318077
26945,2.69479532651088
26946,2.69489522984099
26947,2.69499513317111
26948,2.69509503650122
26949,2.69519493983133
26950,2.69529484316144
26951,2.69539474649155
26952,2.69549464982166
26953,2.69559455315177
26954,2.69569445648188
26955,2.69579435981199
26956,2.69589426314211
26957,2.69599416647222
26958,2.69609406980233
26959,2.69619397313244
26960,2.69629387646255
26961,2.69639377979266
26962,2.69649368312277
26963,2.69659358645288
26964,2.69669348978299
26965,2.6967933931131
26966,2.69689329644322
26967,2.69699319977333
26968,2.69709310310344
26969,2.69719300643355
26970,2.69729290976366
26971,2.69739281309377
26972,2.69749271642388
26973,2.69759261975399
26974,2.6976925230841
26975,2.69779242641421
26976,2.69789232974432
26977,2.69799223307444
26978,2.69809213640455
26979,2.69819203973466
26980,2.69829194306477
26981,2.69839184639488
26982,2.69849174972499
26983,2.6985916530551
26984,2.69869155638521
26985,2.69879145971532
26986,2.69889136304543
26987,2.69899126637555
26988,2.69909116970566
26989,2.69919107303577
26990,2.69929097636588
26991,2.69939087969599
26992,2.6994907830261
26993,2.69959068635621
26994,2.69969058968632
26995,2.69979049301643
26996,2.69989039634654
26997,2.69999029967666
26998,2.70009020300677
26999,2.70019010633688
27000,2.70029000966699
27001,2.7003899129971
27002,2.70048981632721
27003,2.70058971965732
27004,2.70068962298743
27005,2.70078952631754
27006,2.70088942964765
27007,2.70098933297777
27008,2.70108923630788
27009,2.70118913963799
27010,2.7012890429681
27011,2.70138894629821
27012,2.70148884962832
27013,2.70158875295843
27014,2.70168865628854
27015,2.70178855961865
27016,2.70188846294876
27017,2.70198836627888
27018,2.70208826960899
27019,2.7021881729391
27020,2.70228807626921
27021,2.70238797959932
27022,2.70248788292943
27023,2.70258778625954
27024,2.70268768958965
27025,2.70278759291976
27026,2.70288749624988
27027,2.70298739957999
27028,2.7030873029101
27029,2.70318720624021
27030,2.70328710957032
27031,2.70338701290043
27032,2.70348691623054
27033,2.70358681956065
27034,2.70368672289076
27035,2.70378662622087
27036,2.70388652955099
27037,2.7039864328811
27038,2.70408633621121
27039,2.70418623954132
27040,2.70428614287143
27041,2.70438604620154
27042,2.70448594953165
27043,2.70458585286176
27044,2.70468575619187
27045,2.70478565952198
27046,2.7048855628521
27047,2.70498546618221
27048,2.70508536951232
27049,2.70518527284243
27050,2.70528517617254
27051,2.70538507950265
27052,2.70548498283276
27053,2.70558488616287
27054,2.70568478949298
27055,2.70578469282309
27056,2.70588459615321
27057,2.70598449948332
27058,2.70608440281343
27059,2.70618430614354
27060,2.70628420947365
27061,2.70638411280376
27062,2.70648401613387
27063,2.70658391946398
27064,2.70668382279409
27065,2.7067837261242
27066,2.70688362945432
27067,2.70698353278443
27068,2.70708343611454
27069,2.70718333944465
27070,2.70728324277476
27071,2.70738314610487
27072,2.70748304943498
27073,2.70758295276509
27074,2.7076828560952
27075,2.70778275942531
27076,2.70788266275543
27077,2.70798256608554
27078,2.70808246941565
27079,2.70818237274576
27080,2.70828227607587
27081,2.70838217940598
27082,2.70848208273609
27083,2.7085819860662
27084,2.70868188939631
27085,2.70878179272642
27086,2.70888169605654
27087,2.70898159938665
27088,2.70908150271676
27089,2.70918140604687
27090,2.70928130937698
27091,2.70938121270709
27092,2.7094811160372
27093,2.70958101936731
27094,2.70968092269742
27095,2.70978082602753
27096,2.70988072935765
27097,2.70998063268776
27098,2.71008053601787
27099,2.71018043934798
27100,2.71028034267809
27101,2.7103802460082
27102,2.71048014933831
27103,2.71058005266842
27104,2.71067995599853
27105,2.71077985932864
27106,2.71087976265876
27107,2.71097966598887
27108,2.71107956931898
27109,2.71117947264909
27110,2.7112793759792
27111,2.71137927930931
27112,2.71147918263942
27113,2.71157908596953
27114,2.71167898929964
27115,2.71177889262975
27116,2.71187879595987
27117,2.71197869928998
27118,2.71207860262009
27119,2.7121785059502
27120,2.71227840928031
27121,2.71237831261042
27122,2.71247821594053
27123,2.71257811927064
27124,2.71267802260075
27125,2.71277792593086
27126,2.71287782926098
27127,2.71297773259109
27128,2.7130776359212
27129,2.71317753925131
27130,2.71327744258142
27131,2.71337734591153
27132,2.71347724924164
27133,2.71357715257175
27134,2.71367705590186
27135,2.71377695923197
27136,2.71387686256209
27137,2.7139767658922
27138,2.71407666922231
27139,2.71417657255242
27140,2.71427647588253
27141,2.71437637921264
27142,2.71447628254275
27143,2.71457618587286
27144,2.71467608920297
27145,2.71477599253308
27146,2.7148758958632
27147,2.71497579919331
27148,2.71507570252342
27149,2.71517560585353
27150,2.71527550918364
27151,2.71537541251375
27152,2.71547531584386
27153,2.71557521917397
27154,2.71567512250408
27155,2.71577502583419
27156,2.71587492916431
27157,2.71597483249442
27158,2.71607473582453
27159,2.71617463915464
27160,2.71627454248475
27161,2.71637444581486
27162,2.71647434914497
27163,2.71657425247508
27164,2.71667415580519
27165,2.7167740591353
27166,2.71687396246542
27167,2.71697386579553
27168,2.71707376912564
27169,2.71717367245575
27170,2.71727357578586
27171,2.71737347911597
27172,2.71747338244608
27173,2.71757328577619
27174,2.7176731891063
27175,2.71777309243641
27176,2.71787299576653
27177,2.71797289909664
27178,2.71807280242675
27179,2.71817270575686
27180,2.71827260908697
27181,2.71837251241708
27182,2.71847241574719
27183,2.7185723190773
27184,2.71867222240741
27185,2.71877212573752
27186,2.71887202906764
27187,2.71897193239775
27188,2.71907183572786
27189,2.71917173905797
27190,2.71927164238808
27191,2.71937154571819
27192,2.7194714490483
27193,2.71957135237841
27194,2.71967125570852
27195,2.71977115903863
27196,2.71987106236875
27197,2.71997096569886
27198,2.72007086902897
27199,2.72017077235908
27200,2.72027067568919
27201,2.7203705790193
27202,2.72047048234941
27203,2.72057038567952
27204,2.72067028900963
27205,2.72077019233974
27206,2.72087009566986
27207,2.72096999899997
27208,2.72106990233008
27209,2.72116980566019
27210,2.7212697089903
27211,2.72136961232041
27212,2.72146951565052
27213,2.72156941898063
27214,2.72166932231074
27215,2.72176922564085
27216,2.72186912897097
27217,2.72196903230108
27218,2.72206893563119
27219,2.7221688389613
27220,2.72226874229141
27221,2.72236864562152
27222,2.72246854895163
27223,2.72256845228174
27224,2.72266835561185
27225,2.72276825894197
27226,2.72286816227208
27227,2.72296806560219
27228,2.7230679689323
27229,2.72316787226241
27230,2.72326777559252
27231,2.72336767892263
27232,2.72346758225274
27233,2.72356748558285
27234,2.72366738891296
27235,2.72376729224308
27236,2.72386719557319
27237,2.7239670989033
27238,2.72406700223341
27239,2.72416690556352
27240,2.72426680889363
27241,2.72436671222374
27242,2.72446661555385
27243,2.72456651888396
27244,2.72466642221407
27245,2.72476632554418
27246,2.7248662288743
27247,2.72496613220441
27248,2.72506603553452
27249,2.72516593886463
27250,2.72526584219474
27251,2.72536574552485
27252,2.72546564885496
27253,2.72556555218507
27254,2.72566545551518
27255,2.7257653588453
27256,2.72586526217541
27257,2.72596516550552
27258,2.72606506883563
27259,2.72616497216574
27260,2.72626487549585
27261,2.72636477882596
27262,2.72646468215607
27263,2.72656458548618
27264,2.72666448881629
27265,2.72676439214641
27266,2.72686429547652
27267,2.72696419880663
27268,2.72706410213674
27269,2.72716400546685
27270,2.72726390879696
27271,2.72736381212707
27272,2.72746371545718
27273,2.72756361878729
27274,2.7276635221174
27275,2.72776342544752
27276,2.72786332877763
27277,2.72796323210774
27278,2.72806313543785
27279,2.72816303876796
27280,2.72826294209807
27281,2.72836284542818
27282,2.72846274875829
27283,2.7285626520884
27284,2.72866255541851
27285,2.72876245874863
27286,2.72886236207874
27287,2.72896226540885
27288,2.72906216873896
27289,2.72916207206907
27290,2.72926197539918
27291,2.72936187872929
27292,2.7294617820594
27293,2.72956168538951
27294,2.72966158871962
27295,2.72976149204974
27296,2.72986139537985
27297,2.72996129870996
27298,2.73006120204007
27299,2.73016110537018
27300,2.73026100870029
27301,2.7303609120304
27302,2.73046081536051
27303,2.73056071869062
27304,2.73066062202073
27305,2.73076052535085
27306,2.73086042868096
27307,2.73096033201107
27308,2.73106023534118
27309,2.73116013867129
27310,2.7312600420014
27311,2.73135994533151
27312,2.73145984866162
27313,2.73155975199173
27314,2.73165965532184
27315,2.73175955865196
27316,2.73185946198207
27317,2.73195936531218
27318,2.73205926864229
27319,2.7321591719724
27320,2.73225907530251
27321,2.73235897863262
27322,2.73245888196273
27323,2.73255878529284
27324,2.73265868862295
27325,2.73275859195307
27326,2.73285849528318
27327,2.73295839861329
27328,2.7330583019434
27329,2.73315820527351
27330,2.73325810860362
27331,2.73335801193373
27332,2.73345791526384
27333,2.73355781859395
27334,2.73365772192406
27335,2.73375762525418
27336,2.73385752858429
27337,2.7339574319144
27338,2.73405733524451
27339,2.73415723857462
27340,2.73425714190473
27341,2.73435704523484
27342,2.73445694856495
27343,2.73455685189506
27344,2.73465675522517
27345,2.73475665855529
27346,2.7348565618854
27347,2.73495646521551
27348,2.73505636854562
27349,2.73515627187573
27350,2.73525617520584
27351,2.73535607853595
27352,2.73545598186606
27353,2.73555588519617
27354,2.73565578852628
27355,2.7357556918564
27356,2.73585559518651
27357,2.73595549851662
27358,2.73605540184673
27359,2.73615530517684
27360,2.73625520850695
27361,2.73635511183706
27362,2.73645501516717
27363,2.73655491849728
27364,2.73665482182739
27365,2.73675472515751
27366,2.73685462848762
27367,2.73695453181773
27368,2.73705443514784
27369,2.73715433847795
27370,2.73725424180806
27371,2.73735414513817
27372,2.73745404846828
27373,2.73755395179839
27374,2.7376538551285
27375,2.73775375845862
27376,2.73785366178873
27377,2.73795356511884
27378,2.73805346844895
27379,2.73815337177906
27380,2.73825327510917
27381,2.73835317843928
27382,2.73845308176939
27383,2.7385529850995
27384,2.73865288842961
27385,2.73875279175973
27386,2.73885269508984
27387,2.73895259841995
27388,2.73905250175006
27389,2.73915240508017
27390,2.73925230841028
27391,2.73935221174039
27392,2.7394521150705
27393,2.73955201840061
27394,2.73965192173072
27395,2.73975182506084
27396,2.73985172839095
27397,2.73995163172106
27398,2.74005153505117
27399,2.74015143838128
27400,2.74025134171139
27401,2.7403512450415
27402,2.74045114837161
27403,2.74055105170172
27404,2.74065095503183
27405,2.74075085836195
27406,2.74085076169206
27407,2.74095066502217
27408,2.74105056835228
27409,2.74115047168239
27410,2.7412503750125
27411,2.74135027834261
27412,2.74145018167272
27413,2.74155008500283
27414,2.74164998833294
27415,2.74174989166306
27416,2.74184979499317
27417,2.74194969832328
27418,2.74204960165339
27419,2.7421495049835
27420,2.74224940831361
27421,2.74234931164372
27422,2.74244921497383
27423,2.74254911830394
27424,2.74264902163405
27425,2.74274892496417
27426,2.74284882829428
27427,2.74294873162439
27428,2.7430486349545
27429,2.74314853828461
27430,2.74324844161472
27431,2.74334834494483
27432,2.74344824827494
27433,2.74354815160505
27434,2.74364805493516
27435,2.74374795826528
27436,2.74384786159539
27437,2.7439477649255
27438,2.74404766825561
27439,2.74414757158572
27440,2.74424747491583
27441,2.74434737824594
27442,2.74444728157605
27443,2.74454718490616
27444,2.74464708823627
27445,2.74474699156639
27446,2.7448468948965
27447,2.74494679822661
27448,2.74504670155672
27449,2.74514660488683
27450,2.74524650821694
27451,2.74534641154705
27452,2.74544631487716
27453,2.74554621820727
27454,2.74564612153738
27455,2.7457460248675
27456,2.74584592819761
27457,2.74594583152772
27458,2.74604573485783
27459,2.74614563818794
27460,2.74624554151805
27461,2.74634544484816
27462,2.74644534817827
27463,2.74654525150838
27464,2.74664515483849
27465,2.74674505816861
27466,2.74684496149872
27467,2.74694486482883
27468,2.74704476815894
27469,2.74714467148905
27470,2.74724457481916
27471,2.74734447814927
27472,2.74744438147938
27473,2.74754428480949
27474,2.7476441881396
27475,2.74774409146972
27476,2.74784399479983
27477,2.74794389812994
27478,2.74804380146005
27479,2.74814370479016
27480,2.74824360812027
27481,2.74834351145038
27482,2.74844341478049
27483,2.7485433181106
27484,2.74864322144071
27485,2.74874312477083
27486,2.74884302810094
27487,2.74894293143105
27488,2.74904283476116
27489,2.74914273809127
27490,2.74924264142138
27491,2.74934254475149
27492,2.7494424480816
27493,2.74954235141171
27494,2.74964225474183
27495,2.74974215807194
27496,2.74984206140205
27497,2.74994196473216
27498,2.75004186806227
27499,2.75014177139238
27500,2.75024167472249
27501,2.7503415780526
27502,2.75044148138271
27503,2.75054138471282
27504,2.75064128804293
27505,2.75074119137305
27506,2.75084109470316
27507,2.75094099803327
27508,2.75104090136338
27509,2.75114080469349
27510,2.7512407080236
27511,2.75134061135371
27512,2.75144051468382
27513,2.75154041801393
27514,2.75164032134404
27515,2.75174022467416
27516,2.75184012800427
27517,2.75194003133438
27518,2.75203993466449
27519,2.7521398379946
27520,2.75223974132471
27521,2.75233964465482
27522,2.75243954798493
27523,2.75253945131504
27524,2.75263935464515
27525,2.75273925797527
27526,2.75283916130538
27527,2.75293906463549
27528,2.7530389679656
27529,2.75313887129571
27530,2.75323877462582
27531,2.75333867795593
27532,2.75343858128604
27533,2.75353848461615
27534,2.75363838794626
27535,2.75373829127638
27536,2.75383819460649
27537,2.7539380979366
27538,2.75403800126671
27539,2.75413790459682
27540,2.75423780792693
27541,2.75433771125704
27542,2.75443761458715
27543,2.75453751791726
27544,2.75463742124737
27545,2.75473732457749
27546,2.7548372279076
27547,2.75493713123771
27548,2.75503703456782
27549,2.75513693789793
27550,2.75523684122804
27551,2.75533674455815
27552,2.75543664788826
27553,2.75553655121837
27554,2.75563645454849
27555,2.7557363578786
27556,2.75583626120871
27557,2.75593616453882
27558,2.75603606786893
27559,2.75613597119904
27560,2.75623587452915
27561,2.75633577785926
27562,2.75643568118937
27563,2.75653558451948
27564,2.7566354878496
27565,2.75673539117971
27566,2.75683529450982
27567,2.75693519783993
27568,2.75703510117004
27569,2.75713500450015
27570,2.75723490783026
27571,2.75733481116037
27572,2.75743471449048
27573,2.75753461782059
27574,2.75763452115071
27575,2.75773442448082
27576,2.75783432781093
27577,2.75793423114104
27578,2.75803413447115
27579,2.75813403780126
27580,2.75823394113137
27581,2.75833384446148
27582,2.75843374779159
27583,2.7585336511217
27584,2.75863355445182
27585,2.75873345778193
27586,2.75883336111204
27587,2.75893326444215
27588,2.75903316777226
27589,2.75913307110237
27590,2.75923297443248
27591,2.75933287776259
27592,2.7594327810927
27593,2.75953268442281
27594,2.75963258775293
27595,2.75973249108304
27596,2.75983239441315
27597,2.75993229774326
27598,2.76003220107337
27599,2.76013210440348
27600,2.76023200773359
27601,2.7603319110637
27602,2.76043181439381
27603,2.76053171772392
27604,2.76063162105404
27605,2.76073152438415
27606,2.76083142771426
27607,2.76093133104437
27608,2.76103123437448
27609,2.76113113770459
27610,2.7612310410347
27611,2.76133094436481
27612,2.76143084769492
27613,2.76153075102503
27614,2.76163065435515
27615,2.76173055768526
27616,2.76183046101537
27617,2.76193036434548
27618,2.76203026767559
27619,2.7621301710057
27620,2.76223007433581
27621,2.76232997766592
27622,2.76242988099603
27623,2.76252978432614
27624,2.76262968765626
27625,2.76272959098637
27626,2.76282949431648
27627,2.76292939764659
27628,2.7630293009767
27629,2.76312920430681
27630,2.76322910763692
27631,2.76332901096703
27632,2.76342891429714
27633,2.76352881762725
27634,2.76362872095737
27635,2.76372862428748
27636,2.76382852761759
27637,2.7639284309477
27638,2.76402833427781
27639,2.76412823760792
27640,2.76422814093803
27641,2.76432804426814
27642,2.76442794759825
27643,2.76452785092836
27644,2.76462775425848
27645,2.76472765758859
27646,2.7648275609187
27647,2.76492746424881
27648,2.76502736757892
27649,2.76512727090903
27650,2.76522717423914
27651,2.76532707756925
27652,2.76542698089936
27653,2.76552688422947
27654,2.76562678755959
27655,2.7657266908897
27656,2.76582659421981
27657,2.76592649754992
27658,2.76602640088003
27659,2.76612630421014
27660,2.76622620754025
27661,2.76632611087036
27662,2.76642601420047
27663,2.76652591753058
27664,2.7666258208607
27665,2.76672572419081
27666,2.76682562752092
27667,2.76692553085103
27668,2.76702543418114
27669,2.76712533751125
27670,2.76722524084136
27671,2.76732514417147
27672,2.76742504750158
27673,2.76752495083169
27674,2.76762485416181
27675,2.76772475749192
27676,2.76782466082203
27677,2.76792456415214
27678,2.76802446748225
27679,2.76812437081236
27680,2.76822427414247
27681,2.76832417747258
27682,2.76842408080269
27683,2.7685239841328
27684,2.76862388746292
27685,2.76872379079303
27686,2.76882369412314
27687,2.76892359745325
27688,2.76902350078336
27689,2.76912340411347
27690,2.76922330744358
27691,2.76932321077369
27692,2.7694231141038
27693,2.76952301743391
27694,2.76962292076403
27695,2.76972282409414
27696,2.76982272742425
27697,2.76992263075436
27698,2.77002253408447
27699,2.77012243741458
27700,2.77022234074469
27701,2.7703222440748
27702,2.77042214740491
27703,2.77052205073502
27704,2.77062195406514
27705,2.77072185739525
27706,2.77082176072536
27707,2.77092166405547
27708,2.77102156738558
27709,2.77112147071569
27710,2.7712213740458
27711,2.77132127737591
27712,2.77142118070602
27713,2.77152108403613
27714,2.77162098736625
27715,2.77172089069636
27716,2.77182079402647
27717,2.77192069735658
27718,2.77202060068669
27719,2.7721205040168
27720,2.77222040734691
27721,2.77232031067702
27722,2.77242021400713
27723,2.77252011733724
27724,2.77262002066736
27725,2.77271992399747
27726,2.77281982732758
27727,2.77291973065769
27728,2.7730196339878
27729,2.77311953731791
27730,2.77321944064802
27731,2.77331934397813
27732,2.77341924730824
27733,2.77351915063835
27734,2.77361905396847
27735,2.77371895729858
27736,2.77381886062869
27737,2.7739187639588
27738,2.77401866728891
27739,2.77411857061902
27740,2.77421847394913
27741,2.77431837727924
27742,2.77441828060935
27743,2.77451818393947
27744,2.77461808726958
27745,2.77471799059969
27746,2.7748178939298
27747,2.77491779725991
27748,2.77501770059002
27749,2.77511760392013
27750,2.77521750725024
27751,2.77531741058035
27752,2.77541731391046
27753,2.77551721724058
27754,2.77561712057069
27755,2.7757170239008
27756,2.77581692723091
27757,2.77591683056102
27758,2.77601673389113
27759,2.77611663722124
27760,2.77621654055135
27761,2.77631644388146
27762,2.77641634721157
27763,2.77651625054169
27764,2.7766161538718
27765,2.77671605720191
27766,2.77681596053202
27767,2.77691586386213
27768,2.77701576719224
27769,2.77711567052235
27770,2.77721557385246
27771,2.77731547718257
27772,2.77741538051268
27773,2.77751528384279
27774,2.77761518717291
27775,2.77771509050302
27776,2.77781499383313
27777,2.77791489716324
27778,2.77801480049335
27779,2.77811470382346
27780,2.77821460715357
27781,2.77831451048368
27782,2.77841441381379
27783,2.7785143171439
27784,2.77861422047402
27785,2.77871412380413
27786,2.77881402713424
27787,2.77891393046435
27788,2.77901383379446
27789,2.77911373712457
27790,2.77921364045468
27791,2.77931354378479
27792,2.7794134471149
27793,2.77951335044501
27794,2.77961325377513
27795,2.77971315710524
27796,2.77981306043535
27797,2.77991296376546
27798,2.78001286709557
27799,2.78011277042568
27800,2.78021267375579
27801,2.7803125770859
27802,2.78041248041601
27803,2.78051238374612
27804,2.78061228707624
27805,2.78071219040635
27806,2.78081209373646
27807,2.78091199706657
27808,2.78101190039668
27809,2.78111180372679
27810,2.7812117070569
27811,2.78131161038701
27812,2.78141151371712
27813,2.78151141704724
27814,2.78161132037735
27815,2.78171122370746
27816,2.78181112703757
27817,2.78191103036768
27818,2.78201093369779
27819,2.7821108370279
27820,2.78221074035801
27821,2.78231064368812
27822,2.78241054701823
27823,2.78251045034835
27824,2.78261035367846
27825,2.78271025700857
27826,2.78281016033868
27827,2.78291006366879
27828,2.7830099669989
27829,2.78310987032901
27830,2.78320977365912
27831,2.78330967698923
27832,2.78340958031934
27833,2.78350948364946
27834,2.78360938697957
27835,2.78370929030968
27836,2.78380919363979
27837,2.7839090969699
27838,2.78400900030001
27839,2.78410890363012
27840,2.78420880696023
27841,2.78430871029034
27842,2.78440861362045
27843,2.78450851695057
27844,2.78460842028068
27845,2.78470832361079
27846,2.7848082269409
27847,2.78490813027101
27848,2.78500803360112
27849,2.78510793693123
27850,2.78520784026134
27851,2.78530774359145
27852,2.78540764692156
27853,2.78550755025168
27854,2.78560745358179
27855,2.7857073569119
27856,2.78580726024201
27857,2.78590716357212
27858,2.78600706690223
27859,2.78610697023234
27860,2.78620687356245
27861,2.78630677689256
27862,2.78640668022267
27863,2.78650658355279
27864,2.7866064868829
27865,2.78670639021301
27866,2.78680629354312
27867,2.78690619687323
27868,2.78700610020334
27869,2.78710600353345
27870,2.78720590686356
27871,2.78730581019367
27872,2.78740571352378
27873,2.7875056168539
27874,2.78760552018401
27875,2.78770542351412
27876,2.78780532684423
27877,2.78790523017434
27878,2.78800513350445
27879,2.78810503683456
27880,2.78820494016467
27881,2.78830484349478
27882,2.78840474682489
27883,2.78850465015501
27884,2.78860455348512
27885,2.78870445681523
27886,2.78880436014534
27887,2.78890426347545
27888,2.78900416680556
27889,2.78910407013567
27890,2.78920397346578
27891,2.78930387679589
27892,2.789403780126
27893,2.78950368345612
27894,2.78960358678623
27895,2.78970349011634
27896,2.78980339344645
27897,2.78990329677656
27898,2.79000320010667
27899,2.79010310343678
27900,2.79020300676689
27901,2.790302910097
27902,2.79040281342711
27903,2.79050271675723
27904,2.79060262008734
27905,2.79070252341745
27906,2.79080242674756
27907,2.79090233007767
27908,2.79100223340778
27909,2.79110213673789
27910,2.791202040068
27911,2.79130194339811
27912,2.79140184672822
27913,2.79150175005834
27914,2.79160165338845
27915,2.79170155671856
27916,2.79180146004867
27917,2.79190136337878
27918,2.79200126670889
27919,2.792101170039
27920,2.79220107336911
27921,2.79230097669922
27922,2.79240088002933
27923,2.79250078335945
27924,2.79260068668956
27925,2.79270059001967
27926,2.79280049334978
27927,2.79290039667989
27928,2.79300030001
27929,2.79310020334011
27930,2.79320010667022
27931,2.79330001000033
27932,2.79339991333044
27933,2.79349981666056
27934,2.79359971999067
27935,2.79369962332078
27936,2.79379952665089
27937,2.793899429981
27938,2.79399933331111
27939,2.79409923664122
27940,2.79419913997133
27941,2.79429904330144
27942,2.79439894663155
27943,2.79449884996167
27944,2.79459875329178
27945,2.79469865662189
27946,2.794798559952
27947,2.79489846328211
27948,2.79499836661222
27949,2.79509826994233
27950,2.79519817327244
27951,2.79529807660255
27952,2.79539797993266
27953,2.79549788326278
27954,2.79559778659289
27955,2.795697689923
27956,2.79579759325311
27957,2.79589749658322
27958,2.79599739991333
27959,2.79609730324344
27960,2.79619720657355
27961,2.79629710990366
27962,2.79639701323377
27963,2.79649691656389
27964,2.796596819894
27965,2.79669672322411
27966,2.79679662655422
27967,2.79689652988433
27968,2.79699643321444
27969,2.79709633654455
27970,2.79719623987466
27971,2.79729614320477
27972,2.79739604653488
27973,2.797495949865
27974,2.79759585319511
27975,2.79769575652522
27976,2.79779565985533
27977,2.79789556318544
27978,2.79799546651555
27979,2.79809536984566
27980,2.79819527317577
27981,2.79829517650588
27982,2.79839507983599
27983,2.79849498316611
27984,2.79859488649622
27985,2.79869478982633
27986,2.79879469315644
27987,2.79889459648655
27988,2.79899449981666
27989,2.79909440314677
27990,2.79919430647688
27991,2.79929420980699
27992,2.7993941131371
27993,2.79949401646722
27994,2.79959391979733
27995,2.79969382312744
27996,2.79979372645755
27997,2.79989362978766
27998,2.79999353311777
27999,2.80009343644788
28000,2.80019333977799
28001,2.8002932431081
28002,2.80039314643821
28003,2.80049304976833
28004,2.80059295309844
28005,2.80069285642855
28006,2.80079275975866
28007,2.80089266308877
28008,2.80099256641888
28009,2.80109246974899
28010,2.8011923730791
28011,2.80129227640921
28012,2.80139217973932
28013,2.80149208306944
28014,2.80159198639955
28015,2.80169188972966
28016,2.80179179305977
28017,2.80189169638988
28018,2.80199159971999
28019,2.8020915030501
28020,2.80219140638021
28021,2.80229130971032
28022,2.80239121304043
28023,2.80249111637055
28024,2.80259101970066
28025,2.80269092303077
28026,2.80279082636088
28027,2.80289072969099
28028,2.8029906330211
28029,2.80309053635121
28030,2.80319043968132
28031,2.80329034301143
28032,2.80339024634154
28033,2.80349014967166
28034,2.80359005300177
28035,2.80368995633188
28036,2.80378985966199
28037,2.8038897629921
28038,2.80398966632221
28039,2.80408956965232
28040,2.80418947298243
28041,2.80428937631254
28042,2.80438927964265
28043,2.80448918297277
28044,2.80458908630288
28045,2.80468898963299
28046,2.8047888929631
28047,2.80488879629321
28048,2.80498869962332
28049,2.80508860295343
28050,2.80518850628354
28051,2.80528840961365
28052,2.80538831294376
28053,2.80548821627388
28054,2.80558811960399
28055,2.8056880229341
28056,2.80578792626421
28057,2.80588782959432
28058,2.80598773292443
28059,2.80608763625454
28060,2.80618753958465
28061,2.80628744291476
28062,2.80638734624487
28063,2.80648724957499
28064,2.8065871529051
28065,2.80668705623521
28066,2.80678695956532
28067,2.80688686289543
28068,2.80698676622554
28069,2.80708666955565
28070,2.80718657288576
28071,2.80728647621587
28072,2.80738637954599
28073,2.8074862828761
28074,2.80758618620621
28075,2.80768608953632
28076,2.80778599286643
28077,2.80788589619654
28078,2.80798579952665
28079,2.80808570285676
28080,2.80818560618687
28081,2.80828550951698
28082,2.8083854128471
28083,2.80848531617721
28084,2.80858521950732
28085,2.80868512283743
28086,2.80878502616754
28087,2.80888492949765
28088,2.80898483282776
28089,2.80908473615787
28090,2.80918463948798
28091,2.80928454281809
28092,2.8093844461482
28093,2.80948434947832
28094,2.80958425280843
28095,2.80968415613854
28096,2.80978405946865
28097,2.80988396279876
28098,2.80998386612887
28099,2.81008376945898
28100,2.81018367278909
28101,2.8102835761192
28102,2.81038347944931
28103,2.81048338277943
28104,2.81058328610954
28105,2.81068318943965
28106,2.81078309276976
28107,2.81088299609987
28108,2.81098289942998
28109,2.81108280276009
28110,2.8111827060902
28111,2.81128260942031
28112,2.81138251275042
28113,2.81148241608054
28114,2.81158231941065
28115,2.81168222274076
28116,2.81178212607087
28117,2.81188202940098
28118,2.81198193273109
28119,2.8120818360612
28120,2.81218173939131
28121,2.81228164272142
28122,2.81238154605154
28123,2.81248144938165
28124,2.81258135271176
28125,2.81268125604187
28126,2.81278115937198
28127,2.81288106270209
28128,2.8129809660322
28129,2.81308086936231
28130,2.81318077269242
28131,2.81328067602253
28132,2.81338057935265
28133,2.81348048268276
28134,2.81358038601287
28135,2.81368028934298
28136,2.81378019267309
28137,2.8138800960032
28138,2.81397999933331
28139,2.81407990266342
28140,2.81417980599353
28141,2.81427970932364
28142,2.81437961265376
28143,2.81447951598387
28144,2.81457941931398
28145,2.81467932264409
28146,2.8147792259742
28147,2.81487912930431
28148,2.81497903263442
28149,2.81507893596453
28150,2.81517883929464
28151,2.81527874262475
28152,2.81537864595487
28153,2.81547854928498
28154,2.81557845261509
28155,2.8156783559452
28156,2.81577825927531
28157,2.81587816260542
28158,2.81597806593553
28159,2.81607796926564
28160,2.81617787259575
28161,2.81627777592586
28162,2.81637767925598
28163,2.81647758258609
28164,2.8165774859162
28165,2.81667738924631
28166,2.81677729257642
28167,2.81687719590653
28168,2.81697709923664
28169,2.81707700256675
28170,2.81717690589686
28171,2.81727680922697
28172,2.81737671255709
28173,2.8174766158872
28174,2.81757651921731
28175,2.81767642254742
28176,2.81777632587753
28177,2.81787622920764
28178,2.81797613253775
28179,2.81807603586786
28180,2.81817593919797
28181,2.81827584252808
28182,2.8183757458582
28183,2.81847564918831
28184,2.81857555251842
28185,2.81867545584853
28186,2.81877535917864
28187,2.81887526250875
28188,2.81897516583886
28189,2.81907506916897
28190,2.81917497249908
28191,2.81927487582919
28192,2.81937477915931
28193,2.81947468248942
28194,2.81957458581953
28195,2.81967448914964
28196,2.81977439247975
28197,2.81987429580986
28198,2.81997419913997
28199,2.82007410247008
28200,2.82017400580019
28201,2.8202739091303
28202,2.82037381246042
28203,2.82047371579053
28204,2.82057361912064
28205,2.82067352245075
28206,2.82077342578086
28207,2.82087332911097
28208,2.82097323244108
28209,2.82107313577119
28210,2.8211730391013
28211,2.82127294243141
28212,2.82137284576153
28213,2.82147274909164
28214,2.82157265242175
28215,2.82167255575186
28216,2.82177245908197
28217,2.82187236241208
28218,2.82197226574219
28219,2.8220721690723
28220,2.82217207240241
28221,2.82227197573252
28222,2.82237187906264
28223,2.82247178239275
28224,2.82257168572286
28225,2.82267158905297
28226,2.82277149238308
28227,2.82287139571319
28228,2.8229712990433
28229,2.82307120237341
28230,2.82317110570352
28231,2.82327100903363
28232,2.82337091236375
28233,2.82347081569386
28234,2.82357071902397
28235,2.82367062235408
28236,2.82377052568419
28237,2.8238704290143
28238,2.82397033234441
28239,2.82407023567452
28240,2.82417013900463
28241,2.82427004233474
28242,2.82436994566486
28243,2.82446984899497
28244,2.82456975232508
28245,2.82466965565519
28246,2.8247695589853
28247,2.82486946231541
28248,2.82496936564552
28249,2.82506926897563
28250,2.82516917230574
28251,2.82526907563585
28252,2.82536897896597
28253,2.82546888229608
28254,2.82556878562619
28255,2.8256686889563
28256,2.82576859228641
28257,2.82586849561652
28258,2.82596839894663
28259,2.82606830227674
28260,2.82616820560685
28261,2.82626810893696
28262,2.82636801226708
28263,2.82646791559719
28264,2.8265678189273
28265,2.82666772225741
28266,2.82676762558752
28267,2.82686752891763
28268,2.82696743224774
28269,2.82706733557785
28270,2.82716723890796
28271,2.82726714223807
28272,2.82736704556819
28273,2.8274669488983
28274,2.82756685222841
28275,2.82766675555852
28276,2.82776665888863
28277,2.82786656221874
28278,2.82796646554885
28279,2.82806636887896
28280,2.82816627220907
28281,2.82826617553918
28282,2.8283660788693
28283,2.82846598219941
28284,2.82856588552952
28285,2.82866578885963
28286,2.82876569218974
28287,2.82886559551985
28288,2.82896549884996
28289,2.82906540218007
28290,2.82916530551018
28291,2.8292652088403
28292,2.82936511217041
28293,2.82946501550052
28294,2.82956491883063
28295,2.82966482216074
28296,2.82976472549085
28297,2.82986462882096
28298,2.82996453215107
28299,2.83006443548118
28300,2.83016433881129
28301,2.8302642421414
28302,2.83036414547152
28303,2.83046404880163
28304,2.83056395213174
28305,2.83066385546185
28306,2.83076375879196
28307,2.83086366212207
28308,2.83096356545218
28309,2.83106346878229
28310,2.8311633721124
28311,2.83126327544251
28312,2.83136317877263
28313,2.83146308210274
28314,2.83156298543285
28315,2.83166288876296
28316,2.83176279209307
28317,2.83186269542318
28318,2.83196259875329
28319,2.8320625020834
28320,2.83216240541351
28321,2.83226230874362
28322,2.83236221207374
28323,2.83246211540385
28324,2.83256201873396
28325,2.83266192206407
28326,2.83276182539418
28327,2.83286172872429
28328,2.8329616320544
28329,2.83306153538451
28330,2.83316143871462
28331,2.83326134204474
28332,2.83336124537485
28333,2.83346114870496
28334,2.83356105203507
28335,2.83366095536518
28336,2.83376085869529
28337,2.8338607620254
28338,2.83396066535551
28339,2.83406056868562
28340,2.83416047201573
28341,2.83426037534585
28342,2.83436027867596
28343,2.83446018200607
28344,2.83456008533618
28345,2.83465998866629
28346,2.8347598919964
28347,2.83485979532651
28348,2.83495969865662
28349,2.83505960198673
28350,2.83515950531684
28351,2.83525940864696
28352,2.83535931197707
28353,2.83545921530718
28354,2.83555911863729
28355,2.8356590219674
28356,2.83575892529751
28357,2.83585882862762
28358,2.83595873195773
28359,2.83605863528784
28360,2.83615853861795
28361,2.83625844194807
28362,2.83635834527818
28363,2.83645824860829
28364,2.8365581519384
28365,2.83665805526851
28366,2.83675795859862
28367,2.83685786192873
28368,2.83695776525884
28369,2.83705766858895
28370,2.83715757191906
28371,2.83725747524918
28372,2.83735737857929
28373,2.8374572819094
28374,2.83755718523951
28375,2.83765708856962
28376,2.83775699189973
28377,2.83785689522984
28378,2.83795679855995
28379,2.83805670189006
28380,2.83815660522017
28381,2.83825650855029
28382,2.8383564118804
28383,2.83845631521051
28384,2.83855621854062
28385,2.83865612187073
28386,2.83875602520084
28387,2.83885592853095
28388,2.83895583186106
28389,2.83905573519117
28390,2.83915563852128
28391,2.8392555418514
28392,2.83935544518151
28393,2.83945534851162
28394,2.83955525184173
28395,2.83965515517184
28396,2.83975505850195
28397,2.83985496183206
28398,2.83995486516217
28399,2.84005476849228
28400,2.84015467182239
28401,2.84025457515251
28402,2.84035447848262
28403,2.84045438181273
28404,2.84055428514284
28405,2.84065418847295
28406,2.84075409180306
28407,2.84085399513317
28408,2.84095389846328
28409,2.84105380179339
28410,2.8411537051235
28411,2.84125360845362
28412,2.84135351178373
28413,2.84145341511384
28414,2.84155331844395
28415,2.84165322177406
28416,2.84175312510417
28417,2.84185302843428
28418,2.84195293176439
28419,2.8420528350945
28420,2.84215273842461
28421,2.84225264175473
28422,2.84235254508484
28423,2.84245244841495
28424,2.84255235174506
28425,2.84265225507517
28426,2.84275215840528
28427,2.84285206173539
28428,2.8429519650655
28429,2.84305186839561
28430,2.84315177172572
28431,2.84325167505584
28432,2.84335157838595
28433,2.84345148171606
28434,2.84355138504617
28435,2.84365128837628
28436,2.84375119170639
28437,2.8438510950365
28438,2.84395099836661
28439,2.84405090169672
28440,2.84415080502683
28441,2.84425070835695
28442,2.84435061168706
28443,2.84445051501717
28444,2.84455041834728
28445,2.84465032167739
28446,2.8447502250075
28447,2.84485012833761
28448,2.84495003166772
28449,2.84504993499783
28450,2.84514983832794
28451,2.84524974165806
28452,2.84534964498817
28453,2.84544954831828
28454,2.84554945164839
28455,2.8456493549785
28456,2.84574925830861
28457,2.84584916163872
28458,2.84594906496883
28459,2.84604896829894
28460,2.84614887162905
28461,2.84624877495917
28462,2.84634867828928
28463,2.84644858161939
28464,2.8465484849495
28465,2.84664838827961
28466,2.84674829160972
28467,2.84684819493983
28468,2.84694809826994
28469,2.84704800160005
28470,2.84714790493016
28471,2.84724780826028
28472,2.84734771159039
28473,2.8474476149205
28474,2.84754751825061
28475,2.84764742158072
28476,2.84774732491083
28477,2.84784722824094
28478,2.84794713157105
28479,2.84804703490116
28480,2.84814693823127
28481,2.84824684156139
28482,2.8483467448915
28483,2.84844664822161
28484,2.84854655155172
28485,2.84864645488183
28486,2.84874635821194
28487,2.84884626154205
28488,2.84894616487216
28489,2.84904606820227
28490,2.84914597153238
28491,2.8492458748625
28492,2.84934577819261
28493,2.84944568152272
28494,2.84954558485283
28495,2.84964548818294
28496,2.84974539151305
28497,2.84984529484316
28498,2.84994519817327
28499,2.85004510150338
28500,2.85014500483349
28501,2.85024490816361
28502,2.85034481149372
28503,2.85044471482383
28504,2.85054461815394
28505,2.85064452148405
28506,2.85074442481416
28507,2.85084432814427
28508,2.85094423147438
28509,2.85104413480449
28510,2.8511440381346
28511,2.85124394146472
28512,2.85134384479483
28513,2.85144374812494
28514,2.85154365145505
28515,2.85164355478516
28516,2.85174345811527
28517,2.85184336144538
28518,2.85194326477549
28519,2.8520431681056
28520,2.85214307143571
28521,2.85224297476583
28522,2.85234287809594
28523,2.85244278142605
28524,2.85254268475616
28525,2.85264258808627
28526,2.85274249141638
28527,2.85284239474649
28528,2.8529422980766
28529,2.85304220140671
28530,2.85314210473683
28531,2.85324200806694
28532,2.85334191139705
28533,2.85344181472716
28534,2.85354171805727
28535,2.85364162138738
28536,2.85374152471749
28537,2.8538414280476
28538,2.85394133137771
28539,2.85404123470782
28540,2.85414113803794
28541,2.85424104136805
28542,2.85434094469816
28543,2.85444084802827
28544,2.85454075135838
28545,2.85464065468849
28546,2.8547405580186
28547,2.85484046134871
28548,2.85494036467882
28549,2.85504026800893
28550,2.85514017133905
28551,2.85524007466916
28552,2.85533997799927
28553,2.85543988132938
28554,2.85553978465949
28555,2.8556396879896
28556,2.85573959131971
28557,2.85583949464982
28558,2.85593939797993
28559,2.85603930131004
28560,2.85613920464016
28561,2.85623910797027
28562,2.85633901130038
28563,2.85643891463049
28564,2.8565388179606
28565,2.85663872129071
28566,2.85673862462082
28567,2.85683852795093
28568,2.85693843128104
28569,2.85703833461115
28570,2.85713823794126
28571,2.85723814127138
28572,2.85733804460149
28573,2.8574379479316
28574,2.85753785126171
28575,2.85763775459182
28576,2.85773765792193
28577,2.85783756125204
28578,2.85793746458215
28579,2.85803736791226
28580,2.85813727124237
28581,2.85823717457249
28582,2.8583370779026
28583,2.85843698123271
28584,2.85853688456282
28585,2.85863678789293
28586,2.85873669122304
28587,2.85883659455315
28588,2.85893649788326
28589,2.85903640121337
28590,2.85913630454348
28591,2.8592362078736
28592,2.85933611120371
28593,2.85943601453382
28594,2.85953591786393
28595,2.85963582119404
28596,2.85973572452415
28597,2.85983562785426
28598,2.85993553118437
28599,2.86003543451448
28600,2.8601353378446
28601,2.86023524117471
28602,2.86033514450482
28603,2.86043504783493
28604,2.86053495116504
28605,2.86063485449515
28606,2.86073475782526
28607,2.86083466115537
28608,2.86093456448548
28609,2.86103446781559
28610,2.86113437114571
28611,2.86123427447582
28612,2.86133417780593
28613,2.86143408113604
28614,2.86153398446615
28615,2.86163388779626
28616,2.86173379112637
28617,2.86183369445648
28618,2.86193359778659
28619,2.8620335011167
28620,2.86213340444681
28621,2.86223330777693
28622,2.86233321110704
28623,2.86243311443715
28624,2.86253301776726
28625,2.86263292109737
28626,2.86273282442748
28627,2.86283272775759
28628,2.8629326310877
28629,2.86303253441781
28630,2.86313243774792
28631,2.86323234107804
28632,2.86333224440815
28633,2.86343214773826
28634,2.86353205106837
28635,2.86363195439848
28636,2.86373185772859
28637,2.8638317610587
28638,2.86393166438881
28639,2.86403156771892
28640,2.86413147104903
28641,2.86423137437915
28642,2.86433127770926
28643,2.86443118103937
28644,2.86453108436948
28645,2.86463098769959
28646,2.8647308910297
28647,2.86483079435981
28648,2.86493069768992
28649,2.86503060102003
28650,2.86513050435014
28651,2.86523040768026
28652,2.86533031101037
28653,2.86543021434048
28654,2.86553011767059
28655,2.8656300210007
28656,2.86572992433081
28657,2.86582982766092
28658,2.86592973099103
28659,2.86602963432114
28660,2.86612953765125
28661,2.86622944098137
28662,2.86632934431148
28663,2.86642924764159
28664,2.8665291509717
28665,2.86662905430181
28666,2.86672895763192
28667,2.86682886096203
28668,2.86692876429214
28669,2.86702866762225
28670,2.86712857095237
28671,2.86722847428248
28672,2.86732837761259
28673,2.8674282809427
28674,2.86752818427281
28675,2.86762808760292
28676,2.86772799093303
28677,2.86782789426314
28678,2.86792779759325
28679,2.86802770092336
28680,2.86812760425348
28681,2.86822750758359
28682,2.8683274109137
28683,2.86842731424381
28684,2.86852721757392
28685,2.86862712090403
28686,2.86872702423414
28687,2.86882692756425
28688,2.86892683089436
28689,2.86902673422447
28690,2.86912663755459
28691,2.8692265408847
28692,2.86932644421481
28693,2.86942634754492
28694,2.86952625087503
28695,2.86962615420514
28696,2.86972605753525
28697,2.86982596086536
28698,2.86992586419547
28699,2.87002576752558
28700,2.8701256708557
28701,2.87022557418581
28702,2.87032547751592
28703,2.87042538084603
28704,2.87052528417614
28705,2.87062518750625
28706,2.87072509083636
28707,2.87082499416647
28708,2.87092489749658
28709,2.87102480082669
28710,2.87112470415681
28711,2.87122460748692
28712,2.87132451081703
28713,2.87142441414714
28714,2.87152431747725
28715,2.87162422080736
28716,2.87172412413747
28717,2.87182402746758
28718,2.87192393079769
28719,2.8720238341278
28720,2.87212373745792
28721,2.87222364078803
28722,2.87232354411814
28723,2.87242344744825
28724,2.87252335077836
28725,2.87262325410847
28726,2.87272315743858
28727,2.87282306076869
28728,2.8729229640988
28729,2.87302286742891
28730,2.87312277075903
28731,2.87322267408914
28732,2.87332257741925
28733,2.87342248074936
28734,2.87352238407947
28735,2.87362228740958
28736,2.87372219073969
28737,2.8738220940698
28738,2.87392199739991
28739,2.87402190073002
28740,2.87412180406014
28741,2.87422170739025
28742,2.87432161072036
28743,2.87442151405047
28744,2.87452141738058
28745,2.87462132071069
28746,2.8747212240408
28747,2.87482112737091
28748,2.87492103070102
28749,2.87502093403113
28750,2.87512083736125
28751,2.87522074069136
28752,2.87532064402147
28753,2.87542054735158
28754,2.87552045068169
28755,2.8756203540118
28756,2.87572025734191
28757,2.87582016067202
28758,2.87592006400213
28759,2.87601996733224
28760,2.87611987066236
28761,2.87621977399247
28762,2.87631967732258
28763,2.87641958065269
28764,2.8765194839828
28765,2.87661938731291
28766,2.87671929064302
28767,2.87681919397313
28768,2.87691909730324
28769,2.87701900063335
28770,2.87711890396347
28771,2.87721880729358
28772,2.87731871062369
28773,2.8774186139538
28774,2.87751851728391
28775,2.87761842061402
28776,2.87771832394413
28777,2.87781822727424
28778,2.87791813060435
28779,2.87801803393446
28780,2.87811793726458
28781,2.87821784059469
28782,2.8783177439248
28783,2.87841764725491
28784,2.87851755058502
28785,2.87861745391513
28786,2.87871735724524
28787,2.87881726057535
28788,2.87891716390546
28789,2.87901706723557
28790,2.87911697056569
28791,2.8792168738958
28792,2.87931677722591
28793,2.87941668055602
28794,2.87951658388613
28795,2.87961648721624
28796,2.87971639054635
28797,2.87981629387646
28798,2.87991619720657
28799,2.88001610053668
28800,2.8801160038668
28801,2.88021590719691
28802,2.88031581052702
28803,2.88041571385713
28804,2.88051561718724
28805,2.88061552051735
28806,2.88071542384746
28807,2.88081532717757
28808,2.88091523050768
28809,2.88101513383779
28810,2.88111503716791
28811,2.88121494049802
28812,2.88131484382813
28813,2.88141474715824
28814,2.88151465048835
28815,2.88161455381846
28816,2.88171445714857
28817,2.88181436047868
28818,2.88191426380879
28819,2.8820141671389
28820,2.88211407046902
28821,2.88221397379913
28822,2.88231387712924
28823,2.88241378045935
28824,2.88251368378946
28825,2.88261358711957
28826,2.88271349044968
28827,2.88281339377979
28828,2.8829132971099
28829,2.88301320044001
28830,2.88311310377013
28831,2.88321300710024
28832,2.88331291043035
28833,2.88341281376046
28834,2.88351271709057
28835,2.88361262042068
28836,2.88371252375079
28837,2.8838124270809
28838,2.88391233041101
28839,2.88401223374112
28840,2.88411213707124
28841,2.88421204040135
28842,2.88431194373146
28843,2.88441184706157
28844,2.88451175039168
28845,2.88461165372179
28846,2.8847115570519
28847,2.88481146038201
28848,2.88491136371212
28849,2.88501126704223
28850,2.88511117037235
28851,2.88521107370246
28852,2.88531097703257
28853,2.88541088036268
28854,2.88551078369279
28855,2.8856106870229
28856,2.88571059035301
28857,2.88581049368312
28858,2.88591039701323
28859,2.88601030034335
28860,2.88611020367346
28861,2.88621010700357
28862,2.88631001033368
28863,2.88640991366379
28864,2.8865098169939
28865,2.88660972032401
28866,2.88670962365412
28867,2.88680952698423
28868,2.88690943031434
28869,2.88700933364446
28870,2.88710923697457
28871,2.88720914030468
28872,2.88730904363479
28873,2.8874089469649
28874,2.88750885029501
28875,2.88760875362512
28876,2.88770865695523
28877,2.88780856028534
28878,2.88790846361545
28879,2.88800836694557
28880,2.88810827027568
28881,2.88820817360579
28882,2.8883080769359
28883,2.88840798026601
28884,2.88850788359612
28885,2.88860778692623
28886,2.88870769025634
28887,2.88880759358645
28888,2.88890749691656
28889,2.88900740024667
28890,2.88910730357679
28891,2.8892072069069
28892,2.88930711023701
28893,2.88940701356712
28894,2.88950691689723
28895,2.88960682022734
28896,2.88970672355745
28897,2.88980662688756
28898,2.88990653021767
28899,2.89000643354778
28900,2.8901063368779
28901,2.89020624020801
28902,2.89030614353812
28903,2.89040604686823
28904,2.89050595019834
28905,2.89060585352845
28906,2.89070575685856
28907,2.89080566018867
28908,2.89090556351878
28909,2.8910054668489
28910,2.89110537017901
28911,2.89120527350912
28912,2.89130517683923
28913,2.89140508016934
28914,2.89150498349945
28915,2.89160488682956
28916,2.89170479015967
28917,2.89180469348978
28918,2.89190459681989
28919,2.89200450015001
28920,2.89210440348012
28921,2.89220430681023
28922,2.89230421014034
28923,2.89240411347045
28924,2.89250401680056
28925,2.89260392013067
28926,2.89270382346078
28927,2.89280372679089
28928,2.892903630121
28929,2.89300353345112
28930,2.89310343678123
28931,2.89320334011134
28932,2.89330324344145
28933,2.89340314677156
28934,2.89350305010167
28935,2.89360295343178
28936,2.89370285676189
28937,2.893802760092
28938,2.89390266342211
28939,2.89400256675223
28940,2.89410247008234
28941,2.89420237341245
28942,2.89430227674256
28943,2.89440218007267
28944,2.89450208340278
28945,2.89460198673289
28946,2.894701890063
28947,2.89480179339311
28948,2.89490169672322
28949,2.89500160005334
28950,2.89510150338345
28951,2.89520140671356
28952,2.89530131004367
28953,2.89540121337378
28954,2.89550111670389
28955,2.895601020034
28956,2.89570092336411
28957,2.89580082669422
28958,2.89590073002433
28959,2.89600063335445
28960,2.89610053668456
28961,2.89620044001467
28962,2.89630034334478
28963,2.89640024667489
28964,2.896500150005
28965,2.89660005333511
28966,2.89669995666522
28967,2.89679985999533
28968,2.89689976332544
28969,2.89699966665556
28970,2.89709956998567
28971,2.89719947331578
28972,2.89729937664589
28973,2.897399279976
28974,2.89749918330611
28975,2.89759908663622
28976,2.89769898996633
28977,2.89779889329644
28978,2.89789879662655
28979,2.89799869995667
28980,2.89809860328678
28981,2.89819850661689
28982,2.898298409947
28983,2.89839831327711
28984,2.89849821660722
28985,2.89859811993733
28986,2.89869802326744
28987,2.89879792659755
28988,2.89889782992766
28989,2.89899773325778
28990,2.89909763658789
28991,2.899197539918
28992,2.89929744324811
28993,2.89939734657822
28994,2.89949724990833
28995,2.89959715323844
28996,2.89969705656855
28997,2.89979695989866
28998,2.89989686322877
28999,2.89999676655889
29000,2.900096669889
29001,2.90019657321911
29002,2.90029647654922
29003,2.90039637987933
29004,2.90049628320944
29005,2.90059618653955
29006,2.90069608986966
29007,2.90079599319977
29008,2.90089589652988
29009,2.90099579986
29010,2.90109570319011
29011,2.90119560652022
29012,2.90129550985033
29013,2.90139541318044
29014,2.90149531651055
29015,2.90159521984066
29016,2.90169512317077
29017,2.90179502650088
29018,2.90189492983099
29019,2.90199483316111
29020,2.90209473649122
29021,2.90219463982133
29022,2.90229454315144
29023,2.90239444648155
29024,2.90249434981166
29025,2.90259425314177
29026,2.90269415647188
29027,2.90279405980199
29028,2.9028939631321
29029,2.90299386646222
29030,2.90309376979233
29031,2.90319367312244
29032,2.90329357645255
29033,2.90339347978266
29034,2.90349338311277
29035,2.90359328644288
29036,2.90369318977299
29037,2.9037930931031
29038,2.90389299643321
29039,2.90399289976333
29040,2.90409280309344
29041,2.90419270642355
29042,2.90429260975366
29043,2.90439251308377
29044,2.90449241641388
29045,2.90459231974399
29046,2.9046922230741
29047,2.90479212640421
29048,2.90489202973432
29049,2.90499193306444
29050,2.90509183639455
29051,2.90519173972466
29052,2.90529164305477
29053,2.90539154638488
29054,2.90549144971499
29055,2.9055913530451
29056,2.90569125637521
29057,2.90579115970532
29058,2.90589106303543
29059,2.90599096636555
29060,2.90609086969566
29061,2.90619077302577
29062,2.90629067635588
29063,2.90639057968599
29064,2.9064904830161
29065,2.90659038634621
29066,2.90669028967632
29067,2.90679019300643
29068,2.90689009633654
29069,2.90698999966666
29070,2.90708990299677
29071,2.90718980632688
29072,2.90728970965699
29073,2.9073896129871
29074,2.90748951631721
29075,2.90758941964732
29076,2.90768932297743
29077,2.90778922630754
29078,2.90788912963766
29079,2.90798903296777
29080,2.90808893629788
29081,2.90818883962799
29082,2.9082887429581
29083,2.90838864628821
29084,2.90848854961832
29085,2.90858845294843
29086,2.90868835627854
29087,2.90878825960865
29088,2.90888816293877
29089,2.90898806626888
29090,2.90908796959899
29091,2.9091878729291
29092,2.90928777625921
29093,2.90938767958932
29094,2.90948758291943
29095,2.90958748624954
29096,2.90968738957965
29097,2.90978729290976
29098,2.90988719623987
29099,2.90998709956999
29100,2.9100870029001
29101,2.91018690623021
29102,2.91028680956032
29103,2.91038671289043
29104,2.91048661622054
29105,2.91058651955065
29106,2.91068642288076
29107,2.91078632621087
29108,2.91088622954098
29109,2.9109861328711
29110,2.91108603620121
29111,2.91118593953132
29112,2.91128584286143
29113,2.91138574619154
29114,2.91148564952165
29115,2.91158555285176
29116,2.91168545618187
29117,2.91178535951198
29118,2.9118852628421
29119,2.91198516617221
29120,2.91208506950232
29121,2.91218497283243
29122,2.91228487616254
29123,2.91238477949265
29124,2.91248468282276
29125,2.91258458615287
29126,2.91268448948298
29127,2.91278439281309
29128,2.91288429614321
29129,2.91298419947332
29130,2.91308410280343
29131,2.91318400613354
29132,2.91328390946365
29133,2.91338381279376
29134,2.91348371612387
29135,2.91358361945398
29136,2.91368352278409
29137,2.9137834261142
29138,2.91388332944432
29139,2.91398323277443
29140,2.91408313610454
29141,2.91418303943465
29142,2.91428294276476
29143,2.91438284609487
29144,2.91448274942498
29145,2.91458265275509
29146,2.9146825560852
29147,2.91478245941531
29148,2.91488236274543
29149,2.91498226607554
29150,2.91508216940565
29151,2.91518207273576
29152,2.91528197606587
29153,2.91538187939598
29154,2.91548178272609
29155,2.9155816860562
29156,2.91568158938631
29157,2.91578149271642
29158,2.91588139604654
29159,2.91598129937665
29160,2.91608120270676
29161,2.91618110603687
29162,2.91628100936698
29163,2.91638091269709
29164,2.9164808160272
29165,2.91658071935731
29166,2.91668062268742
29167,2.91678052601753
29168,2.91688042934764
29169,2.91698033267776
29170,2.91708023600787
29171,2.91718013933798
29172,2.91728004266809
29173,2.9173799459982
29174,2.91747984932831
29175,2.91757975265842
29176,2.91767965598853
29177,2.91777955931864
29178,2.91787946264875
29179,2.91797936597887
29180,2.91807926930898
29181,2.91817917263909
29182,2.9182790759692
29183,2.91837897929931
29184,2.91847888262942
29185,2.91857878595953
29186,2.91867868928964
29187,2.91877859261975
29188,2.91887849594987
29189,2.91897839927998
29190,2.91907830261009
29191,2.9191782059402
29192,2.91927810927031
29193,2.91937801260042
29194,2.91947791593053
29195,2.91957781926064
29196,2.91967772259075
29197,2.91977762592086
29198,2.91987752925098
29199,2.91997743258109
29200,2.9200773359112
29201,2.92017723924131
29202,2.92027714257142
29203,2.92037704590153
29204,2.92047694923164
29205,2.92057685256175
29206,2.92067675589186
29207,2.92077665922197
29208,2.92087656255209
29209,2.9209764658822
29210,2.92107636921231
29211,2.92117627254242
29212,2.92127617587253
29213,2.92137607920264
29214,2.92147598253275
29215,2.92157588586286
29216,2.92167578919297
29217,2.92177569252308
29218,2.9218755958532
29219,2.92197549918331
29220,2.92207540251342
29221,2.92217530584353
29222,2.92227520917364
29223,2.92237511250375
29224,2.92247501583386
29225,2.92257491916397
29226,2.92267482249408
29227,2.92277472582419
29228,2.92287462915431
29229,2.92297453248442
29230,2.92307443581453
29231,2.92317433914464
29232,2.92327424247475
29233,2.92337414580486
29234,2.92347404913497
29235,2.92357395246508
29236,2.92367385579519
29237,2.9237737591253
29238,2.92387366245542
29239,2.92397356578553
29240,2.92407346911564
29241,2.92417337244575
29242,2.92427327577586
29243,2.92437317910597
29244,2.92447308243608
29245,2.92457298576619
29246,2.9246728890963
29247,2.92477279242641
29248,2.92487269575653
29249,2.92497259908664
29250,2.92507250241675
29251,2.92517240574686
29252,2.92527230907697
29253,2.92537221240708
29254,2.92547211573719
29255,2.9255720190673
29256,2.92567192239741
29257,2.92577182572752
29258,2.92587172905764
29259,2.92597163238775
29260,2.92607153571786
29261,2.92617143904797
29262,2.92627134237808
29263,2.92637124570819
29264,2.9264711490383
29265,2.92657105236841
29266,2.92667095569852
29267,2.92677085902863
29268,2.92687076235875
29269,2.92697066568886
29270,2.92707056901897
29271,2.92717047234908
29272,2.92727037567919
29273,2.9273702790093
29274,2.92747018233941
29275,2.92757008566952
29276,2.92766998899963
29277,2.92776989232974
29278,2.92786979565986
29279,2.92796969898997
29280,2.92806960232008
29281,2.92816950565019
29282,2.9282694089803
29283,2.92836931231041
29284,2.92846921564052
29285,2.92856911897063
29286,2.92866902230074
29287,2.92876892563085
29288,2.92886882896097
29289,2.92896873229108
29290,2.92906863562119
29291,2.9291685389513
29292,2.92926844228141
29293,2.92936834561152
29294,2.92946824894163
29295,2.92956815227174
29296,2.92966805560185
29297,2.92976795893196
29298,2.92986786226208
29299,2.92996776559219
29300,2.9300676689223
29301,2.93016757225241
29302,2.93026747558252
29303,2.93036737891263
29304,2.93046728224274
29305,2.93056718557285
29306,2.93066708890296
29307,2.93076699223307
29308,2.93086689556319
29309,2.9309667988933
29310,2.93106670222341
29311,2.93116660555352
29312,2.93126650888363
29313,2.93136641221374
29314,2.93146631554385
29315,2.93156621887396
29316,2.93166612220407
29317,2.93176602553418
29318,2.9318659288643
29319,2.93196583219441
29320,2.93206573552452
29321,2.93216563885463
29322,2.93226554218474
29323,2.93236544551485
29324,2.93246534884496
29325,2.93256525217507
29326,2.93266515550518
29327,2.93276505883529
29328,2.93286496216541
29329,2.93296486549552
29330,2.93306476882563
29331,2.93316467215574
29332,2.93326457548585
29333,2.93336447881596
29334,2.93346438214607
29335,2.93356428547618
29336,2.93366418880629
29337,2.9337640921364
29338,2.93386399546652
29339,2.93396389879663
29340,2.93406380212674
29341,2.93416370545685
29342,2.93426360878696
29343,2.93436351211707
29344,2.93446341544718
29345,2.93456331877729
29346,2.9346632221074
29347,2.93476312543751
29348,2.93486302876763
29349,2.93496293209774
29350,2.93506283542785
29351,2.93516273875796
29352,2.93526264208807
29353,2.93536254541818
29354,2.93546244874829
29355,2.9355623520784
29356,2.93566225540851
29357,2.93576215873862
29358,2.93586206206874
29359,2.93596196539885
29360,2.93606186872896
29361,2.93616177205907
29362,2.93626167538918
29363,2.93636157871929
29364,2.9364614820494
29365,2.93656138537951
29366,2.93666128870962
29367,2.93676119203973
29368,2.93686109536985
29369,2.93696099869996
29370,2.93706090203007
29371,2.93716080536018
29372,2.93726070869029
29373,2.9373606120204
29374,2.93746051535051
29375,2.93756041868062
29376,2.93766032201073
29377,2.93776022534084
29378,2.93786012867096
29379,2.93796003200107
29380,2.93805993533118
29381,2.93815983866129
29382,2.9382597419914
29383,2.93835964532151
29384,2.93845954865162
29385,2.93855945198173
29386,2.93865935531184
29387,2.93875925864196
29388,2.93885916197207
29389,2.93895906530218
29390,2.93905896863229
29391,2.9391588719624
29392,2.93925877529251
29393,2.93935867862262
29394,2.93945858195273
29395,2.93955848528284
29396,2.93965838861295
29397,2.93975829194307
29398,2.93985819527318
29399,2.93995809860329
29400,2.9400580019334
29401,2.94015790526351
29402,2.94025780859362
29403,2.94035771192373
29404,2.94045761525384
29405,2.94055751858395
29406,2.94065742191406
29407,2.94075732524418
29408,2.94085722857429
29409,2.9409571319044
29410,2.94105703523451
29411,2.94115693856462
29412,2.94125684189473
29413,2.94135674522484
29414,2.94145664855495
29415,2.94155655188506
29416,2.94165645521517
29417,2.94175635854528
29418,2.9418562618754
29419,2.94195616520551
29420,2.94205606853562
29421,2.94215597186573
29422,2.94225587519584
29423,2.94235577852595
29424,2.94245568185606
29425,2.94255558518617
29426,2.94265548851628
29427,2.94275539184639
29428,2.94285529517651
29429,2.94295519850662
29430,2.94305510183673
29431,2.94315500516684
29432,2.94325490849695
29433,2.94335481182706
29434,2.94345471515717
29435,2.94355461848728
29436,2.94365452181739
29437,2.9437544251475
29438,2.94385432847762
29439,2.94395423180773
29440,2.94405413513784
29441,2.94415403846795
29442,2.94425394179806
29443,2.94435384512817
29444,2.94445374845828
29445,2.94455365178839
29446,2.9446535551185
29447,2.94475345844862
29448,2.94485336177873
29449,2.94495326510884
29450,2.94505316843895
29451,2.94515307176906
29452,2.94525297509917
29453,2.94535287842928
29454,2.94545278175939
29455,2.9455526850895
29456,2.94565258841961
29457,2.94575249174973
29458,2.94585239507984
29459,2.94595229840995
29460,2.94605220174006
29461,2.94615210507017
29462,2.94625200840028
29463,2.94635191173039
29464,2.9464518150605
29465,2.94655171839061
29466,2.94665162172072
29467,2.94675152505084
29468,2.94685142838095
29469,2.94695133171106
29470,2.94705123504117
29471,2.94715113837128
29472,2.94725104170139
29473,2.9473509450315
29474,2.94745084836161
29475,2.94755075169172
29476,2.94765065502183
29477,2.94775055835195
29478,2.94785046168206
29479,2.94795036501217
29480,2.94805026834228
29481,2.94815017167239
29482,2.9482500750025
29483,2.94834997833261
29484,2.94844988166272
29485,2.94854978499283
29486,2.94864968832294
29487,2.94874959165306
29488,2.94884949498317
29489,2.94894939831328
29490,2.94904930164339
29491,2.9491492049735
29492,2.94924910830361
29493,2.94934901163372
29494,2.94944891496383
29495,2.94954881829394
29496,2.94964872162405
29497,2.94974862495417
29498,2.94984852828428
29499,2.94994843161439
29500,2.9500483349445
29501,2.95014823827461
29502,2.95024814160472
29503,2.95034804493483
29504,2.95044794826494
29505,2.95054785159505
29506,2.95064775492516
29507,2.95074765825528
29508,2.95084756158539
29509,2.9509474649155
29510,2.95104736824561
29511,2.95114727157572
29512,2.95124717490583
29513,2.95134707823594
29514,2.95144698156605
29515,2.95154688489616
29516,2.95164678822627
29517,2.95174669155639
29518,2.9518465948865
29519,2.95194649821661
29520,2.95204640154672
29521,2.95214630487683
29522,2.95224620820694
29523,2.95234611153705
29524,2.95244601486716
29525,2.95254591819727
29526,2.95264582152738
29527,2.9527457248575
29528,2.95284562818761
29529,2.95294553151772
29530,2.95304543484783
29531,2.95314533817794
29532,2.95324524150805
29533,2.95334514483816
29534,2.95344504816827
29535,2.95354495149838
29536,2.95364485482849
29537,2.95374475815861
29538,2.95384466148872
29539,2.95394456481883
29540,2.95404446814894
29541,2.95414437147905
29542,2.95424427480916
29543,2.95434417813927
29544,2.95444408146938
29545,2.95454398479949
29546,2.9546438881296
29547,2.95474379145972
29548,2.95484369478983
29549,2.95494359811994
29550,2.95504350145005
29551,2.95514340478016
29552,2.95524330811027
29553,2.95534321144038
29554,2.95544311477049
29555,2.9555430181006
29556,2.95564292143071
29557,2.95574282476083
29558,2.95584272809094
29559,2.95594263142105
29560,2.95604253475116
29561,2.95614243808127
29562,2.95624234141138
29563,2.95634224474149
29564,2.9564421480716
29565,2.95654205140171
29566,2.95664195473182
29567,2.95674185806194
29568,2.95684176139205
29569,2.95694166472216
29570,2.95704156805227
29571,2.95714147138238
29572,2.95724137471249
29573,2.9573412780426
29574,2.95744118137271
29575,2.95754108470282
29576,2.95764098803293
29577,2.95774089136305
29578,2.95784079469316
29579,2.95794069802327
29580,2.95804060135338
29581,2.95814050468349
29582,2.9582404080136
29583,2.95834031134371
29584,2.95844021467382
29585,2.95854011800393
29586,2.95864002133404
29587,2.95873992466416
29588,2.95883982799427
29589,2.95893973132438
29590,2.95903963465449
29591,2.9591395379846
29592,2.95923944131471
29593,2.95933934464482
29594,2.95943924797493
29595,2.95953915130504
29596,2.95963905463515
29597,2.95973895796527
29598,2.95983886129538
29599,2.95993876462549
29600,2.9600386679556
29601,2.96013857128571
29602,2.96023847461582
29603,2.96033837794593
29604,2.96043828127604
29605,2.96053818460615
29606,2.96063808793626
29607,2.96073799126638
29608,2.96083789459649
29609,2.9609377979266
29610,2.96103770125671
29611,2.96113760458682
29612,2.96123750791693
29613,2.96133741124704
29614,2.96143731457715
29615,2.96153721790726
29616,2.96163712123737
29617,2.96173702456749
29618,2.9618369278976
29619,2.96193683122771
29620,2.96203673455782
29621,2.96213663788793
29622,2.96223654121804
29623,2.96233644454815
29624,2.96243634787826
29625,2.96253625120837
29626,2.96263615453848
29627,2.9627360578686
29628,2.96283596119871
29629,2.96293586452882
29630,2.96303576785893
29631,2.96313567118904
29632,2.96323557451915
29633,2.96333547784926
29634,2.96343538117937
29635,2.96353528450948
29636,2.9636351878396
29637,2.96373509116971
29638,2.96383499449982
29639,2.96393489782993
29640,2.96403480116004
29641,2.96413470449015
29642,2.96423460782026
29643,2.96433451115037
29644,2.96443441448048
29645,2.96453431781059
29646,2.96463422114071
29647,2.96473412447082
29648,2.96483402780093
29649,2.96493393113104
29650,2.96503383446115
29651,2.96513373779126
29652,2.96523364112137
29653,2.96533354445148
29654,2.96543344778159
29655,2.9655333511117
29656,2.96563325444182
29657,2.96573315777193
29658,2.96583306110204
29659,2.96593296443215
29660,2.96603286776226
29661,2.96613277109237
29662,2.96623267442248
29663,2.96633257775259
29664,2.9664324810827
29665,2.96653238441281
29666,2.96663228774293
29667,2.96673219107304
29668,2.96683209440315
29669,2.96693199773326
29670,2.96703190106337
29671,2.96713180439348
29672,2.96723170772359
29673,2.9673316110537
29674,2.96743151438381
29675,2.96753141771392
29676,2.96763132104403
29677,2.96773122437415
29678,2.96783112770426
29679,2.96793103103437
29680,2.96803093436448
29681,2.96813083769459
29682,2.9682307410247
29683,2.96833064435481
29684,2.96843054768492
29685,2.96853045101503
29686,2.96863035434514
29687,2.96873025767526
29688,2.96883016100537
29689,2.96893006433548
29690,2.96902996766559
29691,2.9691298709957
29692,2.96922977432581
29693,2.96932967765592
29694,2.96942958098603
29695,2.96952948431614
29696,2.96962938764625
29697,2.96972929097637
29698,2.96982919430648
29699,2.96992909763659
29700,2.9700290009667
29701,2.97012890429681
29702,2.97022880762692
29703,2.97032871095703
29704,2.97042861428714
29705,2.97052851761725
29706,2.97062842094737
29707,2.97072832427748
29708,2.97082822760759
29709,2.9709281309377
29710,2.97102803426781
29711,2.97112793759792
29712,2.97122784092803
29713,2.97132774425814
29714,2.97142764758825
29715,2.97152755091836
29716,2.97162745424848
29717,2.97172735757859
29718,2.9718272609087
29719,2.97192716423881
29720,2.97202706756892
29721,2.97212697089903
29722,2.97222687422914
29723,2.97232677755925
29724,2.97242668088936
29725,2.97252658421947
29726,2.97262648754959
29727,2.9727263908797
29728,2.97282629420981
29729,2.97292619753992
29730,2.97302610087003
29731,2.97312600420014
29732,2.97322590753025
29733,2.97332581086036
29734,2.97342571419047
29735,2.97352561752058
29736,2.9736255208507
29737,2.97372542418081
29738,2.97382532751092
29739,2.97392523084103
29740,2.97402513417114
29741,2.97412503750125
29742,2.97422494083136
29743,2.97432484416147
29744,2.97442474749158
29745,2.97452465082169
29746,2.9746245541518
29747,2.97472445748192
29748,2.97482436081203
29749,2.97492426414214
29750,2.97502416747225
29751,2.97512407080236
29752,2.97522397413247
29753,2.97532387746258
29754,2.97542378079269
29755,2.9755236841228
29756,2.97562358745291
29757,2.97572349078303
29758,2.97582339411314
29759,2.97592329744325
29760,2.97602320077336
29761,2.97612310410347
29762,2.97622300743358
29763,2.97632291076369
29764,2.9764228140938
29765,2.97652271742391
29766,2.97662262075403
29767,2.97672252408414
29768,2.97682242741425
29769,2.97692233074436
29770,2.97702223407447
29771,2.97712213740458
29772,2.97722204073469
29773,2.9773219440648
29774,2.97742184739491
29775,2.97752175072502
29776,2.97762165405514
29777,2.97772155738525
29778,2.97782146071536
29779,2.97792136404547
29780,2.97802126737558
29781,2.97812117070569
29782,2.9782210740358
29783,2.97832097736591
29784,2.97842088069602
29785,2.97852078402613
29786,2.97862068735625
29787,2.97872059068636
29788,2.97882049401647
29789,2.97892039734658
29790,2.97902030067669
29791,2.9791202040068
29792,2.97922010733691
29793,2.97932001066702
29794,2.97941991399713
29795,2.97951981732724
29796,2.97961972065736
29797,2.97971962398747
29798,2.97981952731758
29799,2.97991943064769
29800,2.9800193339778
29801,2.98011923730791
29802,2.98021914063802
29803,2.98031904396813
29804,2.98041894729824
29805,2.98051885062835
29806,2.98061875395847
29807,2.98071865728858
29808,2.98081856061869
29809,2.9809184639488
29810,2.98101836727891
29811,2.98111827060902
29812,2.98121817393913
29813,2.98131807726924
29814,2.98141798059935
29815,2.98151788392946
29816,2.98161778725958
29817,2.98171769058969
29818,2.9818175939198
29819,2.98191749724991
29820,2.98201740058002
29821,2.98211730391013
29822,2.98221720724024
29823,2.98231711057035
29824,2.98241701390046
29825,2.98251691723057
29826,2.98261682056069
29827,2.9827167238908
29828,2.98281662722091
29829,2.98291653055102
29830,2.98301643388113
29831,2.98311633721124
29832,2.98321624054135
29833,2.98331614387146
29834,2.98341604720157
29835,2.98351595053168
29836,2.9836158538618
29837,2.98371575719191
29838,2.98381566052202
29839,2.98391556385213
29840,2.98401546718224
29841,2.98411537051235
29842,2.98421527384246
29843,2.98431517717257
29844,2.98441508050268
29845,2.98451498383279
29846,2.98461488716291
29847,2.98471479049302
29848,2.98481469382313
29849,2.98491459715324
29850,2.98501450048335
29851,2.98511440381346
29852,2.98521430714357
29853,2.98531421047368
29854,2.98541411380379
29855,2.9855140171339
29856,2.98561392046402
29857,2.98571382379413
29858,2.98581372712424
29859,2.98591363045435
29860,2.98601353378446
29861,2.98611343711457
29862,2.98621334044468
29863,2.98631324377479
29864,2.9864131471049
29865,2.98651305043501
29866,2.98661295376513
29867,2.98671285709524
29868,2.98681276042535
29869,2.98691266375546
29870,2.98701256708557
29871,2.98711247041568
29872,2.98721237374579
29873,2.9873122770759
29874,2.98741218040601
29875,2.98751208373612
29876,2.98761198706624
29877,2.98771189039635
29878,2.98781179372646
29879,2.98791169705657
29880,2.98801160038668
29881,2.98811150371679
29882,2.9882114070469
29883,2.98831131037701
29884,2.98841121370712
29885,2.98851111703723
29886,2.98861102036735
29887,2.98871092369746
29888,2.98881082702757
29889,2.98891073035768
29890,2.98901063368779
29891,2.9891105370179
29892,2.98921044034801
29893,2.98931034367812
29894,2.98941024700823
29895,2.98951015033834
29896,2.98961005366846
29897,2.98970995699857
29898,2.98980986032868
29899,2.98990976365879
29900,2.9900096669889
29901,2.99010957031901
29902,2.99020947364912
29903,2.99030937697923
29904,2.99040928030934
29905,2.99050918363945
29906,2.99060908696957
29907,2.99070899029968
29908,2.99080889362979
29909,2.9909087969599
29910,2.99100870029001
29911,2.99110860362012
29912,2.99120850695023
29913,2.99130841028034
29914,2.99140831361045
29915,2.99150821694056
29916,2.99160812027068
29917,2.99170802360079
29918,2.9918079269309
29919,2.99190783026101
29920,2.99200773359112
29921,2.99210763692123
29922,2.99220754025134
29923,2.99230744358145
29924,2.99240734691156
29925,2.99250725024167
29926,2.99260715357179
29927,2.9927070569019
29928,2.99280696023201
29929,2.99290686356212
29930,2.99300676689223
29931,2.99310667022234
29932,2.99320657355245
29933,2.99330647688256
29934,2.99340638021267
29935,2.99350628354279
29936,2.9936061868729
29937,2.99370609020301
29938,2.99380599353312
29939,2.99390589686323
29940,2.99400580019334
29941,2.99410570352345
29942,2.99420560685356
29943,2.99430551018367
29944,2.99440541351378
29945,2.99450531684389
29946,2.99460522017401
29947,2.99470512350412
29948,2.99480502683423
29949,2.99490493016434
29950,2.99500483349445
29951,2.99510473682456
29952,2.99520464015467
29953,2.99530454348478
29954,2.99540444681489
29955,2.995504350145
29956,2.99560425347512
29957,2.99570415680523
29958,2.99580406013534
29959,2.99590396346545
29960,2.99600386679556
29961,2.99610377012567
29962,2.99620367345578
29963,2.99630357678589
29964,2.996403480116
29965,2.99650338344611
29966,2.99660328677623
29967,2.99670319010634
29968,2.99680309343645
29969,2.99690299676656
29970,2.99700290009667
29971,2.99710280342678
29972,2.99720270675689
29973,2.997302610087
29974,2.99740251341711
29975,2.99750241674723
29976,2.99760232007734
29977,2.99770222340745
29978,2.99780212673756
29979,2.99790203006767
29980,2.99800193339778
29981,2.99810183672789
29982,2.998201740058
29983,2.99830164338811
29984,2.99840154671822
29985,2.99850145004834
29986,2.99860135337845
29987,2.99870125670856
29988,2.99880116003867
29989,2.99890106336878
29990,2.99900096669889
29991,2.999100870029
29992,2.99920077335911
29993,2.99930067668922
29994,2.99940058001933
29995,2.99950048334945
29996,2.99960038667956
29997,2.99970029000967
29998,2.99980019333978
29999,2.99990009666989
30000,3
