TTM,quote_date,expiration_date,rf_gross,kappa,g_scale
30,19960117,19960216,1.00452312735247,0.835186421614709,0.431840336552178
30,19960214,19960315,1.00428327942304,0.833637590322583,0.432612996731426
30,19960320,19960419,1.00435259937557,0.832268753473211,0.433175679175478
30,19960417,19960517,1.00439295104891,0.833218599313591,0.432747038012575
30,19960522,19960621,1.00437127704051,0.834436204965587,0.432229770608379
30,19960619,19960719,1.00437343465227,0.834230467694553,0.432317776815892
30,19960717,19960816,1.00439288687364,0.83397687533981,0.432419048317022
30,19960821,19960920,1.00434686711138,0.834920519793669,0.432030985952813
30,19960918,19961018,1.00440092754091,0.834017763422395,0.43239790633128
30,19961016,19961115,1.00432552571702,0.83398923643502,0.432442705613431
30,19961120,19961220,1.00433184136915,0.833704421421225,0.432563169177637
30,19961218,19970117,1.00450147886171,0.833009015785824,0.432790979743755
30,19970122,19970221,1.00437257175748,0.834386558281003,0.432250672709578
30,19970219,19970321,1.00432942126645,0.833381568777058,0.432703888558023
30,19970319,19970418,1.00443354198355,0.833103632294339,0.432779302426335
30,19970416,19970516,1.00457346168965,0.834408241790422,0.432154862493284
30,19970521,19970620,1.00457399100859,0.835244390037438,0.431793440473779
30,19970618,19970718,1.00457312604304,0.833891763189958,0.432378263346049
30,19970716,19970815,1.00456543960627,0.833393662445414,0.432596994919753
30,19970820,19970919,1.00453035159523,0.834176222053384,0.432273693103504
30,19970917,19971017,1.00455248074798,0.833361562963309,0.43261646201903
30,19971022,19971121,1.00455460826579,0.834259103954872,0.432227429807975
30,19971119,19971219,1.00457395628317,0.832545227604022,0.432960510400489
30,19971217,19980116,1.00475929184695,0.833568385666417,0.432437968690263
30,19980121,19980220,1.00451820442472,0.833318166891164,0.432649998727054
30,19980218,19980320,1.00452677471278,0.833988931069296,0.432356201163757
30,19980318,19980417,1.0045636925913,0.834906999131615,0.431943576313835
30,19980415,19980515,1.00455199622537,0.834721895589986,0.432028568207865
30,19980520,19980619,1.00454202946999,0.83500206228336,0.431911830399677
30,19980617,19980717,1.00454688757497,0.834057709086739,0.432317809619077
30,19980722,19980821,1.00454674916159,0.835105840788107,0.431864980507996
30,19980819,19980918,1.00454650435711,0.833444115158615,0.432583323625329
30,19980916,19981016,1.00450779037375,0.832413004067331,0.433046284196144
30,19981021,19981120,1.00420701422583,0.833175846594676,0.432845669462297
30,19981118,19981218,1.00406757729158,0.833647087124067,0.432701824943547
30,19981216,19990115,1.00439748821437,0.832636469022311,0.432997070523018
30,19990120,19990219,1.0039823504526,0.833030707056197,0.433005370116147
30,19990217,19990319,1.00397341429381,0.832111702040868,0.433407344765096
30,19990317,19990416,1.00396304046026,0.833135005958009,0.432968537942958
30,19990421,19990521,1.00395022464637,0.834708735998197,0.432293216537903
30,19990519,19990618,1.0039633074288,0.833670860103901,0.432736477035985
30,19990616,19990716,1.00402235171386,0.834158856768422,0.432499918757843
30,19990721,19990820,1.00415270549466,0.83525318034033,0.431970799336748
30,19990818,19990917,1.00424524023289,0.834632872682855,0.432199009227664
30,19990915,19991015,1.00433084651017,0.834454002668508,0.432239477592568
30,19991020,19991119,1.00436017339119,0.835122973176053,0.431937806061839
30,19991117,19991217,1.00450504599708,0.835701968552122,0.431625529201842
30,19991222,20000121,1.00506202999668,0.836073488103071,0.431226092825704
30,20000119,20000218,1.00465500098842,0.835875631882047,0.43148616486432
30,20000216,20000317,1.0047300125175,0.835180100825146,0.431754144807673
30,20000321,20000420,1.00492612218761,0.835816829165612,0.43139511973466
30,20000419,20000519,1.00494873510949,0.833720934158488,0.432290499352787
30,20000517,20000616,1.00531711014043,0.83482220286415,0.431656464964252
30,20000621,20000721,1.0053487982558,0.835911005161796,0.431173141382411
30,20000719,20000818,1.00533707755133,0.836977763111371,0.430718450715447
30,20000816,20000915,1.00532604813785,0.837423471236162,0.430531242076929
30,20000920,20001020,1.00532752600167,0.836371812890861,0.430983618453939
30,20001018,20001117,1.00532906347758,0.833590362057143,0.432183385940908
30,20001115,20001215,1.00532825629074,0.835116020541566,0.431524870892767
30,20001220,20010119,1.0053473700955,0.833557995383353,0.432189504517499
30,20010117,20010216,1.00476961035118,0.83470172221819,0.431943712650657
30,20010214,20010316,1.00448729925484,0.834956753297444,0.431954934424009
30,20010321,20010420,1.00407299319542,0.832828956045173,0.433053640730393
30,20010418,20010518,1.004065256496,0.835571538228931,0.431870910406671
30,20010516,20010615,1.00329086840845,0.834420877208483,0.43270185593702
30,20010620,20010720,1.00310631588173,0.83333138671245,0.433253233107039
30,20010718,20010817,1.00308149553931,0.833481976290051,0.433198713442201
30,20010822,20010921,1.00288063328176,0.83399183288794,0.433064619628808
30,20010919,20011019,1.00221346128165,0.82861529796202,0.435689121888242
30,20011017,20011116,1.00202355849511,0.83109139631209,0.434694014577293
30,20011121,20011221,1.00169133943278,0.831489229845978,0.43466522557028
30,20011219,20020118,1.00153912333579,0.831305834185455,0.434811022080656
30,20020116,20020215,1.00140289982036,0.831401880042413,0.434828405114735
30,20020213,20020315,1.00148807459726,0.832270643465697,0.43441385687958
30,20020320,20020419,1.00153990511421,0.833121085171499,0.434022108103882
30,20020417,20020517,1.00149569178356,0.83372806639648,0.43377789404681
30,20020522,20020621,1.00147900043355,0.832813564822568,0.434182002316577
30,20020619,20020719,1.00147792012385,0.830880005498919,0.435022800391618
30,20020717,20020816,1.00147885894183,0.827443646651302,0.43651985707425
30,20020821,20020920,1.00145731094295,0.831104147883779,0.434934254681327
30,20020918,20021018,1.00146526822472,0.828133114254419,0.436224914358873
30,20021016,20021115,1.00146629233591,0.825872879482181,0.437211553083324
30,20021120,20021220,1.00110149980756,0.83026883243218,0.435452427122087
30,20021218,20030117,1.00112599335799,0.82877210988686,0.436093996838572
30,20030122,20030221,1.00108874336081,0.828595526422914,0.436187240325559
30,20030219,20030321,1.00107734992495,0.82776234919129,0.436555781503063
30,20030318,20030417,1.00103433370522,0.827350899898716,0.43675420632394
30,20030416,20030516,1.00106925249442,0.830250066857185,0.435474626149354
30,20030521,20030620,1.00105763824579,0.830454780379997,0.435390539061592
30,20030618,20030718,1.00090879215284,0.830781319187323,0.435313116563748
30,20030716,20030815,1.00088696006185,0.83119982760321,0.435140463878486
30,20030820,20030919,1.00089039052747,0.831295189824159,0.435097478631686
30,20030917,20031017,1.00089737478359,0.831387994574798,0.435054065566358
30,20031022,20031121,1.00089687818878,0.831910422624839,0.43482705621803
30,20031119,20031219,1.00089669329141,0.831856391991209,0.434850631164797
30,20031217,20040116,1.00091595518988,0.832851880535608,0.43440959768224
30,20040121,20040220,1.00088192252133,0.831868975016815,0.434851576800871
30,20040218,20040319,1.0008761221432,0.831856566729187,0.434859492724722
30,20040317,20040416,1.00087559224883,0.832183782775508,0.434717453151235
30,20040421,20040521,1.00088579974367,0.83247817871031,0.434585060792633
30,20040519,20040618,1.00088935738485,0.831783551348549,0.434885494539079
30,20040616,20040716,1.00101188377881,0.832552463261964,0.434498044252645
30,20040721,20040820,1.00114717661878,0.833391879188209,0.434074804861299
30,20040818,20040917,1.00128857173794,0.832991835429917,0.434187166916332
30,20040915,20041015,1.0014379079161,0.833506597504498,0.43389900791347
30,20041020,20041119,1.00153292922001,0.8337992855361,0.433730874953467
30,20041117,20041217,1.00171590872038,0.834183458974085,0.433485081595463
30,20041222,20050121,1.00195225012359,0.835100384962988,0.432985632889943
30,20050119,20050218,1.00200451549548,0.833687562318634,0.433575180320333
30,20050216,20050318,1.00209163105509,0.83491960233409,0.433003681383918
30,20050316,20050415,1.00227945069954,0.833718466024345,0.433442851146499
30,20050420,20050520,1.00241249069692,0.833096751563254,0.433654850391669
30,20050518,20050617,1.00249064491792,0.834225042943552,0.433132067658041
30,20050615,20050715,1.00260449294427,0.834971292912169,0.43275981699469
30,20050720,20050819,1.0027604467401,0.834259692799657,0.433000525868376
30,20050817,20050916,1.00288929813623,0.834936777786052,0.432651852614015
30,20050921,20051021,1.00308676910181,0.834246584596837,0.432865336974975
30,20051019,20051118,1.00321625897782,0.835400694559833,0.432310243413002
30,20051116,20051216,1.00333172995963,0.835485692817895,0.432223750062815
30,20051221,20060120,1.00352597580324,0.835762526372185,0.432020473069471
30,20060118,20060217,1.00360605407583,0.835205667877574,0.432226623985814
30,20060215,20060317,1.00368571633533,0.835775250877458,0.431946218973913
30,20060322,20060421,1.00387627203805,0.835982614339999,0.431774683404784
30,20060419,20060519,1.00396436507071,0.836004366208129,0.43172740627827
30,20060517,20060616,1.00409123756747,0.83412731909389,0.432483886346829
30,20060621,20060721,1.00427255566122,0.834552770079095,0.432221874463448
30,20060719,20060818,1.00433485088272,0.835216053029737,0.431908492751359
30,20060816,20060915,1.00429250554426,0.835514587880677,0.431797777962485
30,20060920,20061020,1.00429382100987,0.835662788669752,0.43173322442994
30,20061018,20061117,1.00428523402644,0.83537448358992,0.431861405787859
30,20061115,20061215,1.00428480488808,0.835967124959716,0.431605727106048
30,20061220,20070119,1.00431056523543,0.836398603991627,0.43140847263865
30,20070117,20070216,1.00428472396324,0.836215275542538,0.431498671951059
30,20070214,20070316,1.00430391202308,0.836349097150728,0.431432688931248
30,20070321,20070420,1.00428594508068,0.836166138541493,0.431519350335014
30,20070418,20070518,1.00428615667923,0.834912651353727,0.432060502428514
30,20070516,20070615,1.00428553925502,0.833372958430234,0.432726521358172
30,20070620,20070720,1.00428641189589,0.834865399274585,0.432080808864334
30,20070718,20070817,1.00428622131124,0.834977294030182,0.432032545979988
30,20070822,20070921,1.00441963889801,0.833893261640913,0.43244368783858
30,20070919,20071019,1.00413562584187,0.834124477552786,0.432465997067075
30,20071017,20071116,1.00403834894075,0.834317778931717,0.432424300520361
30,20071121,20071221,1.00385133588632,0.831846738068466,0.433574917966566
30,20071219,20080118,1.00399155113716,0.833740166185622,0.432694314157537
30,20080116,20080215,1.00323861660266,0.832394081566166,0.433602325711398
30,20080219,20080320,1.00250578498418,0.833108171677242,0.433609542097263
30,20080319,20080418,1.00209830294925,0.831092910166474,0.434660933629735
30,20080416,20080516,1.00220121182975,0.831864572254137,0.434281053847716
30,20080521,20080620,1.00193326069666,0.832278764258268,0.434217308827651
30,20080618,20080718,1.00201930129144,0.831446730457305,0.434541426586159
30,20080716,20080815,1.00197712979721,0.83051414581396,0.43496516843508
30,20080820,20080919,1.00199179019051,0.831839231470793,0.434382828370634
30,20080917,20081017,1.00254182604537,0.826794967871687,0.436339979962087
30,20081022,20081121,1.00252484147406,0.814467435658365,0.441759750725991
30,20081119,20081219,1.00111789376896,0.80701994161229,0.445687515238199
30,20081217,20090116,1.00047645026736,0.820811129811571,0.439864978322325
30,20090121,20090220,1.00029114590703,0.823596930848567,0.438722565741799
30,20090218,20090320,1.00039080120298,0.822016844915036,0.439372560000144
30,20090318,20090417,1.00043732277503,0.823635775350003,0.438641423546602
30,20090415,20090515,1.00035879390422,0.824093856850462,0.438474953931361
30,20090520,20090619,1.0002515260119,0.826761205786778,0.43735384386197
30,20090617,20090717,1.00025522593603,0.827679795168516,0.436950663451679
30,20090722,20090821,1.00023098349548,0.82883289007287,0.436457686347173
30,20090819,20090918,1.00021823763033,0.8291302209993,0.436333493433263
30,20090916,20091016,1.00019635876045,0.829392497595147,0.436228610482674
30,20091021,20091120,1.00019654308995,0.829844856016389,0.436031243065089
30,20091118,20091218,1.00019000053236,0.829952340136974,0.435987231060033
30,20091216,20100115,1.00018636037986,0.829970037544897,0.435981102020649
30,20100120,20100219,1.00018463788203,0.830684624060061,0.435670417392653
30,20100217,20100319,1.00018489425874,0.829757510193849,0.436074408995011
30,20100317,20100416,1.00019118113177,0.831480503537169,0.435320966306178
30,20100421,20100521,1.00021076682562,0.831950480040151,0.435107903488345
30,20100519,20100618,1.0002757950178,0.828410859547197,0.436622362493703
30,20100616,20100716,1.00028020760527,0.829373896828361,0.436200157045898
30,20100721,20100820,1.00026677800456,0.82904328846857,0.436350250673814
30,20100818,20100917,1.00021482880782,0.829431021508804,0.436203750450806
30,20100915,20101015,1.00020702263171,0.83024924509771,0.435850385823901
30,20101020,20101119,1.0002066324982,0.83071522035332,0.43564750756586
30,20101117,20101217,1.00020463892003,0.829896262210594,0.436005299803251
30,20101222,20110121,1.00021034632223,0.831362375415547,0.435364050751566
30,20110119,20110218,1.00020974128128,0.831466348202247,0.435319050421577
30,20110216,20110318,1.00021271883671,0.83185748105499,0.43514752072965
30,20110316,20110415,1.00020346665624,0.828864600903594,0.43645585324291
30,20110420,20110520,1.00017040262647,0.831858495253768,0.435165490041866
30,20110518,20110617,1.00015591663045,0.831806251888985,0.435194528297309
30,20110615,20110715,1.00014842268479,0.830796476612177,0.435637463054031
30,20110720,20110819,1.00014948666086,0.830727990046754,0.435666835919029
30,20110817,20110916,1.00016914043317,0.828318344872174,0.436709322547476
30,20110921,20111021,1.00018757256409,0.826791246666873,0.437368669765603
30,20111019,20111118,1.00019468899171,0.827330947003177,0.43712957521599
30,20111116,20111216,1.00020072581568,0.827303032932959,0.437139139033592
30,20111221,20120120,1.00023327590714,0.829678123231824,0.436087934238921
30,20120118,20120217,1.00022287202367,0.830272368381914,0.435833401383425
30,20120215,20120316,1.00019812617234,0.829985303543271,0.435969317815898
30,20120321,20120420,1.00019429588866,0.831145240781643,0.435465581570737
30,20120418,20120518,1.00019324427318,0.830253857837493,0.435854379479043
30,20120516,20120615,1.00019063304166,0.829407756149777,0.436224451523562
30,20120620,20120720,1.00019804474624,0.830734659348342,0.43564277951768
30,20120718,20120817,1.00019741856863,0.830739752013618,0.435640833674996
30,20120822,20120921,1.00018906841717,0.831092153830997,0.435490975798633
30,20120919,20121019,1.0001757520829,0.831301345451242,0.435405681175509
30,20121017,20121116,1.00016899463737,0.831442497897957,0.435347168253441
30,20121121,20121221,1.00016736366812,0.83103670307786,0.435524575935468
30,20121219,20130118,1.00016927939228,0.830587428193486,0.435719455571802
30,20130116,20130215,1.00016438392051,0.831164263506562,0.43547032115157
30,20130213,20130315,1.00016329241099,0.831672229307054,0.435249648294878
30,20130320,20130419,1.00016371533531,0.832049692500231,0.43508520459768
30,20130417,20130517,1.00015988443417,0.830860584573053,0.435604544070593
30,20130522,20130621,1.00015541127078,0.83200818447937,0.435106877062394
30,20130619,20130719,1.00015330214018,0.831311146428794,0.435411187033656
30,20130717,20130816,1.00015233002328,0.831744483068028,0.435222971310929
30,20130821,20130920,1.00014708769305,0.831085744993953,0.435512046453242
30,20130918,20131018,1.00014493631673,0.831642285740022,0.435270669982
30,20131016,20131115,1.00014091249129,0.832052682742247,0.435093823342138
30,20131120,20131220,1.00013549272332,0.832717668409142,0.434806944585807
30,20131218,20140117,1.00013578238237,0.832213391282043,0.435026137084481
30,20140122,20140221,1.00013032708577,0.83286843070646,0.434743642456971
30,20140219,20140321,1.00012561625305,0.83223835083588,0.435019701027822
30,20140318,20140417,1.00012389090672,0.831784010225719,0.435218143858289
30,20140416,20140516,1.00012143591712,0.832436988936115,0.434935116069113
30,20140521,20140620,1.00011773833277,0.832412188068262,0.434947511031047
30,20140618,20140718,1.00012223044957,0.83304171707322,0.434671832758683
30,20140716,20140815,1.00012304530005,0.832740170719914,0.434802571973338
30,20140820,20140919,1.00012263802041,0.832755154128043,0.434796234259621
30,20140917,20141017,1.00012222552294,0.832458919166919,0.434925234568422
30,20141022,20141121,1.00012104214497,0.831457079723118,0.435361693294272
30,20141119,20141219,1.00012362391478,0.832241719294935,0.435019102280587
30,20141217,20150116,1.00012992042751,0.831759375287499,0.435226241681842
30,20150121,20150220,1.00013263686203,0.83195527689727,0.435139806636129
30,20150218,20150320,1.00014126026494,0.832399283644454,0.434942894321424
30,20150318,20150417,1.00013965661213,0.83272087716465,0.434803739169716
30,20150415,20150515,1.00014403995227,0.832058864555739,0.435089773147012
30,20150520,20150619,1.00014655749975,0.831777619938231,0.435211061506223
30,20150617,20150717,1.00014951302018,0.832136475032819,0.435053626197349
30,20150722,20150821,1.00014863193015,0.832506528036044,0.434893046203335
30,20150819,20150918,1.00015998864653,0.832175941152564,0.43503190010728
30,20150916,20151016,1.00016974385691,0.831035174241579,0.435524205325383
30,20151021,20151120,1.00015517866714,0.831734635409725,0.435226017644047
30,20151118,20151218,1.00016603877156,0.831849661317422,0.435171232983663
30,20151216,20160115,1.000288648989,0.832119692970355,0.435000412199758
30,20160120,20160219,1.00034168471709,0.829386046649761,0.436168050483559
30,20160217,20160318,1.00034776103411,0.830843255853243,0.435530279737564
30,20160316,20160415,1.00035168603252,0.831896349980966,0.435070159719854
30,20160420,20160520,1.00035576441495,0.831622517927881,0.43518753795083
30,20160518,20160617,1.00035330094246,0.831686860849703,0.435160609238863
30,20160615,20160715,1.00035806589494,0.831376304004269,0.435293698910502
30,20160720,20160819,1.00039108625782,0.832411899211262,0.434828791113573
30,20160817,20160916,1.00040927055027,0.832199343628736,0.434913320724736
30,20160921,20161021,1.0004387748069,0.832485512446896,0.43477605740363
30,20161019,20161118,1.00042056316885,0.832102436557525,0.434950559221713
30,20161116,20161216,1.00044331806966,0.831913536871594,0.435022834266344
30,20161221,20170120,1.00060716080234,0.833054567452615,0.434455592141499
30,20170118,20170217,1.00062433378003,0.833464093399612,0.434270254542217
30,20170215,20170317,1.00062642164343,0.83323805411039,0.434367521442775
30,20170322,20170421,1.00079163339562,0.83336925639185,0.434238838724207
30,20170419,20170519,1.00079787454364,0.833043220386698,0.434377730431377
30,20170517,20170616,1.00080453815912,0.833048717622545,0.434372450377724
30,20170621,20170721,1.00097889709499,0.833863271733661,0.43394317353007
30,20170719,20170818,1.00098726192978,0.834151998287467,0.433814275462684
30,20170816,20170915,1.000987404901,0.833734166726177,0.433995512644661
30,20170920,20171020,1.00099454491021,0.833994942686209,0.433879256957632
30,20171018,20171117,1.00099691975064,0.834733379506252,0.433557954196547
30,20171115,20171215,1.00101762339075,0.8339721367583,0.433879148766783
30,20171220,20180119,1.00123069010453,0.835254051203615,0.433231095876476
30,20180117,20180216,1.0012485063181,0.834964098392852,0.433349019514987
30,20180214,20180316,1.00128239149122,0.833601361329402,0.433925277545565
30,20180321,20180420,1.00149296203399,0.83384827441878,0.433726935795675
30,20180418,20180518,1.0015234472905,0.834308099267919,0.433514347124395
30,20180516,20180615,1.00154636126215,0.834504411458853,0.433419335074584
30,20180620,20180720,1.00167481668609,0.83463281598168,0.433308110806283
30,20180718,20180817,1.00167123948334,0.834964587236297,0.433165922407171
30,20180822,20180921,1.00165682506747,0.834843439481189,0.433224636926267
30,20180919,20181019,1.00174705398239,0.835173746702851,0.433042555000637
30,20181017,20181116,1.00183334109619,0.833735484918873,0.43362848037309
30,20181121,20181221,1.00186490377508,0.832879682987692,0.433986066607257
30,20181219,20190118,1.00199004460527,0.832309556307642,0.434179331764606
30,20190116,20190215,1.00201747834899,0.833840442028172,0.433503292341294
30,20190213,20190315,1.00200769176462,0.833960107777508,0.433455653458022
30,20190319,20190418,1.00199821553052,0.834401299400431,0.43326855616238
30,20190417,20190517,1.00200002690571,0.834466932241248,0.433239337255375
30,20190522,20190621,1.00196030895991,0.833475067353489,0.433686456075212
30,20190619,20190719,1.00191629848405,0.833205391200644,0.433822482121064
30,20190717,20190816,1.00185592700414,0.833330412828289,0.433794387038044
30,20190821,20190920,1.00174099492464,0.833113501966936,0.433938272996124
30,20190918,20191018,1.00164308931184,0.832767545372053,0.434130852751394
30,20191016,20191115,1.00151065815874,0.833544175715421,0.433851185611569
30,20191120,20191220,1.00137556235814,0.832326204485019,0.43443852809646
30,20191218,20200117,1.00140455670547,0.834169845849841,0.43362576170809
30,20200122,20200221,1.00132747873774,0.833348560730172,0.434015444483675
30,20200219,20200320,1.00131899407723,0.833486188110429,0.433959393302111
30,20200318,20200417,1.00062530752818,0.811975832185823,0.443702518584369
30,20200415,20200515,1.00058594461937,0.828516186935772,0.43644105192581
30,20200520,20200619,1.00013211459427,0.830532138821053,0.435759739074729
30,20200617,20200717,1.00015017188993,0.829194655281636,0.436335072493158
30,20200722,20200821,1.00013818523946,0.831266290171506,0.435437299841417
30,20200819,20200918,1.00013066301316,0.831535577136758,0.435323332187117
30,20200916,20201016,1.00011917419776,0.830604062598332,0.435734036541747
30,20201021,20201120,1.00011642829877,0.829429087749224,0.436247511722058
30,20201118,20201218,1.00011633033434,0.831131735792174,0.43550541039335
30,20201216,20210115,1.00012334566581,0.831993784125219,0.435127093246059
30,20210120,20210219,1.00010219307016,0.831943815530152,0.435158040065662
30,20210217,20210319,1.00008947148805,0.831828362253819,0.435213819430027
30,20210317,20210416,1.0000873691635,0.832292344239521,0.435012849353273
30,20210421,20210521,1.00008856050051,0.832449154757019,0.434944121991588
30,20210519,20210618,1.00007528889982,0.832045530577482,0.435125485689972
30,20210616,20210716,1.00006580618776,0.83312429744085,0.434660461279303
30,20210721,20210820,1.00007207591143,0.832970380985857,0.434724642401475
30,20210818,20210917,1.00007236525699,0.832414206488712,0.434966366563512
30,20210915,20211015,1.00006740324589,0.833034415242203,0.43469883707942
30,20211020,20211119,1.00006985200412,0.83318700671096,0.434631446570344
30,20211117,20211217,1.00007422163328,0.833127935126188,0.434655222547537
30,20211222,20220121,1.00045213682278,0.833254481256627,0.434436054292188
30,20220119,20220218,1.00039485580901,0.831958223408836,0.435024467963745
30,20220216,20220318,1.00037209873074,0.831742673994011,0.435128145676784
30,20220315,20220414,1.00037313978153,0.830561479574349,0.435641966926929
30,20220420,20220520,1.00044993564411,0.83328476199293,0.434423855260124
30,20220518,20220617,1.00069129123309,0.830488118328551,0.435535412798155
30,20220615,20220715,1.00087745032628,0.830013292949826,0.435661218900105
30,20220720,20220819,1.00141887929917,0.831822313687235,0.434638691479366
30,20220817,20220916,1.00192452123348,0.833975449848939,0.433484984339194
30,20220921,20221021,1.00225917718457,0.831300881350317,0.434500792461617
30,20221019,20221118,1.00256592642897,0.829621431765796,0.435097962618318
30,20221116,20221216,1.00277474964705,0.832312864797173,0.433838136451461
30,20221221,20230120,1.00321601261876,0.834399179287824,0.432743531875612
30,20230118,20230217,1.00326993923066,0.834309859713356,0.432758923659678
30,20230215,20230317,1.00329678196015,0.834859705391995,0.432509466546466
30,20230322,20230421,1.00344675323987,0.834114489914775,0.432767210035532
30,20230419,20230519,1.00360911387129,0.835651939541675,0.432032459344307
30,20230517,20230616,1.00370772783028,0.835708108498294,0.431965748548365
30,20230621,20230721,1.00380744882145,0.836654054337359,0.431514453458422
30,20230719,20230818,1.00388461819674,0.837062845215109,0.431304933048937
30,20230816,20230915,1.00401555818464,0.836309849473026,0.431573534571098
30,20230920,20231020,1.00408237081705,0.836780148979651,0.431341909644737
30,20231018,20231117,1.00412964056802,0.836029479017069,0.431645505803621
30,20231115,20231215,1.00412646053575,0.83706162377295,0.431201580595744
30,20231220,20240119,1.00423229073319,0.83696718971692,0.431196856515857
30,20240117,20240216,1.00428645980566,0.836858537276597,0.431220449284753
30,20240214,20240315,1.00421277338352,0.837038964183981,0.431174288615058
30,20240320,20240419,1.00422261919878,0.83727677152927,0.431067537986664
30,20240417,20240517,1.00417897117103,0.836244654777144,0.431531435988908
30,20240522,20240621,1.00423181659122,0.837579438439149,0.430933141054059
30,20240618,20240719,1.00450776405932,0.837850847403064,0.430697848658208
30,20240717,20240816,1.0042405789785,0.837619104333371,0.430912288135569
30,20240821,20240920,1.00421209802865,0.837578400957139,0.430942049888876
30,20240918,20241018,1.00418114333492,0.837271750365809,0.431087506997608
30,20241016,20241115,1.00391583977028,0.836839736669756,0.431387755113983
30,20241120,20241220,1.00388615558533,0.837166452594655,0.431259588541895
30,20241218,20250117,1.0038928550777,0.837688661037174,0.43103156342212
60,19960117,19960315,1.00879343586312,0.904123512707794,0.401367219458618
60,19960214,19960419,1.00934192642401,0.903457900015695,0.401416209703523
60,19960320,19960517,1.00857887630668,0.902108543779501,0.402262334166657
60,19960417,19960621,1.0097345898451,0.903946476125278,0.40106410961057
60,19960522,19960719,1.00866130192934,0.904056625881741,0.401446648881295
60,19960619,19960816,1.00878527796877,0.903794584800847,0.401502508917048
60,19960717,19960920,1.00995605797481,0.904579333882624,0.400722481706345
60,19960821,19961018,1.00868546077643,0.905751958153022,0.400757041314694
60,19960918,19961115,1.00887960752708,0.90474979755394,0.401081667343362
60,19961016,19961220,1.00976477120377,0.904204343876834,0.400948716931065
60,19961120,19970117,1.00862071048783,0.903522684683518,0.401677219671513
60,19961218,19970221,1.00990181966013,0.902041872241243,0.401762166882645
60,19970122,19970321,1.00873369774048,0.903906692641344,0.401478027845082
60,19970219,19970418,1.00861952713365,0.902157406517123,0.402226467248133
60,19970319,19970516,1.00887904646539,0.901784194153621,0.402273105675401
60,19970416,19970620,1.01033411490998,0.905617518076897,0.400156883080152
60,19970521,19970718,1.00913196827393,0.904993463266821,0.40088367251508
60,19970618,19970815,1.00908398023467,0.903412721568825,0.401536961769383
60,19970716,19970919,1.01017896069972,0.903859843132078,0.400922415840827
60,19970820,19971017,1.00900146028505,0.90426825826603,0.401226390198385
60,19970917,19971121,1.01016018683855,0.895904618906213,0.4041320742388
60,19971022,19971219,1.00914727524259,0.90417827511447,0.401204515720569
60,19971119,19980116,1.00913151752026,0.901736723813533,0.402191554102731
60,19971217,19980220,1.01050045254739,0.904421593945266,0.400569778313174
60,19980121,19980320,1.00887726988841,0.90449665488655,0.401184140647808
60,19980218,19980417,1.0089128063778,0.902929043969393,0.401799381579566
60,19980318,19980515,1.00897331397728,0.905132580341318,0.400890934134451
60,19980415,19980619,1.01010406989109,0.904914410191735,0.400529532853801
60,19980520,19980717,1.00900008704013,0.906390109789778,0.400376494854026
60,19980617,19980821,1.01010958258369,0.905739202724601,0.400197131189613
60,19980722,19980918,1.00898881050237,0.906441808506012,0.400360270845931
60,19980819,19981016,1.00896905692132,0.897443764526039,0.403986895530703
60,19980916,19981120,1.00977987894699,0.899321075949168,0.402905417176745
60,19981021,19981218,1.00813642678257,0.904307845869896,0.401554766409298
60,19981118,19990115,1.00808301301985,0.904973772830863,0.401308711689037
60,19981216,19990219,1.00938033129153,0.903515750884096,0.401377715912539
60,19990120,19990319,1.00786523693893,0.903312617102049,0.402062759535622
60,19990217,19990416,1.00788429323223,0.901928034380503,0.402612221831397
60,19990317,19990521,1.0088624219965,0.901315191935381,0.402468448842748
60,19990421,19990618,1.00784954231542,0.904037267343316,0.401777766741218
60,19990519,19990716,1.00793431727798,0.903716849904509,0.401872720567543
60,19990616,19990820,1.00916969364579,0.905242684581758,0.400768793874157
60,19990721,19990917,1.00830987718488,0.906285519825821,0.40069246741812
60,19990818,19991015,1.00856221381573,0.905254805319535,0.401005325472257
60,19990915,19991119,1.01005748811244,0.906460427312789,0.399929228823362
60,19991020,19991217,1.00921900807428,0.907165021081581,0.399979575877852
60,19991117,20000121,1.0102998097814,0.908045467952661,0.399200055257251
60,19991222,20000218,1.00970648300244,0.907660414011595,0.39958846789709
60,20000119,20000317,1.00944741454414,0.908286614525093,0.399440811441576
60,20000216,20000420,1.0106563025522,0.906888389398681,0.399521253984673
60,20000321,20000519,1.01005998811811,0.907308171012379,0.399589345978702
60,20000419,20000616,1.00998410665205,0.906003485253578,0.40014108562731
60,20000517,20000721,1.01207493013921,0.905934847506968,0.399341851884663
60,20000621,20000818,1.01070201485219,0.908147545377828,0.399000464075751
60,20000719,20000915,1.01064530162732,0.909124777493368,0.398633106847617
60,20000816,20001020,1.01183001539803,0.909730773419558,0.397925148212778
60,20000920,20001117,1.010625890921,0.909207982794057,0.398607595597083
60,20001018,20001215,1.0105666217621,0.906870032406929,0.399564043456042
60,20001115,20010119,1.01188809045526,0.90806563022534,0.398565426449852
60,20001220,20010216,1.01025259370976,0.906273904419093,0.399926580773979
60,20010117,20010316,1.00913866465299,0.905758098382482,0.400574601818157
60,20010214,20010420,1.0096393269911,0.905187890591158,0.400604326531887
60,20010321,20010518,1.00774516734758,0.902773257257398,0.402327604863228
60,20010418,20010615,1.00748692329367,0.907125986420368,0.400682866244524
60,20010516,20010720,1.00718291184542,0.903236610310473,0.402365721922109
60,20010620,20010817,1.0059775984193,0.902092901407439,0.403308821170307
60,20010718,20010921,1.00662122164261,0.903345617712385,0.402546357296345
60,20010822,20011019,1.00557336029905,0.90382023880036,0.402774621476712
60,20010919,20011116,1.00423643424976,0.897581286600888,0.405834932427929
60,20011017,20011221,1.00430086691338,0.900233288821827,0.404734115082062
60,20011121,20020118,1.00333022763358,0.899243813043147,0.405526722388669
60,20011219,20020215,1.0030213787762,0.899275644843514,0.405638679161434
60,20020116,20020315,1.00277611725947,0.899939850234725,0.405468487479436
60,20020213,20020419,1.00338313049844,0.900828378455021,0.404863300272901
60,20020320,20020517,1.00322787251754,0.902570095094852,0.404221303840436
60,20020417,20020621,1.0034697545948,0.901194573512299,0.404680131621222
60,20020522,20020719,1.00300646058548,0.901640395070409,0.404686597290105
60,20020619,20020816,1.00295710297189,0.89891076366169,0.405812721455389
60,20020717,20020920,1.00329468569074,0.894633690915257,0.407414998368319
60,20020821,20021018,1.00283521641395,0.898312471452959,0.406104941482574
60,20020918,20021115,1.00286828146997,0.89353678166931,0.408035557569841
60,20021016,20021220,1.00319891222529,0.889955698937607,0.409364424778427
60,20021120,20030117,1.00220759780796,0.896043334552113,0.4072823908187
60,20021218,20030221,1.00244926976625,0.892588978948147,0.408593193784508
60,20030122,20030321,1.00211192453053,0.893511841145521,0.408353712114173
60,20030219,20030417,1.00206625033457,0.89360370012079,0.408334813942594
60,20030318,20030516,1.00203931461612,0.892234904103369,0.408905115154843
60,20030416,20030620,1.00234079001912,0.894437141661176,0.407882883390173
60,20030521,20030718,1.0020017715183,0.896089165986803,0.407347383027126
60,20030618,20030815,1.00168988488921,0.896824500646485,0.407174695122017
60,20030716,20030919,1.00195752293863,0.896266265329429,0.407293234604044
60,20030820,20031017,1.00178460119521,0.897771369865028,0.406750875461765
60,20030917,20031121,1.00202679356248,0.896484833142597,0.407176072904459
60,20031022,20031219,1.0018145458306,0.898434171545106,0.406469219732589
60,20031119,20040116,1.0018163649173,0.8993580961775,0.406093108862715
60,20031217,20040220,1.00206675940789,0.899504349906548,0.405932261658731
60,20040121,20040319,1.00176817109716,0.899337095130411,0.406121174377201
60,20040218,20040416,1.00175660676861,0.898850919442364,0.40632335918625
60,20040317,20040521,1.00196176563184,0.897902692681677,0.406625552044382
60,20040421,20040618,1.00183424976932,0.899470105794809,0.40604037627079
60,20040519,20040716,1.00200521285557,0.899138821944869,0.406105611222044
60,20040616,20040820,1.00269026327124,0.899994114646653,0.405481201370523
60,20040721,20040917,1.00255855463944,0.900456596639508,0.405346961425968
60,20040818,20041015,1.00272587201939,0.900731421445124,0.405167958697028
60,20040915,20041119,1.00337924722867,0.900982898958147,0.404802312081551
60,20041020,20041217,1.00323470127143,0.90221259719661,0.404363085529204
60,20041117,20050121,1.00411049781513,0.902050687869202,0.404075813815396
60,20041222,20050218,1.00401622897238,0.903875281666264,0.403377082021294
60,20050119,20050318,1.00421348616869,0.902991800082538,0.403654310507155
60,20050216,20050415,1.00440026819339,0.903734591030607,0.403279581741345
60,20050316,20050520,1.00536110015966,0.903012883314822,0.403185040868744
60,20050420,20050617,1.00495644392499,0.90231620304101,0.403628489623213
60,20050518,20050715,1.00513402147081,0.90319830269894,0.403201359676809
60,20050615,20050819,1.00606734323712,0.903325202495321,0.40277619708336
60,20050720,20050916,1.00569608359986,0.904864548826925,0.402305120885933
60,20050817,20051021,1.00673458553636,0.903830936268915,0.402305734521177
60,20050921,20051118,1.00625739869442,0.904046400742319,0.402409801372499
60,20051019,20051216,1.00655081583503,0.904198708320817,0.402231228355843
60,20051116,20060120,1.00769454901352,0.90535616135227,0.401309929650073
60,20051221,20060217,1.00713406785458,0.905555347705563,0.401453291047597
60,20060118,20060317,1.00725988043564,0.905420228275907,0.401457388239872
60,20060215,20060421,1.0084656469373,0.906197705163258,0.400665758389473
60,20060322,20060519,1.00780263640492,0.905956359093157,0.401026121718629
60,20060419,20060616,1.00797849118318,0.906683616361218,0.400664665295302
60,20060517,20060721,1.00921014674922,0.905695144449978,0.400571445975717
60,20060621,20060818,1.00858888605682,0.905811079309217,0.400771719940833
60,20060719,20060915,1.00865204537454,0.905937569064686,0.400695937461699
60,20060816,20061020,1.0095744274537,0.906344692589427,0.400166897282666
60,20060920,20061117,1.00851239583783,0.905918554411184,0.400759042377927
60,20061018,20061215,1.00848355690075,0.906393946714958,0.40058002468606
60,20061115,20070119,1.00953834681406,0.906713044293005,0.400033818863278
60,20061220,20070216,1.00848945385408,0.906221804649086,0.400646644574602
60,20070117,20070316,1.00846434477217,0.906912572223404,0.400379954973587
60,20070214,20070420,1.00954905120465,0.906997452207149,0.399915821848002
60,20070321,20070518,1.00844456813997,0.907160856560865,0.400288409153724
60,20070418,20070615,1.00845765516251,0.906616586205164,0.40050113609113
60,20070516,20070720,1.00950456349585,0.90599615188947,0.400334099720045
60,20070620,20070817,1.00847143363399,0.905843989938331,0.400805205167537
60,20070718,20070921,1.00951007152582,0.905552910969239,0.400509398257996
60,20070822,20071019,1.00848496355038,0.904176608804432,0.401468671457412
60,20070919,20071116,1.00809389166573,0.904446847873377,0.401515894060205
60,20071017,20071221,1.00894491634161,0.90355028187655,0.40153706665113
60,20071121,20080118,1.00759077383942,0.901237561472939,0.403007675884641
60,20071219,20080215,1.00765109272046,0.902982799559545,0.402280862606279
60,20080116,20080320,1.00678060667601,0.900492812296541,0.403632473530652
60,20080219,20080418,1.0048708981839,0.902727785210797,0.403496744704427
60,20080319,20080516,1.00401000174548,0.899872130702204,0.404997609719567
60,20080416,20080620,1.00490806804767,0.897776050130731,0.405484709916648
60,20080521,20080718,1.00396508430318,0.899376715720958,0.405216429901428
60,20080618,20080815,1.00426304971598,0.898812353857678,0.405324887330244
60,20080716,20080919,1.00469194130135,0.896435120749528,0.406116144861482
60,20080820,20081017,1.00420034162686,0.898652898112304,0.405414838736752
60,20080917,20081121,1.00594538891346,0.893303927914256,0.40688214205157
60,20081022,20081219,1.00465077710033,0.882308139983643,0.411910932755672
60,20081119,20090116,1.00264539569421,0.870583344710021,0.417602503481901
60,20081217,20090220,1.0017652902113,0.881642089934451,0.413372637084121
60,20090121,20090320,1.0012153171016,0.887445872336883,0.411206214637045
60,20090218,20090417,1.00142291924626,0.88669001360333,0.41143183548876
60,20090318,20090515,1.00135296062849,0.88612330872894,0.411693822601221
60,20090415,20090619,1.00134954186012,0.881581747598526,0.413569219437926
60,20090520,20090717,1.00072473597453,0.890118399935494,0.410309767766592
60,20090617,20090821,1.00090932001465,0.890131035646618,0.410228916371397
60,20090722,20090918,1.00062034104351,0.892687370427199,0.409299744738104
60,20090819,20091016,1.0005445504173,0.893088787792919,0.409166469442295
60,20090916,20091120,1.00053522645461,0.892855231585719,0.409265857874316
60,20091021,20091218,1.00044480120471,0.894651889275347,0.408568132491199
60,20091118,20100115,1.00039968059309,0.894837321101723,0.408510802042255
60,20091216,20100219,1.00046529290402,0.894196863415006,0.40874571169006
60,20100120,20100319,1.00038750377018,0.895947122665725,0.408062654516802
60,20100217,20100416,1.00039774954244,0.895262517675872,0.408337929777452
60,20100317,20100521,1.00048024490886,0.894900250189062,0.408452202113878
60,20100421,20100618,1.00048614184686,0.897244581345972,0.407493374607959
60,20100519,20100716,1.00073355167526,0.89603171751491,0.407887042196063
60,20100616,20100820,1.00085155773553,0.894749806273705,0.408362098584449
60,20100721,20100917,1.00063752135742,0.894265450501317,0.408647330008815
60,20100818,20101015,1.00048187279061,0.894743846311222,0.408515425922686
60,20100915,20101119,1.00051702660633,0.894200684143369,0.408723015065849
60,20101020,20101217,1.00045287009044,0.895499797061231,0.408218558814197
60,20101117,20110121,1.00051455018291,0.894156712759439,0.408741999272787
60,20101222,20110218,1.00046643165737,0.896919579344657,0.407633862930222
60,20110119,20110318,1.00045970236422,0.896743523010008,0.40770837808195
60,20110216,20110415,1.00046529670618,0.897584180078081,0.407363501292896
60,20110316,20110520,1.00052441324522,0.894364355833071,0.408653107140519
60,20110420,20110617,1.00039106101742,0.897715569161913,0.407340206808861
60,20110518,20110715,1.00036472501107,0.89712883128344,0.40759000896402
60,20110615,20110819,1.00042892853498,0.894869380487439,0.408485763052178
60,20110720,20110916,1.0003738826587,0.896661551688813,0.407776779049232
60,20110817,20111021,1.00051385791323,0.894132493958863,0.408752181454846
60,20110921,20111118,1.00050284019077,0.892985180304438,0.409225923964911
60,20111019,20111216,1.00054061311816,0.893815802209325,0.408870716596717
60,20111116,20120120,1.00077826659064,0.892381470350201,0.409360360333921
60,20111221,20120217,1.00071111777258,0.894522589192748,0.408512218597957
60,20120118,20120316,1.00061748102011,0.895984220119512,0.407953732976066
60,20120215,20120420,1.0006247113092,0.894957380592491,0.408369900330638
60,20120321,20120518,1.00056978680307,0.896517638315865,0.407755616643635
60,20120418,20120615,1.00054262872981,0.895943494992462,0.408000868235302
60,20120516,20120720,1.00064720996061,0.894084785431456,0.408717207600809
60,20120620,20120817,1.00055575726903,0.895893607724105,0.408015869044576
60,20120718,20120921,1.00060764931121,0.894072110061716,0.408738547779161
60,20120822,20121019,1.00051525162413,0.895603263573588,0.40815087449643
60,20120919,20121116,1.00043080565152,0.896429839046082,0.407848069776159
60,20121017,20121221,1.00044782357769,0.894997911938194,0.408425549248975
60,20121121,20130118,1.00041924296854,0.895981978937457,0.408035485519216
60,20121219,20130215,1.00040415842027,0.895471674344313,0.408249916723947
60,20130116,20130315,1.00038438525826,0.896302602388759,0.407918893904109
60,20130213,20130419,1.00044284595688,0.895489235821071,0.408226960400415
60,20130320,20130517,1.00040208715824,0.89726397274277,0.40751971011701
60,20130417,20130621,1.00043328366414,0.895967720512921,0.408035576801423
60,20130522,20130719,1.0003680957823,0.897050976041398,0.407620369724078
60,20130619,20130816,1.00036369060315,0.897151535677511,0.407581176436374
60,20130717,20130920,1.0004146595992,0.896072977364995,0.408000225853078
60,20130821,20131018,1.00035810803258,0.896995973576621,0.407646860442373
60,20130918,20131115,1.00033679744404,0.896953150662615,0.407673002084166
60,20131016,20131220,1.00038336483147,0.896513500416305,0.40783328968916
60,20131120,20140117,1.00032086428707,0.89758769294355,0.407420887699088
60,20131218,20140221,1.00037247902824,0.897664587320945,0.40736854105064
60,20140122,20140321,1.0003198374228,0.898965494409145,0.40686034679275
60,20140219,20140417,1.00030296752923,0.898504362655442,0.407054871059267
60,20140318,20140516,1.00031438620899,0.898553532342661,0.407030210450692
60,20140416,20140620,1.00033723377421,0.897140269340948,0.407596548200595
60,20140521,20140718,1.00029341666173,0.898172641115146,0.407193810202777
60,20140618,20140815,1.00029980367108,0.898944184739369,0.40687716561463
60,20140716,20140919,1.00034520718673,0.898134468083659,0.407188272013115
60,20140820,20141017,1.00030429301258,0.898983186027663,0.406859471206768
60,20140917,20141121,1.00035669940641,0.897624062121405,0.407391476166413
60,20141022,20141219,1.00030463752684,0.897715387124607,0.407375474007793
60,20141119,20150116,1.00030309540358,0.898354980490572,0.407115630295195
60,20141217,20150220,1.00036661979918,0.897458005067929,0.40745509133853
60,20150121,20150320,1.00033594319417,0.898782346115229,0.406928317596326
60,20150218,20150417,1.00035836597466,0.899103762334214,0.406788426988003
60,20150318,20150515,1.0003489796307,0.899206620880887,0.406750404004895
60,20150415,20150619,1.0004160577844,0.897660525957279,0.407352450222445
60,20150520,20150717,1.00037348415681,0.898749601212219,0.406926371365357
60,20150617,20150821,1.00044602507562,0.897644884916487,0.40734661969052
60,20150722,20150918,1.00040157013569,0.898864480734075,0.406868203517995
60,20150819,20151016,1.00042453631783,0.898810323277049,0.406880898312077
60,20150916,20151120,1.00054343822356,0.896390110865438,0.407818359309026
60,20151021,20151218,1.0004215006264,0.897323463625433,0.407487559563646
60,20151118,20160115,1.00049363261529,0.898064417224485,0.407156385393993
60,20151216,20160219,1.00083131690633,0.898130773077364,0.406992002084288
60,20160120,20160318,1.00083226040045,0.895780621118263,0.407949235390338
60,20160217,20160415,1.000834401814,0.897166372637631,0.40738343897967
60,20160316,20160520,1.00096033903012,0.896599003405155,0.407563356788551
60,20160420,20160617,1.00087573350249,0.89770307608779,0.407148039459225
60,20160518,20160715,1.00089401407044,0.897657434866566,0.407159186028344
60,20160615,20160819,1.0009852635992,0.896988983258826,0.407394301892901
60,20160720,20160916,1.00095443502538,0.898060969978854,0.406970348573716
60,20160817,20161021,1.0012036961667,0.897620264158795,0.407048377704673
60,20160921,20161118,1.00112466053457,0.898770378560557,0.406612592861148
60,20161019,20161216,1.00108814008375,0.89852610869672,0.406726765353726
60,20161116,20170120,1.00133986204313,0.89818948259783,0.406761423757025
60,20161221,20170217,1.0013940744674,0.899940223943004,0.40602793042728
60,20170118,20170317,1.00144048116781,0.900065674407315,0.405958184276569
60,20170215,20170421,1.00171378121135,0.899828505670741,0.405943691439449
60,20170322,20170519,1.00171667368034,0.900741002493985,0.405572266965601
60,20170419,20170616,1.00171332911508,0.900686920245894,0.405595556034759
60,20170517,20170721,1.00196456400712,0.900518123214807,0.405562308011215
60,20170621,20170818,1.00199590087653,0.901617867617954,0.405103868497757
60,20170719,20170915,1.00200889003947,0.901999315907503,0.404944122380266
60,20170816,20171020,1.0022758078026,0.900831572753943,0.405309301952324
60,20170920,20171117,1.00206525673559,0.901904747468527,0.404959638651168
60,20171018,20171215,1.00208908058491,0.902860047080331,0.404563347197512
60,20171115,20180119,1.0024816069864,0.90141639310613,0.404989180927907
60,20171220,20180216,1.00252920514577,0.904002109680453,0.403924167935375
60,20180117,20180316,1.00261158248087,0.903635031291649,0.404039267275924
60,20180214,20180420,1.00318704459763,0.902168076410948,0.404400298725968
60,20180321,20180518,1.00329620892805,0.902395396137769,0.404264389958282
60,20180418,20180615,1.00333016124414,0.902974056800104,0.404016853487819
60,20180516,20180720,1.00377095684425,0.903087921036525,0.403793453427925
60,20180620,20180817,1.00351473314535,0.903484075227997,0.40373657889138
60,20180718,20180921,1.0040062616694,0.903499180416541,0.403532827223564
60,20180822,20181019,1.00349146883909,0.903563783646951,0.403713758194858
60,20180919,20181116,1.00362710297779,0.904066236077438,0.403456430119387
60,20181017,20181221,1.00431724711155,0.902170590050067,0.403944193854345
60,20181121,20190118,1.00401762170811,0.901548117203483,0.404316339109688
60,20181219,20190215,1.00413119466676,0.900524683028039,0.404684564777646
60,20190116,20190315,1.00410792868086,0.902455634864108,0.403913251114343
60,20190213,20190418,1.00450600185151,0.901969645434688,0.403949452810734
60,20190319,20190517,1.00411214724423,0.903336270455025,0.403556011843239
60,20190417,20190621,1.00452677839572,0.903101845362841,0.403484014679206
60,20190522,20190719,1.00393230663096,0.901670020065049,0.404301409775634
60,20190619,20190816,1.00366843996754,0.901433936399565,0.404503186838126
60,20190717,20190920,1.0039828091744,0.900805921746437,0.404630562095455
60,20190821,20191018,1.00333185912289,0.900432005606702,0.405044506068705
60,20190918,20191115,1.00329648513101,0.901166102402078,0.404761543791292
60,20191016,20191220,1.00337751640685,0.900619232967459,0.404950250223006
60,20191120,20200117,1.00284753699732,0.900742847425748,0.405114175063173
60,20191218,20200221,1.00320816359163,0.90098265875092,0.404871442915399
60,20200122,20200320,1.00268719769173,0.901422354750032,0.40490372815937
60,20200219,20200417,1.00261733050957,0.901218597434869,0.405014460044316
60,20200318,20200515,1.00126247927682,0.886463642258009,0.411590924214805
60,20200415,20200619,1.0012231073708,0.898093922938027,0.406847733411237
60,20200520,20200717,1.00036012220535,0.89892036093541,0.406862325108205
60,20200617,20200821,1.00046043260453,0.897375100014526,0.407450662743804
60,20200722,20200918,1.00033868061918,0.898121562140711,0.407196183871931
60,20200819,20201016,1.00030101845939,0.898536508175478,0.407042579393191
60,20200916,20201120,1.00034572819641,0.895123415329219,0.408415972393713
60,20201021,20201218,1.00029614947374,0.896091615969054,0.408040958311067
60,20201118,20210115,1.00030988686118,0.897470714182052,0.407473021647758
60,20201216,20210219,1.00031720104749,0.89821708759752,0.407166030919189
60,20210120,20210319,1.00026172479112,0.899001810946897,0.406869207982435
60,20210217,20210416,1.00021135776383,0.899162664237447,0.406824252161583
60,20210317,20210521,1.00024830391821,0.898110191475157,0.407237606320397
60,20210421,20210618,1.00023063190417,0.899250003343373,0.406780883351672
60,20210519,20210716,1.00019120439778,0.899623544538233,0.406644991611746
60,20210616,20210820,1.00019409363608,0.899782996959594,0.406578981773414
60,20210721,20210917,1.00017664028321,0.900484509467936,0.40630095148923
60,20210818,20211015,1.00017103260562,0.900082003332655,0.406466801964267
60,20210915,20211119,1.00018692790329,0.900345587361318,0.406353219924939
60,20211020,20211217,1.00018997314535,0.900470143079918,0.406301372404815
60,20211117,20220121,1.0002798570238,0.900353636144706,0.406312198110581
60,20211222,20220218,1.00089047481831,0.901273673768292,0.405690894742025
60,20220119,20220318,1.00080159978075,0.900366843977468,0.406095013789095
60,20220216,20220414,1.00077948887107,0.900684758200986,0.405974900212412
60,20220315,20220520,1.00100312443252,0.899487941179731,0.406370260695013
60,20220420,20220617,1.00109673877586,0.901958042213189,0.405329817127999
60,20220518,20220715,1.00161303451,0.89978287592405,0.406003048458074
60,20220615,20220819,1.00232358325677,0.897922025207222,0.406470910630735
60,20220720,20220916,1.00304840087885,0.899794850404906,0.405417201743679
60,20220817,20221021,1.00452109758704,0.903029189371263,0.403515613240427
60,20220921,20221118,1.00465560968076,0.900230761691293,0.404592226376689
60,20221019,20221216,1.00528053855353,0.897795628778132,0.405326536334881
60,20221116,20230120,1.00651933518009,0.901693512405373,0.403252771685976
60,20221221,20230217,1.00655875834297,0.90402966875645,0.402296052650143
60,20230118,20230317,1.00666769579959,0.904630044959106,0.40201108746099
60,20230215,20230421,1.00760495865706,0.905605492636198,0.401245556245854
60,20230322,20230519,1.00700413890874,0.904959325596066,0.401744465892774
60,20230419,20230616,1.00726274796195,0.907042398845986,0.400805542762366
60,20230517,20230721,1.00839097950867,0.907831763187254,0.400041201220048
60,20230621,20230818,1.00768052125605,0.908305366694581,0.40013369792529
60,20230719,20230915,1.00783291948391,0.909234920517949,0.399701475422037
60,20230816,20231020,1.00912325931177,0.908943405205341,0.399306774550979
60,20230920,20231117,1.0082048015039,0.908941242501907,0.399671400751957
60,20231018,20231215,1.00827621919008,0.908285927242846,0.399905069485088
60,20231115,20240119,1.00931114730889,0.909663536762708,0.39894504533878
60,20231220,20240216,1.00840582031913,0.908800468523767,0.399647985063961
60,20240117,20240315,1.0084465303816,0.908997203147837,0.399553237952143
60,20240214,20240419,1.00932995091771,0.909350126124304,0.399062663961977
60,20240320,20240517,1.00834985215834,0.909483695734641,0.399397195135274
60,20240417,20240621,1.00933099891585,0.908911566431898,0.399237300611143
60,20240522,20240719,1.00840772563604,0.910440291855578,0.398992416140677
60,20240618,20240816,1.00878491967936,0.910699075931947,0.398740028250779
60,20240717,20240920,1.00946497831342,0.91076144423799,0.39844655296138
60,20240821,20241018,1.00827842232851,0.91052964730259,0.3990079284692
60,20240918,20241115,1.00816531096431,0.909243796338241,0.399566147599379
60,20241016,20241220,1.00859373032626,0.909807333607009,0.399171412918793
60,20241120,20250117,1.0076383602826,0.909782583291024,0.399559767580849
60,20241218,20250221,1.00861216475353,0.910809879725919,0.398764137349973
90,19960126,19960419,1.01255135132011,1.11954352357945,0.322382432484987
90,19960223,19960517,1.01210949634177,1.11347683508552,0.324485769291211
90,19960320,19960621,1.01389322710252,1.11662980193673,0.322895220589674
90,19960424,19960719,1.0129245593136,1.11864079447236,0.322554700097868
90,19960524,19960816,1.01268601238343,1.11692213287362,0.323185650368641
90,19960619,19960920,1.01443964423526,1.12036197726377,0.321519088870859
90,19960724,19961018,1.0133845958883,1.13073360046057,0.318532931414556
90,19960821,19961220,1.01875100757983,1.12211702378879,0.31959701708912
90,19960918,19961220,1.01465055489876,1.12123474091854,0.32117182674834
90,19961025,19970117,1.01276167265823,1.10586720636293,0.326753852854545
90,19961122,19970221,1.01369360512928,1.11249879150457,0.324295712530361
90,19961218,19970321,1.0142612761136,1.11762863280544,0.322455810598492
90,19970122,19970418,1.01314383651445,1.11240091445129,0.324503447040226
90,19970219,19970620,1.01842856357279,1.11794239677611,0.321035614906326
90,19970319,19970620,1.0145625167013,1.11716442582873,0.322509744603099
90,19970424,19970718,1.01376017519406,1.12279697378013,0.320952116307728
90,19970521,19970815,1.01376871121103,1.1059928112358,0.326388269707399
90,19970618,19970919,1.01479401779628,1.11975667008896,0.3216014207744
90,19970724,19971017,1.01334681516942,1.1140683592575,0.323897914881782
90,19970820,19971219,1.01928871341359,1.11493899463304,0.321729535298653
90,19970917,19971219,1.01469740083497,1.11594775865924,0.322859446878244
90,19971022,19980116,1.01377710319141,1.11668681650376,0.322913795566513
90,19971128,19980320,1.01813652876936,1.11919872044197,0.320724511396467
90,19971217,19980320,1.01507838693112,1.12193660650992,0.32081121487144
90,19980121,19980417,1.01324318774544,1.13908042620611,0.315929342671752
90,19980218,19980619,1.01873675584213,1.11800049827519,0.320919847477487
90,19980318,19980619,1.01450734293591,1.11977028039931,0.321687919135663
90,19980421,19980717,1.01363840752355,1.11583984191441,0.323231632784182
90,19980520,19980821,1.01460679033571,1.11821022707758,0.322158581406966
90,19980617,19980918,1.01458786526182,1.12193340142292,0.320967345840099
90,19980722,19981016,1.01344699398951,1.11868958519156,0.322372693095287
90,19980825,19981120,1.01357841074894,1.12536315087988,0.320186960862881
90,19980916,19981218,1.01392882826277,1.12043149009681,0.3216587095677
90,19981021,19990115,1.01193867068933,1.12030481017829,0.322332139114853
90,19981124,19990219,1.01220572059085,1.121479839255,0.321868670997545
90,19981216,19990319,1.01317406799836,1.12074013625417,0.321798990679288
90,19990122,19990416,1.01142552219195,1.11608351671995,0.323859901142742
90,19990223,19990521,1.01200193682498,1.11997099955241,0.322419597381422
90,19990317,19990618,1.01281368828791,1.11906779717492,0.322452292222075
90,19990422,19990716,1.01161645672074,1.11701634827901,0.323496866293005
90,19990525,19990820,1.01213325491261,1.11860475774093,0.322818512411529
90,19990616,19990917,1.01338673439031,1.12162485784254,0.321446941989624
90,19990721,19991015,1.0125133975971,1.11757842458105,0.323028676913435
90,19990823,19991119,1.01353238837379,1.12262205988953,0.321080405355738
90,19990915,19991217,1.0147309744418,1.12410470707971,0.320226015318017
90,19991020,20000121,1.01526327346614,1.12268053561454,0.320514264305086
90,19991124,20000218,1.01383811848425,1.12189000388586,0.32121864525835
90,19991222,20000317,1.01446689046662,1.12549866911414,0.31986318785613
90,20000125,20000420,1.01436926965993,1.12469538985223,0.320151038257132
90,20000223,20000519,1.01470700074965,1.12325799878047,0.320504840302013
90,20000321,20000616,1.01512937312492,1.12596756710373,0.319504592041234
90,20000426,20000721,1.01535319564947,1.12343575751399,0.32024393219037
90,20000522,20000818,1.0165517889028,1.12201209981224,0.320322044288132
90,20000621,20000915,1.01612315300015,1.12540681710103,0.319371150126783
90,20000724,20001020,1.01628863419358,1.12689003033813,0.318845879942192
90,20000821,20001117,1.01613376290782,1.12718969873373,0.318798927697813
90,20000915,20001215,1.01687521241648,1.12770545554798,0.318402216575217
90,20001023,20010119,1.0161943454814,1.1274002059729,0.318712823407326
90,20001120,20010216,1.01612871691046,1.12528354060506,0.319408774546965
90,20001220,20010316,1.01503398648475,1.12364725823756,0.320276896945596
90,20010122,20010420,1.0133010831315,1.12253228364786,0.321182531330546
90,20010220,20010518,1.01264829681403,1.12018040599668,0.322146334642666
90,20010321,20010615,1.01130964551631,1.12124492201125,0.322229552446192
90,20010423,20010720,1.01034355758519,1.11993274205693,0.322961172780457
90,20010521,20010817,1.00981595100976,1.11797291388118,0.323763812946723
90,20010620,20010921,1.00956131213972,1.11613099652009,0.324442521290694
90,20010726,20011019,1.00858839093046,1.11885696574424,0.323871422446051
90,20010822,20011116,1.00830789248457,1.11904092152898,0.32390193024676
90,20010919,20011221,1.00669844207699,1.11201251345542,0.326707951883965
90,20011022,20020118,1.00565073349002,1.11503870901834,0.326060107099765
90,20011121,20020215,1.00500558650541,1.11041793871263,0.327780520654814
90,20011219,20020315,1.00451787600433,1.11204858956796,0.327405344337861
90,20020122,20020419,1.00438882656824,1.11271469681967,0.327229368721558
90,20020219,20020517,1.00466024253673,1.11454874221617,0.32654152391418
90,20020320,20020621,1.00552667551753,1.11543484978436,0.325971179075422
90,20020422,20020719,1.00483589205859,1.11507374445169,0.326313083012013
90,20020522,20020816,1.00460246448425,1.11505904421876,0.326393702545857
90,20020619,20020920,1.00485448666494,1.1117882567284,0.327380885530575
90,20020724,20021018,1.004246353629,1.11087613826663,0.327878062110176
90,20020821,20021115,1.00419799045428,1.11175837003708,0.327604702237269
90,20020918,20021220,1.00458983149306,1.10647679164635,0.329211090341021
90,20021021,20030117,1.00435113387151,1.10398706910975,0.330110192310069
90,20021120,20030221,1.00359180927148,1.10605313460971,0.329678115294953
90,20021218,20030321,1.00350978777252,1.10334883826612,0.330597888295147
90,20030122,20030417,1.0030848627274,1.10444262024995,0.330376378164291
90,20030224,20030516,1.00292544332217,1.10467231989015,0.330353002259542
90,20030318,20030620,1.00323254777037,1.10247252647617,0.330979161825725
90,20030421,20030718,1.00314942385947,1.10556470859972,0.329984635923762
90,20030521,20030815,1.00290651089456,1.10654475918511,0.329741239661667
90,20030618,20030919,1.00262802095835,1.10687685950342,0.329723309180226
90,20030721,20031017,1.00266851357614,1.10931311703412,0.328907712577609
90,20030820,20031121,1.00293476275673,1.10755906357463,0.329397672110894
90,20030917,20031219,1.00293512279036,1.1078183089653,0.329312170134334
90,20031022,20040116,1.00275078899705,1.1101107418606,0.328618506950258
90,20031124,20040220,1.00283179771763,1.11125161014203,0.328217294774882
90,20031217,20040319,1.00300665913681,1.11154674547325,0.328063236934005
90,20040121,20040416,1.00266999759884,1.11076118722811,0.32843128969823
90,20040223,20040521,1.00273244260196,1.10995775403672,0.32867479888239
90,20040317,20040618,1.00284687918137,1.1099480903788,0.328640469090436
90,20040421,20040716,1.00284829948988,1.11120847439937,0.328226051960038
90,20040524,20040820,1.00343556922676,1.11085644262908,0.328149453398514
90,20040616,20040917,1.00423910116961,1.11240685960565,0.327378920357639
90,20040721,20041015,1.00407167189616,1.11325745402202,0.327155116198821
90,20040825,20041119,1.00443291472837,1.11363114206828,0.326915268182256
90,20040915,20041217,1.00504364113579,1.11375760058611,0.326675300847188
90,20041020,20050121,1.00543696876701,1.11475843667936,0.326220848208555
90,20041117,20050318,1.00823293886508,1.11459369355603,0.325369790467619
90,20041222,20050318,1.0061946434399,1.1174139471612,0.325110718399962
90,20050124,20050415,1.00617041115426,1.11663114061521,0.325373152830147
90,20050216,20050617,1.01004867500991,1.11698667291562,0.324008607985366
90,20050316,20050617,1.0079886377501,1.116619700123,0.324789955084985
90,20050420,20050715,1.00758284535453,1.1163047667079,0.32502310502142
90,20050523,20050819,1.00820292134141,1.11782325746517,0.324330339022566
90,20050615,20050916,1.00895348890161,1.11829463023978,0.323936336650438
90,20050725,20051021,1.00909507117161,1.11886031751705,0.323707717241447
90,20050822,20051118,1.00948376752805,1.1186624262043,0.323647115922229
90,20050921,20051216,1.00948048474432,1.11845608357333,0.323714957712724
90,20051025,20060120,1.01027603986748,1.11918456666076,0.323224494757573
90,20051128,20060217,1.00988056452962,1.11968487012271,0.323189338225667
90,20051221,20060317,1.01082991012964,1.12051484181981,0.322617932163056
90,20060130,20060421,1.01055202621541,1.12074907987582,0.322631065056928
90,20060215,20060616,1.01636063572746,1.12145489146239,0.320560858650932
90,20060322,20060616,1.01178307129906,1.12171447888817,0.321927578459059
90,20060427,20060721,1.01204245893249,1.12182843765978,0.321808393075659
90,20060517,20060915,1.01757027886013,1.12174315452333,0.320087507189187
90,20060621,20060915,1.01295293209172,1.12204490862694,0.321449549796186
90,20060725,20061020,1.01317424769937,1.12177609115587,0.321465737039091
90,20060816,20061215,1.01814778999056,1.12252119312067,0.319657145615725
90,20060920,20061215,1.01274451336258,1.12168174965386,0.321632485331297
90,20061026,20070119,1.01257084590103,1.12213889498331,0.321540624576962
90,20061127,20070216,1.01190821897018,1.12156129810324,0.321937074887564
90,20061220,20070316,1.01267426523595,1.1220444938123,0.321538139392651
90,20070125,20070420,1.01253327964804,1.12245053219403,0.321452362008438
90,20070222,20070518,1.0125240906423,1.12253242229382,0.321428956372526
90,20070321,20070615,1.01258573924656,1.12282387607929,0.321315724688007
90,20070423,20070720,1.01293932963458,1.12222457069308,0.321396118567256
90,20070522,20070817,1.01281058855792,1.12197443790737,0.321517384073576
90,20070620,20070921,1.01372183032491,1.1219906384791,0.321223165768001
90,20070723,20071019,1.01295526733984,1.1205309743839,0.32193582965714
90,20070822,20071116,1.01247199513015,1.11659318854348,0.323360315695884
90,20070919,20071221,1.01285297287393,1.11950024031096,0.322300378837848
90,20071022,20080118,1.0117132580828,1.11647417733506,0.323641335278756
90,20071121,20080215,1.0111578730354,1.1157153893333,0.324064900680363
90,20071219,20080320,1.01188867404673,1.11755287348323,0.323236368484344
90,20080116,20080418,1.00968261040363,1.11391726483914,0.325122482252187
90,20080219,20080516,1.00707552813475,1.11777081663626,0.324710445507343
90,20080319,20080620,1.0062127757624,1.11384726430788,0.326266476041712
90,20080416,20080718,1.00702460404639,1.10949672759091,0.327424830957894
90,20080521,20080815,1.00599794953937,1.11151158422848,0.327099256425706
90,20080618,20080919,1.0072470365159,1.11084072418219,0.326912859890343
90,20080716,20081017,1.00692541607628,1.10838094679304,0.327822658434255
90,20080820,20081121,1.00707784608867,1.10980909511095,0.327305265206662
90,20080917,20081219,1.00849723391486,1.10594139505864,0.328111191130533
90,20081022,20090116,1.00657470069942,1.09495248529873,0.332370267843281
90,20081119,20090220,1.004579669617,1.08227165495582,0.337280324893819
90,20081217,20090320,1.00278180430743,1.09177470833728,0.334689296524418
90,20090121,20090417,1.00208066468866,1.09818025567802,0.332784961524899
90,20090218,20090515,1.00243267413821,1.09774142131204,0.332814120586401
90,20090318,20090619,1.00257894041796,1.09197640623817,0.334689505267542
90,20090415,20090717,1.00215267068867,1.08972370634629,0.335586992741703
90,20090520,20090821,1.00131954553373,1.09678356834734,0.333503391572339
90,20090617,20090918,1.00146727193805,1.10007323922044,0.332359044273119
90,20090722,20091016,1.00102682001281,1.10166562009639,0.331976228580537
90,20090819,20091120,1.00102853549999,1.1014879704337,0.33203464026747
90,20090916,20091218,1.00085944155931,1.10285836987296,0.331635951831291
90,20091021,20100115,1.00071782498475,1.10451431650253,0.33113408865027
90,20091118,20100219,1.00068207295222,1.10349020028367,0.331485224918916
90,20091216,20100319,1.00072741313651,1.10406079032513,0.331281126592401
90,20100120,20100416,1.00060383387032,1.10622581441171,0.330605497112905
90,20100217,20100521,1.00070611756336,1.10439359108077,0.331177941824494
90,20100317,20100618,1.00074173366314,1.10517445810719,0.330907659507949
90,20100421,20100716,1.00077500113678,1.10729576824917,0.330195469115334
90,20100519,20100820,1.00140473900658,1.10703232334243,0.330074769274582
90,20100616,20100917,1.00137832318063,1.10685752816148,0.330141178514778
90,20100721,20101015,1.00100405164834,1.10535577712019,0.330760964855565
90,20100818,20101119,1.00084902141638,1.10423215038645,0.331184117646077
90,20100915,20101217,1.00079819640108,1.10469504987236,0.331047659394456
90,20101020,20110121,1.00079905082849,1.10435378084628,0.331160372259787
90,20101117,20110218,1.00077986323474,1.10421205301498,0.331213660346381
90,20101222,20110318,1.00075160326728,1.10715927604893,0.330248262419222
90,20110119,20110415,1.00072945873589,1.10709523582889,0.33027672059807
90,20110216,20110520,1.00081198778119,1.10714046208482,0.330234549680372
90,20110316,20110617,1.00080917233533,1.1059877986484,0.330616348513025
90,20110420,20110715,1.00062218881385,1.10795644112118,0.330027783231203
90,20110518,20110819,1.00065076817912,1.10640051661762,0.330532240707712
90,20110615,20110916,1.00068951384812,1.10540547402981,0.330848487440498
90,20110720,20111021,1.00073883602219,1.10600295173136,0.330634575508475
90,20110817,20111118,1.00084180642873,1.10582528758679,0.330659299650869
90,20110921,20111216,1.00084360134199,1.10469972632829,0.331031092808758
90,20111019,20120120,1.00106196640719,1.10468343966638,0.330964274125407
90,20111116,20120217,1.00132074597903,1.10433310729002,0.33099467814329
90,20111221,20120316,1.00120463391686,1.10464418523272,0.330930103307235
90,20120118,20120420,1.00113180404256,1.10556868803115,0.330648350984808
90,20120215,20120518,1.00097924262395,1.10596879007899,0.330566459037978
90,20120321,20120615,1.00094179508941,1.10707855071437,0.330212166411128
90,20120418,20120720,1.00102093853324,1.10585234625603,0.330591182886395
90,20120516,20120817,1.00106092175667,1.10558442005773,0.330666561161113
90,20120620,20120921,1.0010040511547,1.10564140076171,0.330666505357975
90,20120718,20121019,1.00092694554128,1.10404024371525,0.33122189190522
90,20120822,20121116,1.0008306360984,1.1052774703651,0.330844182665244
90,20120919,20121221,1.00076224984824,1.10430725350359,0.331187958940812
90,20121017,20130118,1.00066969565135,1.10477908491662,0.331062348789054
90,20121121,20130215,1.00066951156104,1.10547949485618,0.330830611477648
90,20121219,20130315,1.00065133215193,1.10508005040694,0.330968799117107
90,20130116,20130419,1.00068108539504,1.10466170828849,0.331097441460728
90,20130213,20130517,1.00067664594886,1.10522778983918,0.330911534411507
90,20130320,20130621,1.00071408157467,1.1062179750628,0.330571666080903
90,20130417,20130719,1.00065928305078,1.10593878343495,0.330682079766659
90,20130522,20130816,1.00058022103809,1.10643437519508,0.330544353339441
90,20130619,20130920,1.00064644368054,1.10662671625733,0.33045891102907
90,20130717,20131018,1.00064078829034,1.10616248837815,0.330614223426725
90,20130821,20131115,1.00057730619747,1.10691130865373,0.330387705734572
90,20130918,20131220,1.00059822882839,1.10603020410922,0.330672025591736
90,20131016,20140117,1.00059782574991,1.10703647225622,0.330339581297516
90,20131120,20140221,1.00055451562044,1.1068370026186,0.330419782559798
90,20131218,20140321,1.00056356800508,1.10807969927521,0.330006440338267
90,20140122,20140417,1.00050783180704,1.10908523153025,0.329693140488148
90,20140219,20140516,1.00049394906423,1.10876518005691,0.329803252400799
90,20140318,20140620,1.00056348517761,1.1081425777074,0.329985718019533
90,20140416,20140718,1.00051641028803,1.10765429753007,0.330162416454378
90,20140521,20140815,1.00046674644997,1.10833661565247,0.329953595795724
90,20140618,20140919,1.00054269461055,1.10762596589152,0.330163096994961
90,20140716,20141017,1.00052837689613,1.10856741975452,0.329857130182127
90,20140820,20141121,1.00053811824447,1.10829128013095,0.329945016971379
90,20140917,20141219,1.00054766405804,1.10825593031025,0.3299535326938
90,20141022,20150116,1.00048929769448,1.10816327962825,0.330003355082824
90,20141119,20150220,1.00054658062019,1.10828593864825,0.329943988763364
90,20141217,20150320,1.00057748144145,1.10870265175338,0.329796340012057
90,20150121,20150417,1.00054642111232,1.1099300962181,0.329402007087034
90,20150218,20150515,1.00058859405373,1.11034011069664,0.329253097190928
90,20150318,20150619,1.00064578971621,1.10914254773308,0.329628792453641
90,20150415,20150717,1.00065430688754,1.10860944630216,0.329801757717437
90,20150520,20150821,1.00068133897275,1.10882504114061,0.329721754586493
90,20150617,20150918,1.00072359728517,1.10853049883434,0.329804958384841
90,20150722,20151016,1.00068809615212,1.10953083638576,0.329486895759352
90,20150819,20151120,1.00082616143968,1.10874463946598,0.329700550296896
90,20150916,20151218,1.00090290021931,1.10740227078104,0.330118115227006
90,20151021,20160115,1.00070857671452,1.10771967089627,0.330077436268813
90,20151118,20160219,1.0010005109211,1.10803464790908,0.329877251571452
90,20151216,20160318,1.0013193317436,1.10972263346612,0.329216037211555
90,20160120,20160415,1.00134385052687,1.10717728327967,0.330046992994086
90,20160217,20160520,1.00149000004062,1.10771956858859,0.329819923548044
90,20160316,20160617,1.00149889915175,1.1071797240433,0.329995090809544
90,20160420,20160715,1.00141793829,1.10857594715219,0.329561307175238
90,20160518,20160819,1.00165212310692,1.10757870806386,0.329812994685991
90,20160615,20160916,1.00151327579633,1.10812641275524,0.329678103438175
90,20160720,20161021,1.00173183840394,1.10804913007372,0.329631646537825
90,20160817,20161118,1.00188989221784,1.10830027211313,0.329496884364232
90,20160921,20161216,1.00181349747751,1.10959215502697,0.329096581632869
90,20161019,20170120,1.00200618162448,1.10857830051908,0.329367057954729
90,20161116,20170217,1.00209649193452,1.10929427236419,0.329101663047409
90,20161221,20170317,1.00220136459582,1.11078793849514,0.328576075419871
90,20170118,20170421,1.00249419672777,1.11076121029176,0.328488876975997
90,20170215,20170519,1.00263100802595,1.11040599440403,0.328560743186026
90,20170322,20170616,1.00267589892368,1.11226583418241,0.327935558049259
90,20170419,20170721,1.00293687070407,1.11197275206878,0.32794632784935
90,20170517,20170818,1.00292781380265,1.11236605323506,0.327820331879412
90,20170621,20170915,1.00302188979197,1.11303961914748,0.3275688712219
90,20170719,20171020,1.00331491684709,1.11269992330451,0.327584461997923
90,20170816,20171117,1.00335260092425,1.11267797601074,0.327579347929692
90,20170920,20171215,1.00317415955752,1.11323365946584,0.327455604454349
90,20171018,20180119,1.0035586863156,1.11406814083356,0.327057098555734
90,20171115,20180216,1.00369853394495,1.11400666195447,0.327031633856878
90,20171220,20180316,1.00387684246586,1.1166695602216,0.326104007495763
90,20180117,20180420,1.00442846948274,1.11635767862003,0.326026578667009
90,20180214,20180518,1.00480414835712,1.1159486851706,0.32603800311606
90,20180321,20180615,1.00509213168744,1.11616500885981,0.325874083392645
90,20180418,20180720,1.00568430453593,1.11618269955417,0.325676438836893
90,20180516,20180817,1.00559589699785,1.1164000379682,0.325634290335568
90,20180620,20180921,1.00586870502481,1.11601600188115,0.32567101840679
90,20180718,20181019,1.00593323936504,1.11652749657993,0.325483599685002
90,20180822,20181116,1.00537780897502,1.11623260140736,0.325759466880183
90,20180919,20181221,1.0061106338295,1.11670881647354,0.325367210478249
90,20181017,20190118,1.00643208949361,1.11621886007692,0.325422691661306
90,20181121,20190215,1.00617365648241,1.11503350421625,0.325892345150015
90,20181219,20190315,1.00629579840871,1.11350231963652,0.326352112014453
90,20190116,20190418,1.0066682684475,1.11587136033517,0.325459420201364
90,20190213,20190517,1.00664587368293,1.11488886933729,0.325786585869519
90,20190319,20190621,1.00666037553138,1.11605722231167,0.325401486644881
90,20190417,20190719,1.00655006663531,1.11642159792606,0.325318587981897
90,20190522,20190816,1.00588681385589,1.11474603494893,0.326079002108291
90,20190619,20190920,1.00571693588399,1.11340058390952,0.326573173626876
90,20190717,20191018,1.0056136590592,1.11332373887532,0.326631811858255
90,20190821,20191115,1.00486728739703,1.11257112400624,0.327120522891732
90,20190918,20191220,1.00532452612651,1.11322912944945,0.326756664484938
90,20191016,20200117,1.0048462935223,1.11295349351021,0.327002297683145
90,20191120,20200221,1.00460038984272,1.11267587007777,0.32717315885124
90,20191218,20200320,1.00460394027585,1.11333180171858,0.326957470466692
90,20200122,20200417,1.00404000842739,1.11381544832726,0.326982927857673
90,20200219,20200515,1.00389286981763,1.11343328765336,0.327155855319499
90,20200318,20200619,1.00193364248134,1.10927662440746,0.329160962608758
90,20200415,20200717,1.00155525018431,1.11245482228348,0.328240448549949
90,20200520,20200821,1.00062852359087,1.1126229483585,0.328489214387534
90,20200617,20200918,1.00069786805421,1.11186724064454,0.328714769812175
90,20200722,20201016,1.00053670522718,1.10994216866341,0.329401229100005
90,20200819,20201120,1.00052364874305,1.10966107957305,0.329498132985679
90,20200916,20201218,1.00054587844429,1.10742085957352,0.330229771650939
90,20201021,20210115,1.00048191976183,1.10848700962892,0.329898973169006
90,20201118,20210219,1.00053981792935,1.10911785137374,0.329671846553233
90,20201216,20210319,1.00045693632291,1.1107423526734,0.329163995898916
90,20210120,20210416,1.00040931559805,1.11165989574906,0.328877766515157
90,20210217,20210521,1.00036032492883,1.11120577439763,0.329043264301914
90,20210317,20210618,1.00037296126819,1.11061408584005,0.329233854233783
90,20210421,20210716,1.00037419554751,1.11126527511796,0.329019124518127
90,20210519,20210820,1.0003443627078,1.11246207494615,0.328635390484051
90,20210616,20210917,1.0003035903341,1.11224645678914,0.32871965594801
90,20210721,20211015,1.00028528897679,1.11314835724899,0.328429326071476
90,20210818,20211119,1.00030439582194,1.11296102392502,0.328484583078077
90,20210915,20211217,1.00030584215744,1.11307614823135,0.328446293796052
90,20211020,20220121,1.00037078961031,1.11269326434046,0.328550742659521
90,20211117,20220218,1.00042876814528,1.11396155582725,0.328115292092499
90,20211222,20220318,1.00133384029484,1.11504129596893,0.32746495165236
90,20220119,20220414,1.00121960434523,1.11428908965825,0.32774875633797
90,20220216,20220520,1.00141679904686,1.11482536138617,0.327508536787367
90,20220315,20220617,1.00161596352442,1.11455804782778,0.327530955721046
90,20220420,20220715,1.0019387720304,1.11643621594469,0.326811047665321
90,20220518,20220819,1.00309031193534,1.11540303090199,0.326773314065054
90,20220615,20220916,1.0037614857135,1.1129015104768,0.327372720384867
90,20220720,20221021,1.00541312406751,1.11355647277538,0.326620935698668
90,20220817,20221118,1.00679490152458,1.11803986896861,0.324713576211114
90,20220921,20221216,1.00724430295264,1.11530217476289,0.325458486274257
90,20221019,20230120,1.00897196526533,1.11292570251767,0.325674240711764
90,20221116,20230217,1.00979671824066,1.11691095114961,0.324113993694853
90,20221221,20230317,1.01010854352025,1.11912703201017,0.323296692117961
90,20230118,20230421,1.01120679046054,1.12074125805154,0.322424680877593
90,20230215,20230519,1.01127896965444,1.12178223429042,0.322066230230485
90,20230322,20230616,1.010758939359,1.12164902835212,0.322274857721503
90,20230419,20230721,1.01202824840252,1.12439489647769,0.320988051144256
90,20230517,20230818,1.01227409646645,1.12525927916695,0.320632824431235
90,20230621,20230915,1.01171689486413,1.12523264287847,0.320817957776898
90,20230719,20231020,1.01300323716364,1.127151626133,0.319796300436612
90,20230816,20231117,1.01338772725621,1.12691813102283,0.319749617572064
90,20230920,20231215,1.01248289768313,1.12619432668073,0.320267096312695
90,20231018,20240119,1.01365273759855,1.12697586866356,0.319647565696757
90,20231115,20240216,1.01359935772354,1.12693239674673,0.319678296240994
90,20231220,20240315,1.0126499557645,1.1257904096633,0.320343627578808
90,20240117,20240419,1.01366434930039,1.12642411291982,0.319820318102442
90,20240214,20240517,1.01344120557914,1.12617636360492,0.31997000000633
90,20240320,20240621,1.01356553272429,1.12692134706818,0.319692497116466
90,20240417,20240719,1.01352634071324,1.12662636126893,0.319799181597958
90,20240522,20240816,1.01266090095874,1.12790940721366,0.319662083847265
90,20240618,20240920,1.01421160285265,1.1289145601323,0.318852672413011
90,20240717,20241018,1.01371567795067,1.12846353601766,0.319152572969018
90,20240821,20241115,1.01233838119152,1.12797933386355,0.319741565399401
90,20240918,20241220,1.01306969130996,1.12778422757867,0.319573096457061
90,20241016,20250117,1.01229523706058,1.12762454356678,0.319868658985922
90,20241120,20250221,1.01232300032213,1.12753536512218,0.31988841237122
90,20241218,20250321,1.01239878437191,1.12884857376466,0.319444693730381
180,19960117,19960621,1.0231790933096,1.07185628812987,0.334616283329998
180,19960214,19960920,1.03052555989128,1.0675194468838,0.33367481391264
180,19960320,19960920,1.02778642904883,1.0689848861303,0.334074158993674
180,19960417,19960920,1.02381093303107,1.07301852006023,0.334021340638802
180,19960522,19961220,1.03311740076025,1.07510443691741,0.33032268435862
180,19960619,19961220,1.02944952783126,1.07632332783587,0.331095790492123
180,19960717,19961220,1.02506398656629,1.07685370137122,0.332336011870004
180,19960821,19970321,1.03366476891808,1.07779220525339,0.329261595597499
180,19960918,19970321,1.02986475506949,1.07680441756698,0.330803112976029
180,19961016,19970321,1.02419604869588,1.0733354213176,0.333789947544013
180,19961120,19970620,1.03241376692799,1.07098724889169,0.33191154624283
180,19961218,19970620,1.02857045000397,1.07041165476253,0.333343569598624
180,19970122,19970620,1.0232170731049,1.07353561410607,0.334042425626177
180,19970219,19970919,1.03282216662095,1.07083611462775,0.331830448570082
180,19970319,19970919,1.02963594634158,1.0702306399651,0.333058899397522
180,19970416,19970919,1.02589944094119,1.07565553785939,0.33246347683459
180,19970521,19971219,1.03523673471884,1.07734780793088,0.32890775821644
180,19970618,19971219,1.02980444988432,1.0751876182646,0.331357790941118
180,19970716,19971219,1.02509457462958,1.07103114480809,0.334266726932536
180,19970820,19980320,1.03441498282543,1.06053803357077,0.334749072045094
180,19970917,19980320,1.02958836394341,1.06502227278833,0.334813590435188
180,19971022,19980320,1.02428613231619,1.07149825272529,0.334374329555869
180,19971119,19980619,1.03444762486129,1.06444224059195,0.333434168452276
180,19971217,19980619,1.0300502389397,1.07454909706526,0.331490318872589
180,19980121,19980619,1.02304780194348,1.07430161293996,0.33384187507224
180,19980218,19980918,1.032958261928,1.06956046615974,0.33221024222883
180,19980318,19980918,1.02903474774138,1.07699659827117,0.331006315737524
180,19980415,19980918,1.02473213209823,1.07624170411517,0.332647154118517
180,19980520,19981218,1.03405419798903,1.0763519107961,0.329611990930323
180,19980617,19981218,1.02939005917339,1.07578083079368,0.331294595747971
180,19980722,19981218,1.02361395591185,1.07888053647791,0.332132930930049
180,19980819,19990319,1.03348521989447,1.0753333770884,0.330129533393569
180,19980916,19990319,1.02712771616192,1.07369874989656,0.332716324114272
180,19981021,19990319,1.02003382695824,1.07467829632678,0.334702203674481
180,19981118,19990618,1.02915825013816,1.07781741743189,0.330695041625001
180,19981216,19990618,1.02544196259552,1.07454864057455,0.332980169025078
180,19990120,19990618,1.02048226237309,1.07443612953545,0.334636151831485
180,19990217,19990917,1.02990835000943,1.06894802124091,0.333398156208201
180,19990317,19990917,1.02588258747636,1.07242533323998,0.333544617728537
180,19990421,19990917,1.02071560373323,1.07424898906376,0.334622267624358
180,19990519,19991217,1.03124459853851,1.07337706347995,0.331494691071361
180,19990616,19991217,1.02779088856518,1.0757665143792,0.331814817290531
180,19990721,20000121,1.02797965387988,1.08012923588833,0.330309689758716
180,19990818,20000121,1.02469162748727,1.07723360678592,0.332330500140221
180,19990915,20000317,1.02999324554908,1.07977193244579,0.329781759896383
180,19991020,20000317,1.02460617250155,1.07952488793951,0.331597563071598
180,19991117,20000616,1.03469795084706,1.08401296884037,0.32689295447108
180,19991222,20000616,1.03041930195348,1.08505472129215,0.327908546877671
180,20000119,20000616,1.02552968017961,1.08479265691846,0.329558335841594
180,20000216,20000915,1.03833993379289,1.08462759117581,0.325546226177737
180,20000321,20000915,1.0322294379875,1.08608035212313,0.326997969330197
180,20000419,20000915,1.02697837823128,1.08100222629315,0.330343220236113
180,20000517,20001215,1.04224346913693,1.0839817584874,0.32453647997508
180,20000621,20001215,1.03403265559156,1.08422897906225,0.327032626948993
180,20000719,20001215,1.0282186692734,1.08500129001886,0.328627907752442
180,20000816,20010316,1.04016892392371,1.08642797858711,0.324389246753113
180,20000920,20010316,1.03308533018072,1.08596668307697,0.326764198391318
180,20001018,20010316,1.02739464969457,1.0819953412197,0.329881601365621
180,20001115,20010615,1.03911215650414,1.08634878501967,0.32474486429253
180,20001220,20010615,1.03026562727391,1.08362271291412,0.328427432049256
180,20010117,20010615,1.02277322132044,1.07908561044601,0.332337788253716
180,20010214,20010921,1.03164917445223,1.07407228417489,0.331134399178448
180,20010321,20010921,1.02339628247657,1.0781678731757,0.33244040832359
180,20010418,20010921,1.01905137772586,1.08134969457368,0.332797238683744
180,20010516,20011221,1.02469745673435,1.07110187644399,0.334372619268048
180,20010620,20011221,1.01920826884457,1.06683515469271,0.337610885308039
180,20010718,20011221,1.01592923502934,1.0731032948584,0.33658418225796
180,20010822,20020315,1.01999534766201,1.07200951916046,0.335609302644971
180,20010919,20020315,1.01259891367909,1.06128302146811,0.341706454993774
180,20011017,20020315,1.00968165098668,1.07008411963647,0.339690896180295
180,20011121,20020621,1.01348986975142,1.05591003087807,0.343245370243607
180,20011219,20020621,1.01032090062009,1.05844704774874,0.343449548980897
180,20020116,20020621,1.00801402819645,1.06378198612041,0.342403958913402
180,20020213,20020920,1.01325450898777,1.06380930107362,0.3406237655601
180,20020320,20020920,1.01262664699749,1.06803430512168,0.339397972236913
180,20020417,20020920,1.00941047722404,1.06835284873929,0.340370917132244
180,20020522,20021220,1.01334660481117,1.06572763628509,0.339940063817097
180,20020619,20021220,1.01035959913073,1.06139841870887,0.342424280368139
180,20020717,20021220,1.008207857603,1.05818620724204,0.344259149529445
180,20020821,20030321,1.01042539388877,1.05721786121531,0.343836410543568
180,20020918,20030321,1.00911979857398,1.05151258434523,0.346251098586441
180,20021016,20030321,1.00770745460377,1.04699269517907,0.348307141098249
180,20021120,20030620,1.00863694066201,1.04546555469846,0.348517996451289
180,20021218,20030620,1.0070742771521,1.04499103438602,0.349224461893566
180,20030122,20030620,1.00539410812691,1.05026573564164,0.347967794624383
180,20030219,20030919,1.00767213702105,1.0419193553086,0.350090981492669
180,20030318,20030919,1.00641064684931,1.04501160333209,0.349447553745352
180,20030416,20030919,1.00560070041603,1.05088205313373,0.347681959019287
180,20030521,20031219,1.00684909629732,1.04464401382103,0.349423801824671
180,20030618,20031219,1.00511476596076,1.05101658667309,0.347803255566442
180,20030716,20031219,1.00476010850947,1.0551007143457,0.346507945678744
180,20030820,20040319,1.00717108831247,1.04825997435412,0.348051273408961
180,20030917,20040319,1.00597826473238,1.05208060717999,0.347135157152752
180,20031022,20040319,1.00499501362612,1.05921632019486,0.345004126853699
180,20031119,20040618,1.00761647858046,1.05629922087754,0.345111805503569
180,20031217,20040618,1.00627831710511,1.0604131774016,0.344151996818818
180,20040121,20040618,1.0047779751946,1.06178138590978,0.344194634788078
180,20040218,20040917,1.00710196413696,1.05622553568795,0.345313561902507
180,20040317,20040917,1.00588280718578,1.05782533021528,0.345179433084808
180,20040421,20040917,1.00544634643281,1.06188570546565,0.343929950646596
180,20040519,20041217,1.01042261225035,1.05873020817229,0.343317748738868
180,20040616,20041217,1.01012059867991,1.06329845536331,0.341855145189038
180,20040721,20041217,1.00795488961196,1.0656822099731,0.341773983874465
180,20040818,20050318,1.01207361348782,1.06247497634691,0.341476544811075
180,20040915,20050318,1.01082883617692,1.06452258040919,0.341197699895544
180,20041020,20050318,1.00911085624146,1.06777822547114,0.340667677986367
180,20041117,20050617,1.01559976321455,1.06791337884335,0.338445326540077
180,20041222,20050617,1.01384278980445,1.07155337788796,0.337800014596999
180,20050119,20050617,1.01211266758328,1.07160845720954,0.338358818470727
180,20050216,20050916,1.01887754569607,1.07125151934465,0.336232264206925
180,20050316,20050916,1.01727010039145,1.07052175947504,0.337009409815341
180,20050420,20050916,1.01379221126348,1.07004476451938,0.338326887245935
180,20050518,20051216,1.02111453818989,1.07140112229831,0.335445480654841
180,20050615,20051216,1.01884064786262,1.07213956005173,0.3359459748233
180,20050720,20051216,1.01597325946798,1.07425460773044,0.33618232336744
180,20050817,20060317,1.02441940033856,1.0732590120768,0.333742672192554
180,20050921,20060317,1.02031062437568,1.07275526479952,0.335255490562939
180,20051019,20060317,1.01800926398006,1.07358872075167,0.335733449465071
180,20051116,20060616,1.02743975969311,1.07489111418472,0.332218912679216
180,20051221,20060616,1.02323600454381,1.07683414553713,0.332936231486005
180,20060118,20060616,1.01941263581928,1.07639443111082,0.334331907197759
180,20060215,20060915,1.02952526113087,1.0768385803343,0.330900893184526
180,20060322,20060915,1.02499572157292,1.07761938272554,0.332103762504239
180,20060419,20060915,1.0213909638472,1.07794841459294,0.33316620381693
180,20060517,20061215,1.03139978669047,1.07742303484358,0.330106506156939
180,20060621,20061215,1.02740556752609,1.0792561931865,0.330782919439245
180,20060719,20061215,1.02294213019333,1.07800202824403,0.332643163416439
180,20060816,20070316,1.03210816076746,1.07829988938686,0.329590811884439
180,20060920,20070316,1.026527892528,1.07832834214832,0.331373059029335
180,20061018,20070316,1.02224574343549,1.07810095281039,0.332836843294814
180,20061115,20070615,1.03158845642303,1.07901862421736,0.329519933980116
180,20061220,20070615,1.02622750261841,1.07897738904982,0.331254986349933
180,20070117,20070615,1.02217601240709,1.07909079273234,0.332530234173364
180,20070214,20070921,1.03274548434696,1.08038713125514,0.328700621975531
180,20070321,20070921,1.02682666773579,1.07977849909417,0.330796584628856
180,20070418,20070921,1.0230297458563,1.07960526485917,0.332081841969198
180,20070516,20071221,1.03236629721659,1.0784935843695,0.329444581911856
180,20070620,20071221,1.02751785249782,1.07828840448982,0.331067020112092
180,20070718,20071221,1.02315524557434,1.07627024250994,0.333150322090637
180,20070822,20080320,1.02921897715588,1.07173403038422,0.332693288036004
180,20070919,20080320,1.02429309217769,1.07176588953337,0.334282579255056
180,20071017,20080320,1.02096138712102,1.07181422773548,0.335357233215358
180,20071121,20080620,1.02587448470006,1.06305819904674,0.336686313121379
180,20071219,20080620,1.02265979541851,1.06893514165012,0.335765587913585
180,20080116,20080620,1.01558468229666,1.06543593889941,0.339289882216552
180,20080219,20080919,1.01623978191599,1.07108602598946,0.337160785829598
180,20080319,20080919,1.01149863457714,1.06373918353361,0.341238985045338
180,20080416,20080919,1.0116531504875,1.05802195120671,0.343143096912504
180,20080521,20081219,1.01563616235641,1.05552357250782,0.342652402443753
180,20080618,20081219,1.0156316385423,1.05923929800755,0.341383083260079
180,20080716,20081219,1.012155639006,1.0577466443408,0.343067177965854
180,20080820,20090320,1.01682766861034,1.05339221672705,0.342981122865661
180,20080917,20090320,1.016030176472,1.04977511531296,0.344494151558676
180,20081022,20090320,1.01054389811118,1.03706007192944,0.35079657889799
180,20081119,20090619,1.01080467948449,1.00908281789029,0.360656411020047
180,20081217,20090619,1.00592816763076,1.02859031805042,0.3554036890813
180,20090121,20090619,1.00399897886624,1.03733009665684,0.352988040982113
180,20090218,20090918,1.00712812581727,1.02682766562201,0.355606496482524
180,20090318,20090918,1.00559398579938,1.02549505247115,0.356623937048661
180,20090415,20090918,1.00397756079038,1.02786480940813,0.35635263857367
180,20090520,20091218,1.00366266832082,1.02706560214051,0.356749444683359
180,20090617,20091218,1.00369756793808,1.03883316343075,0.352563718215885
180,20090722,20091218,1.00216597525386,1.04578449754027,0.350656512875017
180,20090819,20100319,1.00307265661546,1.03780780384301,0.353145279698133
180,20090916,20100319,1.00217251694661,1.04349827186776,0.351456815752943
180,20091021,20100319,1.00150814764755,1.05000104718838,0.349410420157413
180,20091118,20100618,1.00192543825935,1.04069662935873,0.352529766494913
180,20091216,20100618,1.00190730697919,1.04616694912472,0.3506129258055
180,20100120,20100618,1.00118481800516,1.05288477382564,0.348516783569482
180,20100217,20100917,1.00215635869893,1.04369526380678,0.351393254002804
180,20100317,20100917,1.00177749797787,1.04821954250758,0.349939336920401
180,20100421,20100917,1.00154370049921,1.05436356665925,0.347877081084379
180,20100519,20101217,1.00403561167403,1.04755211696725,0.349385421197686
180,20100616,20101217,1.00331176413511,1.05189117459618,0.348123677608818
180,20100721,20101217,1.00188800163026,1.05224346413238,0.348495596052102
180,20100818,20110318,1.0022254056045,1.0441659402161,0.351203703054069
180,20100915,20110318,1.00185094470244,1.04831747476839,0.349879416347098
180,20101020,20110318,1.00139149239473,1.05180057248638,0.348822843413944
180,20101117,20110617,1.00213573619475,1.04296364622054,0.35165767001156
180,20101222,20110617,1.00186545888331,1.05144332371953,0.34878240074664
180,20110119,20110617,1.00140977299581,1.05413078630451,0.348004605011573
180,20110216,20110916,1.00228086886572,1.04821925362205,0.349763689546425
180,20110316,20110916,1.00183073217507,1.05013579384957,0.349250848178438
180,20110420,20110916,1.00120808963528,1.05565479757607,0.34754464129902
180,20110518,20111216,1.00179776149031,1.0469193388393,0.350387537765337
180,20110615,20111216,1.00171796961478,1.04863644384989,0.349814264069606
180,20110720,20111216,1.00142135201552,1.05408097960177,0.348017914371826
180,20110817,20120316,1.00237487888933,1.04681225524862,0.350223303279561
180,20110921,20120316,1.00211625373889,1.04840565405208,0.349755943616765
180,20111019,20120316,1.00194326872407,1.052109259888,0.348523143215363
180,20111116,20120615,1.00384816630676,1.04517876395288,0.350281015575299
180,20111221,20120615,1.00294818971249,1.04804927374106,0.349590389325918
180,20120118,20120615,1.0019366037553,1.05405739699194,0.347847147177241
180,20120215,20120921,1.00267220829346,1.04613640204539,0.350356158446015
180,20120321,20120921,1.00231094493218,1.05152790247098,0.348597896072732
180,20120418,20120921,1.00188627740367,1.05417069292765,0.347825210681182
180,20120521,20121116,1.00241716945971,1.05040765673387,0.348951648436857
180,20120620,20121221,1.00219828310428,1.05061588520085,0.348955191682854
180,20120718,20121221,1.0016456057202,1.05039605442494,0.34922449633021
180,20120822,20130315,1.00218493838726,1.043488961457,0.351455731852731
180,20120919,20130315,1.00154745009455,1.04797005226607,0.350107052740328
180,20121017,20130315,1.00111608474703,1.05246291064297,0.348687779070738
180,20121121,20130621,1.00183320667904,1.04295564381022,0.351766677134025
180,20121219,20130621,1.00151668415084,1.04614009489477,0.350759095050589
180,20130116,20130621,1.00121673494497,1.05078265635029,0.349239043910131
180,20130213,20130920,1.00180670866151,1.0432258155546,0.351680954350284
180,20130320,20130920,1.00158285850027,1.05021863545461,0.349308342995526
180,20130417,20130920,1.00119306046082,1.0534798384361,0.348306587754281
180,20130522,20131220,1.00164243907087,1.04424686979492,0.351379669178494
180,20130619,20131220,1.00141887902424,1.05113420912469,0.349045817733953
180,20130717,20140117,1.00144469227948,1.05008558000424,0.349403022868961
180,20130821,20140321,1.00170924691706,1.04591441412424,0.350770820456899
180,20130918,20140321,1.00133286786945,1.04958150661725,0.349618231483962
180,20131016,20140321,1.00111849733685,1.05481814804773,0.34786666459867
180,20131120,20140620,1.00138620910936,1.04768163656156,0.350264433397621
180,20131218,20140620,1.0012472757381,1.05308115392138,0.348426612347135
180,20140122,20140620,1.00097374219819,1.05706317317115,0.347136764878372
180,20140219,20140919,1.00137066595263,1.04996123588066,0.349472304613424
180,20140318,20140919,1.00122957095406,1.05375543330644,0.348197911743214
180,20140416,20140919,1.00093209514855,1.05578855688687,0.347593975340009
180,20140521,20141219,1.0013034828812,1.04857205032728,0.34998160451371
180,20140618,20141219,1.00120546978788,1.05284764923429,0.34852253325896
180,20140716,20150116,1.00117910788159,1.05346419698421,0.348316889945361
180,20140820,20150320,1.00143442910586,1.04968678303642,0.349545973798811
180,20140917,20150320,1.00126492185267,1.05351790996319,0.348268330219264
180,20141022,20150320,1.00092808252755,1.05613536682864,0.347474840181494
180,20141119,20150619,1.00149728215401,1.05073346458783,0.349158387646541
180,20141217,20150619,1.00142666854161,1.05522451133876,0.347618326801584
180,20150121,20150619,1.00107006688843,1.05950746242076,0.346255977810239
180,20150218,20150918,1.00208865980099,1.05498304398513,0.347472579303888
180,20150318,20150918,1.00165162491781,1.05610423261757,0.347234652668666
180,20150415,20150918,1.00129118985115,1.05755176357416,0.346857196724587
180,20150520,20151218,1.00211994835781,1.05174400647398,0.348588996609146
180,20150617,20151218,1.00190430853829,1.05468517047915,0.34764005189998
180,20150722,20160115,1.00193942637037,1.05523103078683,0.347438162692659
180,20150819,20160318,1.00257565248812,1.05255787370103,0.348147090422573
180,20150916,20160318,1.00230223239596,1.05316114587666,0.348032040794953
180,20151021,20160318,1.00145115718542,1.05579507255113,0.347411550321271
180,20151118,20160617,1.00308925154119,1.05141726483514,0.348365955862245
180,20151216,20160617,1.00314932030922,1.05783520853235,0.346116595277184
180,20160120,20160617,1.00257285405632,1.0553600626259,0.347173851143352
180,20160217,20160916,1.00378283783047,1.05176385786006,0.348004607708926
180,20160316,20160916,1.00341829031046,1.05292941730228,0.347725508704889
180,20160420,20160916,1.00275330271865,1.0570587764702,0.346522233732751
180,20160518,20161216,1.00449528285072,1.05058277478368,0.348168756586989
180,20160615,20161216,1.00335932617855,1.05400441114756,0.347372319499684
180,20160720,20170120,1.00385345368386,1.054055637689,0.347183546705894
180,20160817,20170120,1.00346890372252,1.05762801485828,0.346078062291425
180,20160921,20170317,1.004245183939,1.05644776727937,0.346218927407874
180,20161019,20170317,1.00346476596669,1.05836634782274,0.345824061745187
180,20161116,20170616,1.00548811209411,1.05396360924662,0.346651018135559
180,20161221,20170616,1.00503389086096,1.0588362462619,0.345121928151904
180,20170118,20170616,1.0042969727681,1.06203479366407,0.344272232578156
180,20170215,20170915,1.00694101763039,1.05579673363777,0.34551688239885
180,20170322,20170915,1.00605250138754,1.06125724172436,0.343938815172746
180,20170419,20170915,1.00494793034057,1.06342573275611,0.343571010506772
180,20170517,20171215,1.00724387313757,1.05866906164039,0.344422277366497
180,20170621,20171215,1.00649269244904,1.06186015682052,0.343581180285426
180,20170719,20180119,1.00688362904573,1.06160293647629,0.343536133224319
180,20170816,20180119,1.00586767975183,1.06360661582959,0.34319477089842
180,20170920,20180316,1.00702922763292,1.06217378843177,0.34329044002107
180,20171018,20180316,1.00599497393571,1.06605828273552,0.342311082187478
180,20171115,20180615,1.00934656335621,1.06458289589471,0.341678155632923
180,20171220,20180615,1.00852835619815,1.06907080165271,0.340424130249281
180,20180117,20180615,1.00747746957679,1.06975923344489,0.340544699708857
180,20180214,20180921,1.01254445180312,1.06676668497419,0.339856058955894
180,20180321,20180921,1.01158656183066,1.06819953362429,0.339690800552589
180,20180418,20180921,1.00995953647303,1.06922995195264,0.339887628944245
180,20180516,20181221,1.01448963282679,1.06732284764283,0.339015819032879
180,20180620,20181221,1.01235076661163,1.06759058018255,0.339641136958299
180,20180718,20190118,1.01256294947027,1.06870407367532,0.33919206654629
180,20180822,20190315,1.01403472430155,1.06845927223798,0.338782685902511
180,20180919,20190315,1.01246635197173,1.0699535730593,0.338800832201937
180,20181017,20190315,1.01078521541583,1.07022464400087,0.339272345931814
180,20181121,20190621,1.01626725412035,1.06587223077907,0.338914101797024
180,20181219,20190621,1.01381240568542,1.06252822452563,0.340872726198228
180,20190116,20190621,1.01148947658152,1.06882302196009,0.339511657349139
180,20190219,20190816,1.01280353304743,1.06561727419499,0.340159880548045
180,20190319,20190920,1.01327753133134,1.06734147007464,0.339415035291014
180,20190422,20191018,1.01269955310219,1.06835474174028,0.339264808064672
180,20190522,20191115,1.0121364502778,1.06475669560339,0.340677127752428
180,20190619,20191220,1.01071273617002,1.06203864268163,0.342085557856201
180,20190717,20200117,1.01078911477292,1.06239002674334,0.341939535513339
180,20190821,20200221,1.00978604608083,1.05996819636363,0.343109147135264
180,20190918,20200320,1.01018176989894,1.06171054696329,0.34237767723854
180,20191021,20200417,1.00886236331708,1.0621407559056,0.342677989473443
180,20191120,20200515,1.00849310435332,1.0621404002075,0.342803582686638
180,20191218,20200619,1.00899037222342,1.0624282812814,0.342536012539064
180,20200122,20200717,1.00832656879196,1.06286496060356,0.342611867298224
180,20200224,20200821,1.00737292181008,1.05995619537354,0.343935179841112
180,20200318,20200918,1.00321967009553,1.06716681646808,0.34287774822271
180,20200415,20201016,1.00243201419796,1.06381496250286,0.344299271633165
180,20200520,20201120,1.00132501025888,1.0640947573908,0.344583481750269
180,20200617,20201218,1.00147057453327,1.05914566524552,0.346242750271796
180,20200722,20210115,1.00123223030478,1.05735724067364,0.346945104303177
180,20200820,20210219,1.00118183515684,1.05944495635233,0.34623896442275
180,20200916,20210319,1.00115400655922,1.05670271057194,0.347199390462645
180,20201021,20210416,1.001011877176,1.05684175025908,0.347200409822443
180,20201119,20210521,1.0010610401765,1.05730265423578,0.347023377180927
180,20201216,20210618,1.00089142460636,1.05751776674433,0.347007531636072
180,20210120,20210716,1.00086660761008,1.06224321092573,0.345380198792971
180,20210218,20210820,1.00071947425917,1.06162048422589,0.345646155288454
180,20210317,20210917,1.00079059147551,1.05952776520406,0.346345639545638
180,20210421,20211015,1.00085179339595,1.06181537658046,0.345533110287613
180,20210519,20211119,1.00075052079833,1.06253159130082,0.345320664747013
180,20210616,20211217,1.00070096928573,1.06038160822855,0.346081032990584
180,20210721,20220121,1.00075199875136,1.06229940658232,0.345400342134505
180,20210818,20220218,1.0007176044626,1.06295071829259,0.345187315642486
180,20210915,20220318,1.00070595955063,1.06380458836778,0.344896709736315
180,20211020,20220414,1.00078802871428,1.06490863005169,0.344487887625339
180,20211117,20220520,1.00108713527662,1.06598335107747,0.344015041989704
180,20211222,20220617,1.00284586027061,1.06923600942882,0.342296544683942
180,20220119,20220715,1.0028572182869,1.06668237743539,0.343167874460949
180,20220216,20220819,1.00352969664918,1.06850585659903,0.342313142846142
180,20220315,20220916,1.00429478867252,1.07059249927198,0.341339364879687
180,20220420,20221021,1.00624888242519,1.07341776482038,0.339715354745757
180,20220518,20221118,1.00838585999298,1.0723160046996,0.339369125327531
180,20220615,20221216,1.0098940900529,1.06785250363862,0.340378186036732
180,20220720,20230120,1.01298813220745,1.0681243871232,0.339246296576286
180,20220817,20230217,1.0151758906898,1.07529215053231,0.336097480912455
180,20220921,20230317,1.0167756942632,1.0704030722831,0.337213300816569
180,20221019,20230421,1.01985113390664,1.06616225320062,0.337625183726875
180,20221116,20230519,1.02183990755216,1.07304394379834,0.334657125563029
180,20221221,20230616,1.02278558721101,1.07551910622062,0.333521156101089
180,20230118,20230721,1.02415834807119,1.07888038684749,0.331956435085381
180,20230215,20230818,1.02425734763998,1.0810271475891,0.331212551984084
180,20230322,20230915,1.02401858539463,1.08176106112785,0.331046729318755
180,20230419,20231020,1.02513349454325,1.0838814153103,0.329986261238412
180,20230517,20231117,1.02542372208652,1.08505353851177,0.329506416072292
180,20230621,20231215,1.02563379658251,1.08600038422455,0.329127145017867
180,20230719,20240119,1.02732051626426,1.08906218959463,0.327582233198482
180,20230816,20240216,1.02803047819499,1.08973233394705,0.327136701320602
180,20230920,20240315,1.02721943765297,1.08878256706518,0.327706088555074
180,20231018,20240419,1.02839099517289,1.08916678150524,0.327207019342919
180,20231115,20240517,1.02816562658826,1.08825241594947,0.327578130691329
180,20231220,20240621,1.02786440941418,1.08706335969177,0.328063982649385
180,20240117,20240719,1.0272157901449,1.0864549164726,0.328470928617169
180,20240214,20240816,1.02681713823652,1.0858339975481,0.328802550661619
180,20240320,20240920,1.02730422469374,1.08742735525979,0.32812341736516
180,20240417,20241018,1.02748085441649,1.08815895705406,0.327827084471148
180,20240522,20241115,1.02689358577173,1.08942005053567,0.327601168705353
180,20240618,20241220,1.02861087059447,1.0906199207518,0.326662045212433
180,20240717,20250117,1.0278240133663,1.08986335819453,0.327159546480174
180,20240821,20250221,1.0264223994365,1.09095066878452,0.327250277516331
180,20240918,20250321,1.02540373975731,1.08976201517333,0.327964980635013
180,20241016,20250417,1.02391838743564,1.08738665918232,0.329221835679752
180,20241120,20250516,1.0234984601594,1.08697080092696,0.329493905123444
180,20241218,20250620,1.02471449730136,1.09055208057163,0.327926390449665
