TTM,theta
60,5.99341218816196
60,-1.35535178686787
60,-1.35535178686787
60,-1.35535178686787
60,-1.92737304820399
