TTM,theta
90,6.21712563870148
90,-1.59771665752984
90,-1.59771665752984
90,-1.59771665752984
90,-1.59771665752983
