TTM,theta
180,6.1796749097293
180,-1.54794908174566
180,-1.54794908174566
180,-1.54794908174566
180,-1.54794908174566
