TTM,theta
30,5.38355980681204
30,-1.24109778290131
30,-1.24109778290131
30,-1.24109778290131
30,-1.66011734455748
