target_ttm,date,exdate,calendar_ttm,rf_days,rf_annualized,rf_gross,rf_source_date,rf_lag_days,interp_method,status
30,19960118,19960216,29,28,0.0567143908695652,1.00436017100331,19960118,0,interpolate,Success
30,19960215,19960315,29,28,0.0538179254545455,1.00413703238066,19960215,0,interpolate,Success
30,19960321,19960419,29,28,0.0550884,1.00423490141038,19960321,0,interpolate,Success
30,19960418,19960517,29,28,0.054888492,1.0042195011763,19960418,0,interpolate,Success
30,19960523,19960621,29,28,0.0547975628571429,1.00421249638178,19960523,0,interpolate,Success
30,19960620,19960719,29,28,0.055369998,1.00425659516555,19960620,0,interpolate,Success
30,19960718,19960816,29,28,0.0549687560869565,1.00422568442087,19960718,0,interpolate,Success
30,19960822,19960920,29,28,0.0546218939285714,1.00419896373288,19960822,0,interpolate,Success
30,19960919,19961018,29,28,0.0552292685714286,1.00424575358903,19960919,0,interpolate,Success
30,19961017,19961115,29,28,0.0543167934782609,1.00417546076527,19961017,0,interpolate,Success
30,19961121,19961220,29,28,0.0544080560714286,1.00418249098819,19961121,0,interpolate,Success
30,19961219,19970117,29,28,0.0562672165714286,1.00432571824211,19961219,0,interpolate,Success
30,19970123,19970221,29,28,0.0548404935714286,1.00421580357537,19970123,0,interpolate,Success
30,19970220,19970321,29,28,0.0544080460714286,1.00418249021785,19970220,0,interpolate,Success
30,19970320,19970418,29,28,0.05617999,1.00431899796626,19970320,0,interpolate,Success
30,19970417,19970516,29,28,0.0573768439130435,1.00441121219242,19970417,0,interpolate,Success
30,19970522,19970620,29,28,0.0574673792857143,1.00441818803258,19970522,0,interpolate,Success
30,19970619,19970718,29,28,0.0573724625714286,1.00441087460694,19970619,0,interpolate,Success
30,19970717,19970815,29,28,0.0571858008695652,1.00439649229564,19970717,0,interpolate,Success
30,19970821,19970919,29,28,0.0569296214285714,1.00437675396768,19970821,0,interpolate,Success
30,19970918,19971017,29,28,0.0571434525714286,1.00439322938176,19970918,0,interpolate,Success
30,19971023,19971121,29,28,0.0572570982142857,1.00440198574212,19971023,0,interpolate,Success
30,19971120,19971219,29,28,0.0575747754285714,1.0044264630746,19971120,0,interpolate,Success
30,19971218,19980116,29,28,0.0593639073913044,1.00456432853996,19971218,0,interpolate,Success
30,19980122,19980220,29,28,0.05654307,1.00434697136396,19980122,0,interpolate,Success
30,19980219,19980320,29,28,0.0568369792857143,1.00436961609384,19980219,0,interpolate,Success
30,19980319,19980417,29,28,0.0572021537142857,1.00439775227647,19980319,0,interpolate,Success
30,19980416,19980515,29,28,0.0571383191304348,1.00439283385358,19980416,0,interpolate,Success
30,19980521,19980619,29,28,0.0569768967857143,1.00438039644978,19980521,0,interpolate,Success
30,19980618,19980717,29,28,0.0571345082857143,1.00439254023065,19980618,0,interpolate,Success
30,19980723,19980821,29,28,0.0571268814285714,1.00439195258689,19980723,0,interpolate,Success
30,19980820,19980918,29,28,0.0570500428571429,1.00438603225037,19980820,0,interpolate,Success
30,19980917,19981016,29,28,0.0566463243478261,1.00435492670879,19980917,0,interpolate,Success
30,19981022,19981120,29,28,0.0528827585714286,1.00406499934923,19981022,0,interpolate,Success
30,19981119,19981218,29,28,0.0508596134285714,1.00390918037715,19981119,0,interpolate,Success
30,19981217,19990115,29,28,0.0545515017391304,1.00419354112455,19981217,0,interpolate,Success
30,19990121,19990219,29,28,0.0499035196428571,1.00383555218083,19990121,0,interpolate,Success
30,19990218,19990319,29,28,0.0498569568571429,1.00383196654715,19990218,0,interpolate,Success
30,19990318,19990416,29,28,0.0496533669565217,1.00381628896708,19990318,0,interpolate,Success
30,19990422,19990521,29,28,0.0494350489285714,1.00379947750952,19990422,0,interpolate,Success
30,19990520,19990618,29,28,0.0497099291428571,1.00382064455251,19990520,0,interpolate,Success
30,19990617,19990716,29,28,0.050360882173913,1.00387077271521,19990617,0,interpolate,Success
30,19990722,19990820,29,28,0.0521372664285714,1.00400758008178,19990722,0,interpolate,Success
30,19990819,19990917,29,28,0.0537101685714286,1.00412873193565,19990819,0,interpolate,Success
30,19990916,19991015,29,28,0.0543718626086956,1.00417970289462,19990916,0,interpolate,Success
30,19991021,19991119,29,28,0.0547168982142857,1.00420628236159,19991021,0,interpolate,Success
30,19991118,19991217,29,28,0.0564965725714286,1.004343388939,19991118,0,interpolate,Success
30,19991223,20000121,29,28,0.0695497860714286,1.00534958425295,19991223,0,interpolate,Success
30,20000120,20000218,29,28,0.0582177921428571,1.0044760099517,20000120,0,interpolate,Success
30,20000217,20000317,29,28,0.0593424374285714,1.00456267401298,20000217,0,interpolate,Success
30,20000323,20000420,28,27,0.06205302,1.00460077461064,20000323,0,interpolate,Success
30,20000420,20000519,29,28,0.0621274577142857,1.00477731712698,20000420,0,interpolate,Success
30,20000518,20000616,29,28,0.0666982156521739,1.00512968747279,20000518,0,interpolate,Success
30,20000622,20000721,29,28,0.067835895,1.00521741302149,20000622,0,interpolate,Success
30,20000720,20000818,29,28,0.0669378154285714,1.00514816218437,20000720,0,interpolate,Success
30,20000817,20000915,29,28,0.06679409,1.00513707997201,20000817,0,interpolate,Success
30,20000921,20001020,29,28,0.0670720342857143,1.00515851148547,20000921,0,interpolate,Success
30,20001019,20001117,29,28,0.066861518,1.00514227911621,20001019,0,interpolate,Success
30,20001116,20001215,29,28,0.0668418130434783,1.00514075973112,20001116,0,interpolate,Success
30,20001221,20010119,29,28,0.0676016948571428,1.00519935340912,20001221,0,interpolate,Success
30,20010118,20010216,29,28,0.0595376469565217,1.00457771742905,20010118,0,interpolate,Success
30,20010215,20010316,29,28,0.0564543733333333,1.00434013768201,20010215,0,interpolate,Success
30,20010322,20010420,29,28,0.0512700082142857,1.00394078628453,20010322,0,interpolate,Success
30,20010419,20010518,29,28,0.045874744,1.00352535795213,20010419,0,interpolate,Success
30,20010517,20010615,29,28,0.041373362173913,1.00317888894631,20010517,0,interpolate,Success
30,20010621,20010720,29,28,0.0388636621428571,1.00298577058768,20010621,0,interpolate,Success
30,20010719,20010817,29,28,0.0385959505714286,1.002965172703,20010719,0,interpolate,Success
30,20010823,20010921,29,28,0.0362396385714286,1.00278389492716,20010823,0,interpolate,Success
30,20010920,20011019,29,28,0.0268706465714286,1.00206343583367,20010920,0,interpolate,Success
30,20011018,20011116,29,28,0.0252420934782609,1.00193825576767,20011018,0,interpolate,Success
30,20011123,20011221,28,27,0.0213825621428571,1.0015829753598,20011123,0,interpolate,Success
30,20011220,20020118,29,28,0.0192344554285714,1.00147660898354,20011220,0,interpolate,Success
30,20020117,20020215,29,28,0.0177545604347826,1.00136292161181,20020117,0,interpolate,Success
30,20020214,20020315,29,28,0.0187246780952381,1.00143744579834,20020214,0,interpolate,Success
30,20020321,20020419,29,28,0.019426985,1.00149140029317,20020321,0,interpolate,Success
30,20020418,20020517,29,28,0.01875017,1.00143940415462,20020418,0,interpolate,Success
30,20020523,20020621,29,28,0.0186620071428571,1.00143263126449,20020523,0,interpolate,Success
30,20020620,20020719,29,28,0.0186742482857143,1.00143357165682,20020620,0,interpolate,Success
30,20020718,20020816,29,28,0.0185612491304348,1.00142489083928,20020718,0,interpolate,Success
30,20020822,20020920,29,28,0.0183315671428571,1.0014072464488,20020822,0,interpolate,Success
30,20020919,20021018,29,28,0.0184063637142857,1.00141299235899,20020919,0,interpolate,Success
30,20021017,20021115,29,28,0.01848607,1.00141911547218,20021017,0,interpolate,Success
30,20021121,20021220,29,28,0.0139288235714286,1.001069083556,20021121,0,interpolate,Success
30,20021219,20030117,29,28,0.0140278088571429,1.00107668509461,20021219,0,interpolate,Success
30,20030123,20030221,29,28,0.0136377217857143,1.00104672883591,20030123,0,interpolate,Success
30,20030220,20030321,29,28,0.013505855,1.0010366024904,20030220,0,interpolate,Success
30,20030320,20030417,28,27,0.01316568,1.00097437401066,20030320,0,interpolate,Success
30,20030417,20030516,29,28,0.0133666208695652,1.00102591050119,20030417,0,interpolate,Success
30,20030522,20030620,29,28,0.0133490821428571,1.00102456368522,20030522,0,interpolate,Success
30,20030619,20030718,29,28,0.010790798,1.00082812995425,20030619,0,interpolate,Success
30,20030717,20030815,29,28,0.0111484691304348,1.00085559083838,20030717,0,interpolate,Success
30,20030821,20030919,29,28,0.0112342767857143,1.00086217899706,20030821,0,interpolate,Success
30,20030918,20031017,29,28,0.0112514811428571,1.00086349992213,20030918,0,interpolate,Success
30,20031023,20031121,29,28,0.0113162317857143,1.00086847139623,20031023,0,interpolate,Success
30,20031120,20031219,29,28,0.0112869991428571,1.00086622694709,20031120,0,interpolate,Success
30,20031218,20040116,29,28,0.0114198069565217,1.00087642382081,20031218,0,interpolate,Success
30,20040122,20040220,29,28,0.0110804460714286,1.00085036818009,20040122,0,interpolate,Success
30,20040219,20040319,29,28,0.0110224697142857,1.00084591690661,20040219,0,interpolate,Success
30,20040318,20040416,29,28,0.0109798730434783,1.00084264645794,20040318,0,interpolate,Success
30,20040422,20040521,29,28,0.0111362757142857,1.00085465465317,20040422,0,interpolate,Success
30,20040520,20040618,29,28,0.0111843817142857,1.00085834813722,20040520,0,interpolate,Success
30,20040617,20040716,29,28,0.01286214125,1.00098717174181,20040617,0,interpolate,Success
30,20040722,20040820,29,28,0.0145160460714286,1.00111417993643,20040722,0,interpolate,Success
30,20040819,20040917,29,28,0.0162736568571429,1.00124916967837,20040819,0,interpolate,Success
30,20040916,20041015,29,28,0.01833278625,1.00140734010096,20040916,0,interpolate,Success
30,20041021,20041119,29,28,0.0194150332142857,1.00149048207688,20041021,0,interpolate,Success
30,20041118,20041217,29,28,0.0216392842857143,1.00166137845293,20041118,0,interpolate,Success
30,20041223,20050121,29,28,0.0245602853571429,1.0018858526726,20041223,0,interpolate,Success
30,20050120,20050218,29,28,0.0253616846428571,1.00194744770836,20050120,0,interpolate,Success
30,20050217,20050318,29,28,0.0263661751428571,1.00202465755267,20050217,0,interpolate,Success
30,20050317,20050415,29,28,0.0288258058823529,1.00221374141308,20050317,0,interpolate,Success
30,20050421,20050520,29,28,0.0305310253571429,1.00234485092769,20050421,0,interpolate,Success
30,20050519,20050617,29,28,0.031300068,1.00240398605867,20050519,0,interpolate,Success
30,20050616,20050715,29,28,0.032925565,1.00252898927909,20050616,0,interpolate,Success
30,20050721,20050819,29,28,0.0348199322857143,1.00267468870755,20050721,0,interpolate,Success
30,20050818,20050916,29,28,0.0364641011764706,1.002801162061,20050818,0,interpolate,Success
30,20050922,20051021,29,28,0.0388050303571429,1.00298125938766,20050922,0,interpolate,Success
30,20051020,20051118,29,28,0.04071572,1.00312828058763,20051020,0,interpolate,Success
30,20051117,20051216,29,28,0.04199814,1.00322697061883,20051117,0,interpolate,Success
30,20051222,20060120,29,28,0.0443741296428571,1.00340984315534,20051222,0,interpolate,Success
30,20060119,20060217,29,28,0.0455459742857143,1.00350004866892,20060119,0,interpolate,Success
30,20060216,20060317,29,28,0.046303218,1.00355834360842,20060216,0,interpolate,Success
30,20060323,20060421,29,28,0.0488076753571429,1.0037511685258,20060323,0,interpolate,Success
30,20060420,20060519,29,28,0.0499521788571429,1.00383929926667,20060420,0,interpolate,Success
30,20060518,20060616,29,28,0.0513916617647059,1.00395015543211,20060518,0,interpolate,Success
30,20060622,20060721,29,28,0.0538757317857143,1.00414148519431,20060622,0,interpolate,Success
30,20060720,20060818,29,28,0.0544964485714286,1.0041893001664,20060720,0,interpolate,Success
30,20060817,20060915,29,28,0.0538600623529412,1.00414027817814,20060817,0,interpolate,Success
30,20060921,20061020,29,28,0.0539247110714286,1.00414525807733,20060921,0,interpolate,Success
30,20061019,20061117,29,28,0.0538178202857143,1.00413702427954,20061019,0,interpolate,Success
30,20061116,20061215,29,28,0.0538118275,1.00413656265722,20061116,0,interpolate,Success
30,20061221,20070119,29,28,0.0541340225714286,1.00416138153885,20061221,0,interpolate,Success
30,20070118,20070216,29,28,0.0538093335294118,1.00413637054755,20070118,0,interpolate,Success
30,20070215,20070316,29,28,0.0538273,1.00413775449925,20070215,0,interpolate,Success
30,20070322,20070420,29,28,0.0538362696428571,1.0041384454288,20070322,0,interpolate,Success
30,20070419,20070518,29,28,0.0538355431428571,1.00413838946665,20070419,0,interpolate,Success
30,20070517,20070615,29,28,0.0538273970588235,1.00413776197567,20070517,0,interpolate,Success
30,20070621,20070720,29,28,0.0538407185714286,1.00413878812893,20070621,0,interpolate,Success
30,20070719,20070817,29,28,0.053836366,1.00413845285117,20070719,0,interpolate,Success
30,20070823,20070921,29,28,0.0555272357142857,1.0042687086532,20070823,0,interpolate,Success
30,20070920,20071019,29,28,0.0518239825714286,1.00398345132437,20070920,0,interpolate,Success
30,20071018,20071116,29,28,0.0504640911764706,1.00387872079607,20071018,0,interpolate,Success
30,20071123,20071221,28,27,0.0484777960714286,1.0035924662443,20071123,0,interpolate,Success
30,20071220,20080118,29,28,0.0498834031428571,1.0038340030795,20071220,0,interpolate,Success
30,20080117,20080215,29,28,0.0404170152941176,1.00310529483492,20080117,0,interpolate,Success
30,20080221,20080320,28,27,0.03176584,1.00235256481111,20080221,0,interpolate,Success
30,20080320,20080418,29,28,0.0266346708571429,1.00204529639846,20080320,0,interpolate,Success
30,20080417,20080516,29,28,0.02833992375,1.00217638644626,20080417,0,interpolate,Success
30,20080522,20080620,29,28,0.0241692928571429,1.00185580261389,20080522,0,interpolate,Success
30,20080619,20080718,29,28,0.0254945185714286,1.00195765760487,20080619,0,interpolate,Success
30,20080717,20080815,29,28,0.0248617835294118,1.00190902518467,20080717,0,interpolate,Success
30,20080821,20080919,29,28,0.0250311996428571,1.00192204638415,20080821,0,interpolate,Success
30,20080918,20081017,29,28,0.0342397008571429,1.00263005974388,20080918,0,interpolate,Success
30,20081023,20081121,29,28,0.0312880507142857,1.00240306196895,20081023,0,interpolate,Success
30,20081120,20081219,29,28,0.0137800597142857,1.00105765939887,20081120,0,interpolate,Success
30,20081218,20090116,29,28,0.00529446941176471,1.00040623356868,20081218,0,interpolate,Success
30,20090122,20090220,29,28,0.00394018285714286,1.00030230628808,20090122,0,interpolate,Success
30,20090219,20090320,29,28,0.0049034475,1.00037622563183,20090219,0,interpolate,Success
30,20090319,20090417,29,28,0.00528622828571429,1.00040560111609,20090319,0,interpolate,Success
30,20090416,20090515,29,28,0.004469265,1.00034290650503,20090416,0,interpolate,Success
30,20090521,20090619,29,28,0.00317096,1.00024328131413,20090521,0,interpolate,Success
30,20090618,20090717,29,28,0.00322684142857143,1.00024756916074,20090618,0,interpolate,Success
30,20090723,20090821,29,28,0.00290494321428571,1.00022286979069,20090723,0,interpolate,Success
30,20090820,20090918,29,28,0.00272614857142857,1.00020915107452,20090820,0,interpolate,Success
30,20090917,20091016,29,28,0.00249426125,1.00019135889582,20090917,0,interpolate,Success
30,20091022,20091120,29,28,0.00246797392857143,1.00018934195032,20091022,0,interpolate,Success
30,20091119,20091218,29,28,0.00238360485714286,1.00018286859788,20091119,0,interpolate,Success
30,20091217,20100115,29,28,0.00234560058823529,1.00017995267302,20091217,0,interpolate,Success
30,20100121,20100219,29,28,0.00231719142857143,1.00017777295042,20100121,0,interpolate,Success
30,20100218,20100319,29,28,0.002320368,1.00017801667597,20100218,0,interpolate,Success
30,20100318,20100416,29,28,0.00242355941176471,1.00018593417,20100318,0,interpolate,Success
30,20100422,20100521,29,28,0.00266981964285714,1.0002048290568,20100422,0,interpolate,Success
30,20100520,20100618,29,28,0.00346927142857143,1.00026617130771,20100520,0,interpolate,Success
30,20100617,20100716,29,28,0.00350946875,1.00026925576338,20100617,0,interpolate,Success
30,20100722,20100820,29,28,0.00333252892857143,1.00025567873503,20100722,0,interpolate,Success
30,20100819,20100917,29,28,0.00268699428571429,1.00020614683438,20100819,0,interpolate,Success
30,20100916,20101015,29,28,0.00260177,1.00019960775459,20100916,0,interpolate,Success
30,20101021,20101119,29,28,0.00259660392857143,1.0001992113742,20101021,0,interpolate,Success
30,20101118,20101217,29,28,0.00257257971428571,1.00019736805533,20101118,0,interpolate,Success
30,20101223,20110121,29,28,0.00264578642857143,1.00020298503703,20101223,0,interpolate,Success
30,20110120,20110218,29,28,0.00263813035714286,1.00020239760292,20110120,0,interpolate,Success
30,20110217,20110318,29,28,0.002671416,1.00020495154216,20110217,0,interpolate,Success
30,20110317,20110415,29,28,0.00255606941176471,1.00019610126241,20110317,0,interpolate,Success
30,20110421,20110520,29,28,0.00213259321428571,1.00016360957437,20110421,0,interpolate,Success
30,20110519,20110617,29,28,0.00194533971428571,1.00014924267531,20110519,0,interpolate,Success
30,20110616,20110715,29,28,0.0018632425,1.00014294388674,20110616,0,interpolate,Success
30,20110721,20110819,29,28,0.00186922742857143,1.00014340307028,20110721,0,interpolate,Success
30,20110818,20110916,29,28,0.00212154235294118,1.00016276169872,20110818,0,interpolate,Success
30,20110922,20111021,29,28,0.00235599678571429,1.00018075033337,20110922,0,interpolate,Success
30,20111020,20111118,29,28,0.00243176228571429,1.00018656354876,20111020,0,interpolate,Success
30,20111117,20111216,29,28,0.002527655,1.00019392110164,20111117,0,interpolate,Success
30,20111222,20120120,29,28,0.00292466178571429,1.00022438278649,20111222,0,interpolate,Success
30,20120119,20120217,29,28,0.00275565857142857,1.00021141533137,20120119,0,interpolate,Success
30,20120216,20120316,29,28,0.00247008666666667,1.00018950405408,20120216,0,interpolate,Success
30,20120322,20120420,29,28,0.00242931035714286,1.00018637542054,20120322,0,interpolate,Success
30,20120419,20120518,29,28,0.00241538514285714,1.0001853069864,20120419,0,interpolate,Success
30,20120517,20120615,29,28,0.00238339235294118,1.0001828522932,20120517,0,interpolate,Success
30,20120621,20120720,29,28,0.00247922821428571,1.00019020545663,20120621,0,interpolate,Success
30,20120719,20120817,29,28,0.00246919542857143,1.00018943567218,20120719,0,interpolate,Success
30,20120823,20120921,29,28,0.00235081571428571,1.00018035280956,20120823,0,interpolate,Success
30,20120920,20121019,29,28,0.00218183,1.00016738726796,20120920,0,interpolate,Success
30,20121018,20121116,29,28,0.00210934235294118,1.00016182565642,20121018,0,interpolate,Success
30,20121123,20121221,28,27,0.00210136821428571,1.00015545575812,20121123,0,interpolate,Success
30,20121220,20130118,29,28,0.00212621714285714,1.00016312037117,20121220,0,interpolate,Success
30,20130117,20130215,29,28,0.00204701823529412,1.00015704386596,20130117,0,interpolate,Success
30,20130214,20130315,29,28,0.0020452,1.000156904363,20130214,0,interpolate,Success
30,20130321,20130419,29,28,0.00204825857142857,1.00015713902998,20130321,0,interpolate,Success
30,20130418,20130517,29,28,0.00200223914285714,1.00015360822393,20130418,0,interpolate,Success
30,20130523,20130621,29,28,0.00192573642857143,1.00014773863831,20130523,0,interpolate,Success
30,20130620,20130719,29,28,0.00192827742857143,1.00014793359315,20130620,0,interpolate,Success
30,20130718,20130816,29,28,0.00190430176470588,1.00014609409375,20130718,0,interpolate,Success
30,20130822,20130920,29,28,0.00184894857142857,1.00014184721005,20130822,0,interpolate,Success
30,20130919,20131018,29,28,0.00181194942857143,1.00013900852106,20130919,0,interpolate,Success
30,20131017,20131115,29,28,0.00174476764705882,1.00013385414703,20131017,0,interpolate,Success
30,20131121,20131220,29,28,0.00170359071428571,1.0001306949508,20131121,0,interpolate,Success
30,20131219,20140117,29,28,0.00169462714285714,1.00013000724473,20131219,0,interpolate,Success
30,20140123,20140221,29,28,0.001648175,1.00012644333575,20140123,0,interpolate,Success
30,20140220,20140321,29,28,0.00157433464285714,1.00012077816981,20140220,0,interpolate,Success
30,20140320,20140417,28,27,0.00150807,1.0001115620856,20140320,0,interpolate,Success
30,20140417,20140516,29,28,0.00151396086956522,1.00011614620842,20140417,0,interpolate,Success
30,20140522,20140620,29,28,0.00148517,1.00011393733968,20140522,0,interpolate,Success
30,20140619,20140718,29,28,0.001527292,1.00011716898978,20140619,0,interpolate,Success
30,20140717,20140815,29,28,0.00154084,1.00011820841072,20140717,0,interpolate,Success
30,20140821,20140919,29,28,0.00153226392857143,1.00011755044276,20140821,0,interpolate,Success
30,20140918,20141017,29,28,0.00152865142857143,1.00011727328693,20140918,0,interpolate,Success
30,20141023,20141121,29,28,0.00150107142857143,1.00011515731503,20141023,0,interpolate,Success
30,20141120,20141219,29,28,0.00154459,1.000118496116,20141120,0,interpolate,Success
30,20141218,20150116,29,28,0.001633235,1.0001252971093,20141218,0,interpolate,Success
30,20150121,20150220,30,29,0.00166928428571429,1.00013263686203,20150121,0,interpolate,Success
30,20150218,20150320,30,29,0.00177780535714286,1.00014126026494,20150218,0,interpolate,Success
30,20150318,20150417,30,29,0.00175762428571429,1.00013965661213,20150318,0,interpolate,Success
30,20150415,20150515,30,29,0.00181278608695652,1.00014403995227,20150415,0,interpolate,Success
30,20150520,20150619,30,29,0.00184446785714286,1.00014655749975,20150520,0,interpolate,Success
30,20150617,20150717,30,29,0.00188166114285714,1.00014951302018,20150617,0,interpolate,Success
30,20150722,20150821,30,29,0.00187057321428571,1.00014863193015,20150722,0,interpolate,Success
30,20150819,20150918,30,29,0.00201348914285714,1.00015998864653,20150819,0,interpolate,Success
30,20150916,20151016,30,29,0.00213625,1.00016974385691,20150916,0,interpolate,Success
30,20151021,20151120,30,29,0.00195295928571429,1.00015517866714,20151021,0,interpolate,Success
30,20151119,20151218,29,28,0.00212894285714286,1.00016332950119,20151119,0,interpolate,Success
30,20151216,20160115,30,29,0.00363247166666667,1.000288648989,20151216,0,interpolate,Success
30,20160120,20160219,30,29,0.00429978,1.00034168471709,20160120,0,interpolate,Success
30,20160217,20160318,30,29,0.00437623142857143,1.00034776103411,20160217,0,interpolate,Success
30,20160316,20160415,30,29,0.004425615,1.00035168603252,20160316,0,interpolate,Success
30,20160420,20160520,30,29,0.00447692821428571,1.00035576441495,20160420,0,interpolate,Success
30,20160518,20160617,30,29,0.00444593342857143,1.00035330094246,20160518,0,interpolate,Success
30,20160615,20160715,30,29,0.0045058847826087,1.00035806589494,20160615,0,interpolate,Success
30,20160720,20160819,30,29,0.00492133028571429,1.00039108625782,20160720,0,interpolate,Success
30,20160817,20160916,30,29,0.00515011,1.00040927055027,20160817,0,interpolate,Success
30,20160921,20161021,30,29,0.00552129928571429,1.0004387748069,20160921,0,interpolate,Success
30,20161019,20161118,30,29,0.00529218228571429,1.00042056316885,20161019,0,interpolate,Success
30,20161116,20161216,30,29,0.00557845652173913,1.00044331806966,20161116,0,interpolate,Success
30,20161221,20170120,30,29,0.0076395325,1.00060716080234,20161221,0,interpolate,Success
30,20170118,20170217,30,29,0.00785554214285714,1.00062433378003,20170118,0,interpolate,Success
30,20170215,20170317,30,29,0.007881804,1.00062642164343,20170215,0,interpolate,Success
30,20170322,20170421,30,29,0.00995972,1.00079163339562,20170322,0,interpolate,Success
30,20170419,20170519,30,29,0.01003821,1.00079787454364,20170419,0,interpolate,Success
30,20170517,20170616,30,29,0.0101220125,1.00080453815912,20170517,0,interpolate,Success
30,20170621,20170721,30,29,0.012314575,1.00097889709499,20170621,0,interpolate,Success
30,20170719,20170818,30,29,0.0124197531428571,1.00098726192978,20170719,0,interpolate,Success
30,20170816,20170915,30,29,0.0124215508333333,1.000987404901,20170816,0,interpolate,Success
30,20170920,20171020,30,29,0.0125113275,1.00099454491021,20170920,0,interpolate,Success
30,20171018,20171117,30,29,0.012541188,1.00099691975064,20171018,0,interpolate,Success
30,20171115,20171215,30,29,0.0128015060869565,1.00101762339075,20171115,0,interpolate,Success
30,20171220,20180119,30,29,0.0154801965714286,1.00123069010453,20171220,0,interpolate,Success
30,20180117,20180216,30,29,0.0157041575,1.0012485063181,20180117,0,interpolate,Success
30,20180214,20180316,30,29,0.0161301042857143,1.00128239149122,20180214,0,interpolate,Success
30,20180321,20180420,30,29,0.0187767160714286,1.00149296203399,20180321,0,interpolate,Success
30,20180418,20180518,30,29,0.019159832,1.0015234472905,20180418,0,interpolate,Success
30,20180516,20180615,30,29,0.01944779,1.00154636126215,20180516,0,interpolate,Success
30,20180620,20180720,30,29,0.0210619567857143,1.00167481668609,20180620,0,interpolate,Success
30,20180718,20180817,30,29,0.0210170085714286,1.00167123948334,20180718,0,interpolate,Success
30,20180822,20180921,30,29,0.0208358871428571,1.00165682506747,20180822,0,interpolate,Success
30,20180919,20181019,30,29,0.0219695974285714,1.00174705398239,20180919,0,interpolate,Success
30,20181017,20181116,30,29,0.0230536841666667,1.00183334109619,20181017,0,interpolate,Success
30,20181121,20181221,30,29,0.0234502053571429,1.00186490377508,20181121,0,interpolate,Success
30,20181219,20190118,30,29,0.0250222237142857,1.00199004460527,20181219,0,interpolate,Success
30,20190116,20190215,30,29,0.02536682,1.00201747834899,20190116,0,interpolate,Success
30,20190213,20190315,30,29,0.0252438914285714,1.00200769176462,20190213,0,interpolate,Success
30,20190319,20190418,30,29,0.02512486,1.00199821553052,20190319,0,interpolate,Success
30,20190417,20190517,30,29,0.0251476128571429,1.00200002690571,20190417,0,interpolate,Success
30,20190522,20190621,30,29,0.0246487025,1.00196030895991,20190522,0,interpolate,Success
30,20190619,20190719,30,29,0.0240958491428571,1.00191629848405,20190619,0,interpolate,Success
30,20190717,20190816,30,29,0.0233374316666667,1.00185592700414,20190717,0,interpolate,Success
30,20190821,20190920,30,29,0.0218934696428571,1.00174099492464,20190821,0,interpolate,Success
30,20190918,20191018,30,29,0.0206632908571429,1.00164308931184,20190918,0,interpolate,Success
30,20191016,20191115,30,29,0.0189991091666667,1.00151065815874,20191016,0,interpolate,Success
30,20191120,20191220,30,29,0.0173012157142857,1.00137556235814,20191120,0,interpolate,Success
30,20191218,20200117,30,29,0.017665638,1.00140455670547,20191218,0,interpolate,Success
30,20200122,20200221,30,29,0.0166968421428571,1.00132747873774,20200122,0,interpolate,Success
30,20200219,20200320,30,29,0.0165901935714286,1.00131899407723,20200219,0,interpolate,Success
30,20200318,20200417,30,29,0.00786779028571429,1.00062530752818,20200318,0,interpolate,Success
30,20200415,20200515,30,29,0.00737266043478261,1.00058594461937,20200415,0,interpolate,Success
30,20200520,20200619,30,29,0.00166271178571429,1.00013211459427,20200520,0,interpolate,Success
30,20200617,20200717,30,29,0.00188995257142857,1.00015017188993,20200617,0,interpolate,Success
30,20200722,20200821,30,29,0.00173910785714286,1.00013818523946,20200722,0,interpolate,Success
30,20200819,20200918,30,29,0.00164444428571429,1.00013066301316,20200819,0,interpolate,Success
30,20200916,20201016,30,29,0.00149986173913043,1.00011917419776,20200916,0,interpolate,Success
30,20201021,20201120,30,29,0.00146530535714286,1.00011642829877,20201021,0,interpolate,Success
30,20201118,20201218,30,29,0.0014640725,1.00011633033434,20201118,0,interpolate,Success
30,20201216,20210115,30,29,0.00155235833333333,1.00012334566581,20201216,0,interpolate,Success
30,20210120,20210219,30,29,0.00128615740740741,1.00010219307016,20210120,0,interpolate,Success
30,20210217,20210319,30,29,0.00112605628571429,1.00008947148805,20210217,0,interpolate,Success
30,20210317,20210416,30,29,0.00109959833333333,1.0000873691635,20210317,0,interpolate,Success
30,20210421,20210521,30,29,0.00111459142857143,1.00008856050051,20210421,0,interpolate,Success
30,20210519,20210618,30,29,0.000947566,1.00007528889982,20210519,0,interpolate,Success
30,20210616,20210716,30,29,0.000828223043478261,1.00006580618776,20210616,0,interpolate,Success
30,20210721,20210820,30,29,0.000907129642857143,1.00007207591143,20210721,0,interpolate,Success
30,20210818,20210917,30,29,0.000910771142857143,1.00007236525699,20210818,0,interpolate,Success
30,20210915,20211015,30,29,0.000848322608695652,1.00006740324589,20210915,0,interpolate,Success
30,20211020,20211119,30,29,0.000879141071428572,1.00006985200412,20211020,0,interpolate,Success
30,20211117,20211217,30,29,0.000934134166666667,1.00007422163328,20211117,0,interpolate,Success
30,20211222,20220121,30,29,0.0056894015,1.00045213682278,20211222,0,interpolate,Success
30,20220119,20220218,30,29,0.004968756,1.00039485580901,20220119,0,interpolate,Success
30,20220216,20220318,30,29,0.0046824405,1.00037209873074,20220216,0,interpolate,Success
30,20220315,20220414,30,29,0.0046955385,1.00037313978153,20220315,0,interpolate,Success
30,20220420,20220520,30,29,0.0056617095,1.00044993564411,20220420,0,interpolate,Success
30,20220518,20220617,30,29,0.0086977285,1.00069129123309,20220518,0,interpolate,Success
30,20220615,20220715,30,29,0.011038929,1.00087745032628,20220615,0,interpolate,Success
30,20220720,20220819,30,29,0.017845651,1.00141887929917,20220720,0,interpolate,Success
30,20220817,20220916,30,29,0.024199144,1.00192452123348,20220817,0,interpolate,Success
30,20220921,20221021,30,29,0.0284024005,1.00225917718457,20220921,0,interpolate,Success
30,20221019,20221118,30,29,0.032253918,1.00256592642897,20221019,0,interpolate,Success
30,20221116,20221216,30,29,0.0348752105,1.00277474964705,20221116,0,interpolate,Success
30,20221221,20230120,30,29,0.0404124515,1.00321601261876,20221221,0,interpolate,Success
30,20230118,20230217,30,29,0.041088989,1.00326993923066,20230118,0,interpolate,Success
30,20230215,20230317,30,29,0.0414257315,1.00329678196015,20230215,0,interpolate,Success
30,20230322,20230421,30,29,0.043306958,1.00344675323987,20230322,0,interpolate,Success
30,20230419,20230519,30,29,0.0453432785,1.00360911387129,20230419,0,interpolate,Success
30,20230517,20230616,30,29,0.04657993,1.00370772783028,20230517,0,interpolate,Success
30,20230621,20230721,30,29,0.0478303405,1.00380744882145,20230621,0,interpolate,Success
30,20230719,20230818,30,29,0.048797889,1.00388461819674,20230719,0,interpolate,Success
30,20230816,20230915,30,29,0.0504394425,1.00401555818464,20230816,0,interpolate,Success
30,20230920,20231020,30,29,0.051276969,1.00408237081705,20230920,0,interpolate,Success
30,20231018,20231117,30,29,0.051869483,1.00412964056802,20231018,0,interpolate,Success
30,20231115,20231215,30,29,0.051829623,1.00412646053575,20231115,0,interpolate,Success
30,20231220,20240119,30,29,0.05315608,1.00423229073319,20231220,0,interpolate,Success
30,20240117,20240216,30,29,0.0538349715,1.00428645980566,20240117,0,interpolate,Success
30,20240214,20240315,30,29,0.0529114635,1.00421277338352,20240214,0,interpolate,Success
30,20240320,20240419,30,29,0.0530348645,1.00422261919878,20240320,0,interpolate,Success
30,20240417,20240517,30,29,0.0524877995,1.00417897117103,20240417,0,interpolate,Success
30,20240522,20240621,30,29,0.0531501375,1.00423181659122,20240522,0,interpolate,Success
30,20240620,20240719,29,28,0.054712668,1.00420595648708,20240620,0,interpolate,Success
30,20240717,20240816,30,29,0.0532599575,1.0042405789785,20240717,0,interpolate,Success
30,20240821,20240920,30,29,0.052902999,1.00421209802865,20240821,0,interpolate,Success
30,20240918,20241018,30,29,0.052515025,1.00418114333492,20240918,0,interpolate,Success
30,20241016,20241115,30,29,0.0491893235,1.00391583977028,20241016,0,interpolate,Success
30,20241120,20241220,30,29,0.048817164,1.00388615558533,20241120,0,interpolate,Success
30,20241218,20250117,30,29,0.0489011585,1.0038928550777,20241218,0,interpolate,Success
60,19960116,19960315,59,58,0.0561576228571429,1.00896361176261,19960116,0,interpolate,Success
60,19960220,19960419,59,58,0.0538224761904762,1.00858929073644,19960220,0,interpolate,Success
60,19960319,19960517,59,58,0.0548346954285714,1.00875153113199,19960319,0,interpolate,Success
60,19960423,19960621,59,58,0.0549690175,1.00877306248649,19960423,0,interpolate,Success
60,19960521,19960719,59,58,0.0552197877142857,1.00881326129769,19960521,0,interpolate,Success
60,19960618,19960816,59,58,0.0560311837142857,1.00894334017265,19960618,0,interpolate,Success
60,19960723,19960920,59,58,0.0563275839285714,1.00899086172816,19960723,0,interpolate,Success
60,19960820,19961018,59,58,0.0554925811428571,1.0088569922796,19960820,0,interpolate,Success
60,19960917,19961115,59,58,0.0564360771428571,1.00900825689834,19960917,0,interpolate,Success
60,19961022,19961220,59,58,0.0552841371428571,1.0088235768581,19961022,0,interpolate,Success
60,19961119,19970117,59,58,0.0550042305714286,1.00877870709373,19961119,0,interpolate,Success
60,19961224,19970221,59,58,0.0578830121428571,1.00924027870252,19961224,0,interpolate,Success
60,19970121,19970321,59,58,0.0556703492857143,1.00888549096367,19970121,0,interpolate,Success
60,19970218,19970418,59,58,0.0549582904761905,1.00877134296551,19970218,0,interpolate,Success
60,19970318,19970516,59,58,0.0564046682857143,1.00900322095425,19970318,0,interpolate,Success
60,19970422,19970620,59,58,0.0585565578571429,1.00934830264474,19970422,0,interpolate,Success
60,19970520,19970718,59,58,0.0586341602857143,1.00936074934344,19970520,0,interpolate,Success
60,19970617,19970815,59,58,0.057876558,1.00923924363649,19970617,0,interpolate,Success
60,19970722,19970919,59,58,0.0575429371428571,1.00918574152271,19970722,0,interpolate,Success
60,19970819,19971017,59,58,0.0573627242857143,1.00915684232483,19970819,0,interpolate,Success
60,19970923,19971121,59,58,0.0578302442857143,1.00923181622864,19970923,0,interpolate,Success
60,19971021,19971219,59,58,0.0582216934285714,1.00929459530417,19971021,0,interpolate,Success
60,19971118,19980116,59,58,0.0582420242857143,1.00929785599383,19971118,0,interpolate,Success
60,19971223,19980220,59,58,0.0591286189285714,1.00944005945775,19971223,0,interpolate,Success
60,19980120,19980320,59,58,0.0566971492857143,1.00905011691449,19980120,0,interpolate,Success
60,19980217,19980417,59,58,0.0567773794285714,1.00906298127494,19980217,0,interpolate,Success
60,19980317,19980515,59,58,0.0572254442857143,1.00913482845815,19980317,0,interpolate,Success
60,19980421,19980619,59,58,0.0573590217857143,1.00915624859518,19980421,0,interpolate,Success
60,19980519,19980717,59,58,0.0574580431428571,1.00917212769335,19980519,0,interpolate,Success
60,19980623,19980821,59,58,0.0574206735714286,1.00916613506694,19980623,0,interpolate,Success
60,19980721,19980918,59,58,0.0572832122857143,1.00914409192709,19980721,0,interpolate,Success
60,19980818,19981016,59,58,0.0571426842857143,1.00912155751005,19980818,0,interpolate,Success
60,19980922,19981120,59,58,0.0557041107142857,1.00889090347708,19980922,0,interpolate,Success
60,19981020,19981218,59,58,0.05174402,1.00825623367948,19981020,0,interpolate,Success
60,19981117,19990115,59,58,0.0526768637142857,1.00840570130081,19981117,0,interpolate,Success
60,19981222,19990219,59,58,0.0530876646428571,1.00847153011214,19981222,0,interpolate,Success
60,19990119,19990319,59,58,0.0501339862857143,1.00799831341753,19990119,0,interpolate,Success
60,19990216,19990416,59,58,0.0503339302857143,1.00803033997139,19990216,0,interpolate,Success
60,19990323,19990521,59,58,0.0503187171428571,1.00802790313062,19990323,0,interpolate,Success
60,19990420,19990618,59,58,0.0501064165714286,1.00799389744616,19990420,0,interpolate,Success
60,19990518,19990716,59,58,0.0505744622857143,1.00806886916282,19990518,0,interpolate,Success
60,19990622,19990820,59,58,0.0524357310714286,1.00836706299217,19990622,0,interpolate,Success
60,19990720,19990917,59,58,0.0530245734285714,1.00846141977867,19990720,0,interpolate,Success
60,19990817,19991015,59,58,0.0545853708571429,1.00871156650037,19990817,0,interpolate,Success
60,19990921,19991119,59,58,0.0573045478571429,1.00914751324418,19990921,0,interpolate,Success
60,19991019,19991217,59,58,0.058655466,1.00936416660622,19991019,0,interpolate,Success
60,19991123,20000121,59,58,0.0589963517857143,1.00941884347893,19991123,0,interpolate,Success
60,19991221,20000218,59,58,0.0619246610714286,1.00988865593658,19991221,0,interpolate,Success
60,20000118,20000317,59,58,0.0602850174285714,1.0096255676474,20000118,0,interpolate,Success
60,20000222,20000420,58,57,0.06160763,1.00966734736867,20000222,0,interpolate,Success
60,20000321,20000519,59,58,0.062992224,1.01005998811811,20000321,0,interpolate,Success
60,20000418,20000616,59,58,0.0634522925714286,1.01013383305746,20000418,0,interpolate,Success
60,20000523,20000721,59,58,0.0683942882539682,1.01092740617184,20000523,0,interpolate,Success
60,20000620,20000818,59,58,0.0681012768571429,1.01088033776466,20000620,0,interpolate,Success
60,20000718,20000915,59,58,0.0677842174285714,1.01082940882776,20000718,0,interpolate,Success
60,20000822,20001020,59,58,0.0669644031868132,1.0106977347854,20000822,0,interpolate,Success
60,20000919,20001117,59,58,0.0676251594285714,1.01080386046778,20000919,0,interpolate,Success
60,20001017,20001215,59,58,0.0673260391428571,1.01075581664385,20001017,0,interpolate,Success
60,20001121,20010119,59,58,0.067415548,1.01077019305482,20001121,0,interpolate,Success
60,20001219,20010216,59,58,0.0656970828571429,1.01049421853423,20001219,0,interpolate,Success
60,20010116,20010316,59,58,0.0583807771428571,1.00932010964122,20010116,0,interpolate,Success
60,20010220,20010420,59,58,0.0542963285714286,1.00866523743497,20010220,0,interpolate,Success
60,20010320,20010518,59,58,0.0493569491428571,1.00787385911893,20010320,0,interpolate,Success
60,20010417,20010615,59,58,0.0492802434285714,1.00786157436726,20010417,0,interpolate,Success
60,20010522,20010720,59,58,0.0410296432142857,1.00654107894564,20010522,0,interpolate,Success
60,20010619,20010817,59,58,0.0383544725714286,1.00611329368396,20010619,0,interpolate,Success
60,20010724,20010921,59,58,0.0374696646428571,1.00597184448525,20010724,0,interpolate,Success
60,20010821,20011019,59,58,0.0355287252380952,1.00566162722327,20010821,0,interpolate,Success
60,20010918,20011116,59,58,0.02960023,1.00471467747377,20010918,0,interpolate,Success
60,20011023,20011221,59,58,0.0238959496428571,1.00380438296383,20011023,0,interpolate,Success
60,20011120,20020118,59,58,0.0211809437142857,1.00337140946066,20011120,0,interpolate,Success
60,20011218,20020215,59,58,0.0193255611428571,1.00307563116357,20011218,0,interpolate,Success
60,20020115,20020315,59,58,0.01760537,1.00280148248229,20020115,0,interpolate,Success
60,20020219,20020419,59,58,0.0192911557142857,1.00307014719959,20020219,0,interpolate,Success
60,20020319,20020517,59,58,0.0204131965714286,1.0032490074453,20020319,0,interpolate,Success
60,20020423,20020621,59,58,0.0196593407142857,1.00312883464832,20020423,0,interpolate,Success
60,20020521,20020719,59,58,0.0193017194285714,1.00307183097222,20020521,0,interpolate,Success
60,20020618,20020816,59,58,0.0189910745714286,1.00302231781585,20020618,0,interpolate,Success
60,20020723,20020920,59,58,0.0183468571428571,1.00291964488329,20020723,0,interpolate,Success
60,20020820,20021018,59,58,0.0180301525714286,1.00286917356232,20020820,0,interpolate,Success
60,20020917,20021115,59,58,0.0184066934285714,1.00292918092099,20020917,0,interpolate,Success
60,20021022,20021220,59,58,0.0183422171428571,1.00291890541579,20021022,0,interpolate,Success
60,20021119,20030117,59,58,0.0141225565714286,1.00224665222662,20021119,0,interpolate,Success
60,20021224,20030221,59,58,0.0141784625,1.00225555590652,20021224,0,interpolate,Success
60,20030121,20030321,59,58,0.0136136932142857,1.00216561335904,20030121,0,interpolate,Success
60,20030218,20030417,58,57,0.01348631,1.00210830063463,20030218,0,interpolate,Success
60,20030318,20030516,59,58,0.0128205497142857,1.00203931461612,20030318,0,interpolate,Success
60,20030422,20030620,59,58,0.0132855296428571,1.00211335525223,20030422,0,interpolate,Success
60,20030520,20030718,59,58,0.01241454,1.00197466851972,20030520,0,interpolate,Success
60,20030617,20030815,59,58,0.0108533557142857,1.0017261308776,20030617,0,interpolate,Success
60,20030722,20030919,59,58,0.0111429146428571,1.00177222346463,20030722,0,interpolate,Success
60,20030819,20031017,59,58,0.0114281948571429,1.00181763703119,20030819,0,interpolate,Success
60,20030923,20031121,59,58,0.0115921710714286,1.00184374122686,20030923,0,interpolate,Success
60,20031021,20031219,59,58,0.0116698014285714,1.00185609982985,20031021,0,interpolate,Success
60,20031118,20040116,59,58,0.0116181445714286,1.00184787614095,20031118,0,interpolate,Success
60,20031223,20040220,59,58,0.0117519396428571,1.00186917624099,20031223,0,interpolate,Success
60,20040120,20040319,59,58,0.0113097668571429,1.00179878430714,20040120,0,interpolate,Success
60,20040217,20040416,59,58,0.0112602934285714,1.00179090866578,20040217,0,interpolate,Success
60,20040323,20040521,59,58,0.0111692353571429,1.00177641335533,20040323,0,interpolate,Success
60,20040420,20040618,59,58,0.01161687,1.00184767323207,20040420,0,interpolate,Success
60,20040518,20040716,59,58,0.01276978,1.00203123068028,20040518,0,interpolate,Success
60,20040622,20040820,59,58,0.0153468457142857,1.00244165284429,20040622,0,interpolate,Success
60,20040720,20040917,59,58,0.0162469265714286,1.00258503886639,20040720,0,interpolate,Success
60,20040817,20041015,59,58,0.0174336682857143,1.00277412231156,20040817,0,interpolate,Success
60,20040921,20041119,59,58,0.0196699960714286,1.00313053312748,20040921,0,interpolate,Success
60,20041019,20041217,59,58,0.0207093102857143,1.00329621511982,20041019,0,interpolate,Success
60,20041123,20050121,59,58,0.0237811732142857,1.00378607529857,20041123,0,interpolate,Success
60,20041221,20050218,59,58,0.0256203253571429,1.00407947347886,20041221,0,interpolate,Success
60,20050118,20050318,59,58,0.0269034031428571,1.00428421243185,20050118,0,interpolate,Success
60,20050215,20050415,59,58,0.0280495128571429,1.00446713087906,20050215,0,interpolate,Success
60,20050322,20050520,59,58,0.0307391164285714,1.00489652089436,20050322,0,interpolate,Success
60,20050419,20050617,59,58,0.0316181517142857,1.00503689697493,20050419,0,interpolate,Success
60,20050517,20050715,59,58,0.0327963174285714,1.00522507294743,20050517,0,interpolate,Success
60,20050621,20050819,59,58,0.0348650182857143,1.00555556994594,20050621,0,interpolate,Success
60,20050719,20050916,59,58,0.0363350588571429,1.00579049062722,20050719,0,interpolate,Success
60,20050823,20051021,59,58,0.0385778139285714,1.00614900113701,20050823,0,interpolate,Success
60,20050920,20051118,59,58,0.0399242694285714,1.00636429710434,20050920,0,interpolate,Success
60,20051018,20051216,59,58,0.0417877862857143,1.00666234631705,20051018,0,interpolate,Success
60,20051122,20060120,59,58,0.0438881489285714,1.00699838224631,20051122,0,interpolate,Success
60,20051220,20060217,59,58,0.0454666110714286,1.00725099340988,20051220,0,interpolate,Success
60,20060117,20060317,59,58,0.0463030651428571,1.00738488207006,20060117,0,interpolate,Success
60,20060221,20060421,59,58,0.0482320339285714,1.00769371408865,20060221,0,interpolate,Success
60,20060321,20060519,59,58,0.0497057137142857,1.00792971716067,20060321,0,interpolate,Success
60,20060418,20060616,59,58,0.0508319245714286,1.00811011193382,20060418,0,interpolate,Success
60,20060523,20060721,59,58,0.0524616246428571,1.0083712120227,20060523,0,interpolate,Success
60,20060620,20060818,59,58,0.054703814,1.00873055174246,20060620,0,interpolate,Success
60,20060718,20060915,59,58,0.05524009,1.00881651585218,20060718,0,interpolate,Success
60,20060822,20061020,59,58,0.0543653039285714,1.00867629293832,20060822,0,interpolate,Success
60,20060919,20061117,59,58,0.0542613611428571,1.00865963283432,20060919,0,interpolate,Success
60,20061017,20061215,59,58,0.0540920142857143,1.00863249025803,20061017,0,interpolate,Success
60,20061121,20070119,59,58,0.0540677448571429,1.00862860046229,20061121,0,interpolate,Success
60,20061219,20070216,59,58,0.0541270485714286,1.0086381054235,20061219,0,interpolate,Success
60,20070116,20070316,59,58,0.0539743914285714,1.00861363833106,20070116,0,interpolate,Success
60,20070220,20070420,59,58,0.0540293242857143,1.00862244261517,20070220,0,interpolate,Success
60,20070320,20070518,59,58,0.053884982,1.00859930852873,20070320,0,interpolate,Success
60,20070417,20070615,59,58,0.0539614165714286,1.00861155881584,20070417,0,interpolate,Success
60,20070522,20070720,59,58,0.0540001607142857,1.00861776845643,20070522,0,interpolate,Success
60,20070619,20070817,59,58,0.0540128051428571,1.0086197950254,20070619,0,interpolate,Success
60,20070724,20070921,59,58,0.0540205757142857,1.00862104044541,20070724,0,interpolate,Success
60,20070821,20071019,59,58,0.0536845468571429,1.00856718518469,20070821,0,interpolate,Success
60,20070918,20071116,59,58,0.0540335128571429,1.00862311393555,20070918,0,interpolate,Success
60,20071023,20071221,59,58,0.0492660039285714,1.00785929386627,20071023,0,interpolate,Success
60,20071120,20080118,59,58,0.0487393045714286,1.00777494492254,20071120,0,interpolate,Success
60,20071218,20080215,59,58,0.0488919965714286,1.00779939725198,20071218,0,interpolate,Success
60,20080122,20080320,58,57,0.03529085,1.00552638829113,20080122,0,interpolate,Success
60,20080219,20080418,59,58,0.0305786537142857,1.0048708981839,20080219,0,interpolate,Success
60,20080318,20080516,59,58,0.0253243911428571,1.00403225758832,20080318,0,interpolate,Success
60,20080422,20080620,59,58,0.0292281146428571,1.00465526978872,20080422,0,interpolate,Success
60,20080520,20080718,59,58,0.0253968354285714,1.00404381576768,20080520,0,interpolate,Success
60,20080617,20080815,59,58,0.0273616174285714,1.0043573391698,20080617,0,interpolate,Success
60,20080722,20080919,59,58,0.0270244528571429,1.00430353032281,20080722,0,interpolate,Success
60,20080819,20081017,59,58,0.0269443445714286,1.00429074608642,20080819,0,interpolate,Success
60,20080923,20081121,59,58,0.0360280757142857,1.00574142847565,20080923,0,interpolate,Success
60,20081021,20081219,59,58,0.0305220208571429,1.00486185519669,20081021,0,interpolate,Success
60,20081118,20090116,59,58,0.0173600234285714,1.00276238744569,20081118,0,interpolate,Success
60,20081223,20090220,59,58,0.00941393,1.00149703159911,20081223,0,interpolate,Success
60,20090120,20090320,59,58,0.00706182928571429,1.00112278354475,20090120,0,interpolate,Success
60,20090217,20090417,59,58,0.00900251742857143,1.00143156072222,20090217,0,interpolate,Success
60,20090317,20090515,59,58,0.00932860628571429,1.00148345310513,20090317,0,interpolate,Success
60,20090421,20090619,59,58,0.00796334642857143,1.0012662094407,20090421,0,interpolate,Success
60,20090519,20090717,59,58,0.00494932,1.00078677663416,20090519,0,interpolate,Success
60,20090623,20090821,59,58,0.00525133571428571,1.00083480708346,20090623,0,interpolate,Success
60,20090721,20090918,59,58,0.00394281114285714,1.00062672520416,20090721,0,interpolate,Success
60,20090818,20091016,59,58,0.00356296228571429,1.00056632965363,20090818,0,interpolate,Success
60,20090922,20091120,59,58,0.00298781964285714,1.00047488954431,20090922,0,interpolate,Success
60,20091020,20091218,59,58,0.00284977657142857,1.00045294375667,20091020,0,interpolate,Success
60,20091117,20100115,59,58,0.00258431714285714,1.00041074294627,20091117,0,interpolate,Success
60,20091222,20100219,59,58,0.00255473892857143,1.00040604092699,20091222,0,interpolate,Success
60,20100119,20100319,59,58,0.002506644,1.00039839537124,20100119,0,interpolate,Success
60,20100216,20100416,59,58,0.00255643857142857,1.00040631111692,20100216,0,interpolate,Success
60,20100323,20100521,59,58,0.00284053071428571,1.00045147388759,20100323,0,interpolate,Success
60,20100420,20100618,59,58,0.00304603,1.00048414384475,20100420,0,interpolate,Success
60,20100518,20100716,59,58,0.00470741371428571,1.00074830722699,20100518,0,interpolate,Success
60,20100622,20100820,59,58,0.0047455025,1.000754364239,20100622,0,interpolate,Success
60,20100720,20100917,59,58,0.00411879628571429,1.00065470788407,20100720,0,interpolate,Success
60,20100817,20101015,59,58,0.00311648485714286,1.00049534489406,20100817,0,interpolate,Success
60,20100921,20101119,59,58,0.00284628821428571,1.00045238919146,20100921,0,interpolate,Success
60,20101019,20101217,59,58,0.002933926,1.00046632159275,20101019,0,interpolate,Success
60,20101123,20110121,59,58,0.00298719428571429,1.00047479012531,20101123,0,interpolate,Success
60,20101221,20110218,59,58,0.00301818857142857,1.00047971759521,20101221,0,interpolate,Success
60,20110118,20110318,59,58,0.00295398771428571,1.00046951097326,20110118,0,interpolate,Success
60,20110215,20110415,59,58,0.00298386885714286,1.00047426145029,20110215,0,interpolate,Success
60,20110322,20110520,59,58,0.00292006357142857,1.0004641177711,20110322,0,interpolate,Success
60,20110419,20110617,59,58,0.00250381257142857,1.00039794526646,20110419,0,interpolate,Success
60,20110517,20110715,59,58,0.00229793828571429,1.00036521851323,20110517,0,interpolate,Success
60,20110621,20110819,59,58,0.00234545028571429,1.00037277115114,20110621,0,interpolate,Success
60,20110719,20110916,59,58,0.00246800628571429,1.00039225325249,20110719,0,interpolate,Success
60,20110823,20111021,59,58,0.00315083892857143,1.00050080661618,20110823,0,interpolate,Success
60,20110920,20111118,59,58,0.00309086314285714,1.00049127148991,20110920,0,interpolate,Success
60,20111018,20111216,59,58,0.00346817828571429,1.00055125967018,20111018,0,interpolate,Success
60,20111122,20120120,59,58,0.00450537571428571,1.00071617905008,20111122,0,interpolate,Success
60,20111220,20120217,59,58,0.00454237457142857,1.00072206254843,20111220,0,interpolate,Success
60,20120117,20120316,59,58,0.00386969342857143,1.00061509928468,20120117,0,interpolate,Success
60,20120221,20120420,59,58,0.00362029071428571,1.00057544457715,20120221,0,interpolate,Success
60,20120320,20120518,59,58,0.003634376,1.0005776840774,20120320,0,interpolate,Success
60,20120417,20120615,59,58,0.00346671057142857,1.00055102631581,20120417,0,interpolate,Success
60,20120522,20120720,59,58,0.00364946964285714,1.0005800839077,20120522,0,interpolate,Success
60,20120619,20120817,59,58,0.00357770828571429,1.0005686741834,20120619,0,interpolate,Success
60,20120724,20120921,59,58,0.003537315,1.00056225189478,20120724,0,interpolate,Success
60,20120821,20121019,59,58,0.00329704714285714,1.0005240516076,20120821,0,interpolate,Success
60,20120918,20121116,59,58,0.00275546257142857,1.00043795019862,20120918,0,interpolate,Success
60,20121023,20121221,59,58,0.00258958821428571,1.00041158088557,20121023,0,interpolate,Success
60,20121120,20130118,59,58,0.00266548657142857,1.00042364648309,20121120,0,interpolate,Success
60,20121218,20130215,59,58,0.002561166,1.00040706263026,20121218,0,interpolate,Success
60,20130115,20130315,59,58,0.00245787071428571,1.00039064203807,20130115,0,interpolate,Success
60,20130219,20130419,59,58,0.00252289214285714,1.00040097829986,20130219,0,interpolate,Success
60,20130319,20130517,59,58,0.00256619771428571,1.00040786251612,20130319,0,interpolate,Success
60,20130423,20130621,59,58,0.0024644675,1.00039169070448,20130423,0,interpolate,Success
60,20130521,20130719,59,58,0.00237387571428571,1.00037728976254,20130521,0,interpolate,Success
60,20130618,20130816,59,58,0.00231803285714286,1.00036841279449,20130618,0,interpolate,Success
60,20130723,20130920,59,58,0.00233229392857143,1.00037067977479,20130723,0,interpolate,Success
60,20130820,20131018,59,58,0.00228659228571429,1.00036341493037,20130820,0,interpolate,Success
60,20130917,20131115,59,58,0.00215700371428571,1.00034281550241,20130917,0,interpolate,Success
60,20131022,20131220,59,58,0.00206522642857143,1.00032822682137,20131022,0,interpolate,Success
60,20131119,20140117,59,58,0.00206219257142857,1.00032774457088,20131119,0,interpolate,Success
60,20131224,20140221,59,58,0.00223684321428571,1.00035550675681,20131224,0,interpolate,Success
60,20140121,20140321,59,58,0.00202779214285714,1.00032227642478,20140121,0,interpolate,Success
60,20140218,20140417,58,57,0.00197134,1.00030790048752,20140218,0,interpolate,Success
60,20140318,20140516,59,58,0.001978154,1.00031438620899,20140318,0,interpolate,Success
60,20140422,20140620,59,58,0.00191607857142857,1.00030451911583,20140422,0,interpolate,Success
60,20140520,20140718,59,58,0.00187359685714286,1.00029776656398,20140520,0,interpolate,Success
60,20140617,20140815,59,58,0.00193135228571429,1.00030694691383,20140617,0,interpolate,Success
60,20140722,20140919,59,58,0.00196224214285714,1.00031185695778,20140722,0,interpolate,Success
60,20140819,20141017,59,58,0.00195093771428571,1.00031006007904,20140819,0,interpolate,Success
60,20140923,20141121,59,58,0.00204675928571429,1.0003252913576,20140923,0,interpolate,Success
60,20141021,20141219,59,58,0.00195008685714286,1.00030992483244,20141021,0,interpolate,Success
60,20141118,20150116,59,58,0.001942374,1.00030869884864,20141118,0,interpolate,Success
60,20141222,20150220,60,59,0.00213583464285714,1.00034530410766,20141222,0,interpolate,Success
60,20150120,20150320,59,58,0.002156065,1.00034266628572,20150120,0,interpolate,Success
60,20150217,20150417,59,58,0.00230579257142857,1.00036646704811,20150217,0,interpolate,Success
60,20150316,20150515,60,59,0.00229682628571429,1.00037133673899,20150316,0,interpolate,Success
60,20150420,20150619,60,59,0.00237425392857143,1.00038385716606,20150420,0,interpolate,Success
60,20150518,20150717,60,59,0.00236045114285714,1.00038162517688,20150518,0,interpolate,Success
60,20150622,20150821,60,59,0.00251902821428571,1.0004072682938,20150622,0,interpolate,Success
60,20150720,20150918,60,59,0.00259951571428571,1.00042028398538,20150720,0,interpolate,Success
60,20150817,20151016,60,59,0.00285545285714286,1.00046167289039,20150817,0,interpolate,Success
60,20150921,20151120,60,59,0.00270003464285714,1.00043653921149,20150921,0,interpolate,Success
60,20151020,20151218,59,58,0.00270200771428571,1.0004294523182,20151020,0,interpolate,Success
60,20151116,20160115,60,59,0.00309738485714286,1.00050079852642,20151116,0,interpolate,Success
60,20151221,20160219,60,59,0.00525742535714286,1.00085019160836,20151221,0,interpolate,Success
60,20160119,20160318,59,58,0.005367402,1.00085326606016,20160119,0,interpolate,Success
60,20160216,20160415,59,58,0.00530891142857143,1.00084396378062,20160216,0,interpolate,Success
60,20160321,20160520,60,59,0.00548163392857143,1.00088646501172,20160321,0,interpolate,Success
60,20160418,20160617,60,59,0.00553322142857143,1.00089481123995,20160418,0,interpolate,Success
60,20160516,20160715,60,59,0.00538092571428571,1.00087017185166,20160516,0,interpolate,Success
60,20160620,20160819,60,59,0.00565567257142857,1.00091462261984,20160620,0,interpolate,Success
60,20160718,20160916,60,59,0.00598747285714286,1.00096830658468,20160718,0,interpolate,Success
60,20160822,20161021,60,59,0.00703954321428571,1.00113854641858,20160822,0,interpolate,Success
60,20160919,20161118,60,59,0.00717426942857143,1.0011603491129,20160919,0,interpolate,Success
60,20161017,20161216,60,59,0.00692681314285714,1.00112030371692,20161017,0,interpolate,Success
60,20161121,20170120,60,59,0.00781016821428571,1.00126326279206,20161121,0,interpolate,Success
60,20161219,20170217,60,59,0.00887722428571429,1.00143597861451,20161219,0,interpolate,Success
60,20170117,20170317,59,58,0.009130726,1.00145196296392,20170117,0,interpolate,Success
60,20170221,20170421,59,58,0.00989192821428572,1.00157310407713,20170221,0,interpolate,Success
60,20170320,20170519,60,59,0.0109686091428571,1.00177458076134,20170320,0,interpolate,Success
60,20170417,20170616,60,59,0.011070108,1.0017910166757,20170417,0,interpolate,Success
60,20170522,20170721,60,59,0.0115465167857143,1.00186816611328,20170522,0,interpolate,Success
60,20170619,20170818,60,59,0.0127548291428571,1.00206386635159,20170619,0,interpolate,Success
60,20170717,20170915,60,59,0.0128186285714286,1.00207420047343,20170717,0,interpolate,Success
60,20170821,20171020,60,59,0.0129470628571429,1.00209500436162,20170821,0,interpolate,Success
60,20170918,20171117,60,59,0.0131689031428571,1.00213093924559,20170918,0,interpolate,Success
60,20171016,20171215,60,59,0.0133412291428571,1.00215885442824,20171016,0,interpolate,Success
60,20171120,20180119,60,59,0.0143842205714286,1.00232782577461,20171120,0,interpolate,Success
60,20171218,20180216,60,59,0.0159389908571429,1.00257976149081,20171218,0,interpolate,Success
60,20180116,20180316,59,58,0.0167058107142857,1.00265814860537,20180116,0,interpolate,Success
60,20180220,20180420,59,58,0.018511975,1.00294595973994,20180220,0,interpolate,Success
60,20180319,20180518,60,59,0.0207249588571429,1.00335567957133,20180319,0,interpolate,Success
60,20180416,20180615,60,59,0.0212241625714286,1.0034366468217,20180416,0,interpolate,Success
60,20180521,20180720,60,59,0.0216257982142857,1.00350179397598,20180521,0,interpolate,Success
60,20180618,20180817,60,59,0.022381616,1.00362440257716,20180618,0,interpolate,Success
60,20180723,20180921,60,59,0.0226157467857143,1.00366238626257,20180723,0,interpolate,Success
60,20180820,20181019,60,59,0.0223353774285714,1.00361690133572,20180820,0,interpolate,Success
60,20180917,20181116,60,59,0.0231430474285714,1.00374793697003,20180917,0,interpolate,Success
60,20181022,20181221,60,59,0.0248576842857143,1.00402617478479,20181022,0,interpolate,Success
60,20181119,20190118,60,59,0.0254265837142857,1.00411850835925,20181119,0,interpolate,Success
60,20181217,20190215,60,59,0.0264059702857143,1.00427748475327,20181217,0,interpolate,Success
60,20190114,20190315,60,59,0.0263026664285714,1.00426071503429,20190114,0,interpolate,Success
60,20190219,20190418,58,57,0.02580589,1.00403809211571,20190219,0,interpolate,Success
60,20190318,20190517,60,59,0.0258947165714286,1.00419449367553,20190318,0,interpolate,Success
60,20190422,20190621,60,59,0.0256382974285714,1.00415287210856,20190422,0,interpolate,Success
60,20190520,20190719,60,59,0.0250883602857143,1.0040636129616,20190520,0,interpolate,Success
60,20190617,20190816,60,59,0.0238238348571429,1.00385840058116,20190617,0,interpolate,Success
60,20190722,20190920,60,59,0.0226205039285714,1.00366315804192,20190722,0,interpolate,Success
60,20190819,20191018,60,59,0.0211885465714286,1.00343086994634,20190819,0,interpolate,Success
60,20190916,20191115,60,59,0.0211659731428571,1.0034272085787,20190916,0,interpolate,Success
60,20191021,20191220,60,59,0.0188165532142857,1.00304621013187,20191021,0,interpolate,Success
60,20191118,20200117,60,59,0.0182521037142857,1.00295469658903,20191118,0,interpolate,Success
60,20191223,20200221,60,59,0.0183766753571429,1.002974892527,20191223,0,interpolate,Success
60,20200121,20200320,59,58,0.0172099028571429,1.00273846705913,20200121,0,interpolate,Success
60,20200218,20200417,59,58,0.0167113845714286,1.00265903666891,20200218,0,interpolate,Success
60,20200316,20200515,60,59,0.00620956457142857,1.00100424174824,20200316,0,interpolate,Success
60,20200420,20200619,60,59,0.00663758071428571,1.00107349979474,20200420,0,interpolate,Success
60,20200518,20200717,60,59,0.00251482114285714,1.00040658796991,20200518,0,interpolate,Success
60,20200622,20200821,60,59,0.00253404035714286,1.00040969590539,20200622,0,interpolate,Success
60,20200720,20200918,60,59,0.00218376971428571,1.00035305522205,20200720,0,interpolate,Success
60,20200817,20201016,60,59,0.00196123571428571,1.00031707192008,20200817,0,interpolate,Success
60,20200921,20201120,60,59,0.0019116625,1.00030905620694,20200921,0,interpolate,Success
60,20201019,20201218,60,59,0.00186160416666667,1.00030096211791,20201019,0,interpolate,Success
60,20201116,20210115,60,59,0.001933775,1.00031263166732,20201116,0,interpolate,Success
60,20201221,20210219,60,59,0.00175093296296296,1.00028306757611,20201221,0,interpolate,Success
60,20210119,20210319,59,58,0.001651582,1.00026247760834,20210119,0,interpolate,Success
60,20210216,20210416,59,58,0.00135276428571429,1.00021498290982,20210216,0,interpolate,Success
60,20210322,20210521,60,59,0.00143681785714286,1.00023227972227,20210322,0,interpolate,Success
60,20210419,20210618,60,59,0.00153858457142857,1.00024873364063,20210419,0,interpolate,Success
60,20210517,20210716,60,59,0.00124354514285714,1.0002010316108,20210517,0,interpolate,Success
60,20210621,20210820,60,59,0.00120078571428571,1.00019411844716,20210621,0,interpolate,Success
60,20210719,20210917,60,59,0.0011029,1.00017829287859,20210719,0,interpolate,Success
60,20210816,20211015,60,59,0.00107877657142857,1.00017439278743,20210816,0,interpolate,Success
60,20210920,20211119,60,59,0.001095555,1.00017710539364,20210920,0,interpolate,Success
60,20211018,20211217,60,59,0.001249615,1.00020201296351,20211018,0,interpolate,Success
60,20211122,20220121,60,59,0.00178861222222222,1.00028915993871,20211122,0,interpolate,Success
60,20211220,20220218,60,59,0.00556524533333333,1.00089999235211,20211220,0,interpolate,Success
60,20220118,20220318,59,58,0.00515562333333333,1.00081958541189,20220118,0,interpolate,Success
60,20220214,20220414,59,58,0.00502952466666667,1.00079953159393,20220214,0,interpolate,Success
60,20220321,20220520,60,59,0.00561803233333333,1.00090853276106,20220321,0,interpolate,Success
60,20220418,20220617,60,59,0.00680007766666667,1.00109979496796,20220418,0,interpolate,Success
60,20220516,20220715,60,59,0.0100782146666667,1.00163040894865,20220516,0,interpolate,Success
60,20220621,20220819,59,58,0.0135042046666667,1.00214817765282,20220621,0,interpolate,Success
60,20220718,20220916,60,59,0.0189565626666667,1.00306891099446,20220718,0,interpolate,Success
60,20220822,20221021,60,59,0.026277114,1.00425656705187,20220822,0,interpolate,Success
60,20220919,20221118,60,59,0.029432579,1.00476893028572,20220919,0,interpolate,Success
60,20221017,20221216,60,59,0.0334372143333333,1.00541955250638,20221017,0,interpolate,Success
60,20221121,20230120,60,59,0.0375658516666667,1.00609076206816,20221121,0,interpolate,Success
60,20221219,20230217,60,59,0.041733361,1.00676874565392,20221219,0,interpolate,Success
60,20230117,20230317,59,58,0.0426893386666667,1.00680657147628,20230117,0,interpolate,Success
60,20230221,20230421,59,58,0.0429157766666667,1.00684279897038,20230221,0,interpolate,Success
60,20230320,20230519,60,59,0.0447323786666667,1.00725691799263,20230320,0,interpolate,Success
60,20230417,20230616,60,59,0.0462285296666667,1.00750054607676,20230417,0,interpolate,Success
60,20230522,20230721,60,59,0.0475628106666667,1.00771786551511,20230522,0,interpolate,Success
60,20230620,20230818,59,58,0.0489944713333333,1.00781580804913,20230620,0,interpolate,Success
60,20230717,20230915,60,59,0.049966868,1.00810954183213,20230717,0,interpolate,Success
60,20230821,20231020,60,59,0.0517319626666667,1.00839721332855,20230821,0,interpolate,Success
60,20230918,20231117,60,59,0.0523654276666667,1.00850047416616,20230918,0,interpolate,Success
60,20231016,20231215,60,59,0.0527633583333333,1.00856534606812,20231016,0,interpolate,Success
60,20231120,20240119,60,59,0.052815277,1.00857381031929,20231120,0,interpolate,Success
60,20231218,20240216,60,59,0.053515161,1.00868791867981,20231218,0,interpolate,Success
60,20240116,20240315,59,58,0.0538796946666667,1.00859846112513,20240116,0,interpolate,Success
60,20240220,20240419,59,58,0.0529215,1.00844490253471,20240220,0,interpolate,Success
60,20240318,20240517,60,59,0.0532354493333333,1.00864231323148,20240318,0,interpolate,Success
60,20240422,20240621,60,59,0.0528028776666667,1.00857178886123,20240422,0,interpolate,Success
60,20240520,20240719,60,59,0.053601612,1.00870201445686,20240520,0,interpolate,Success
60,20240617,20240816,60,59,0.0548872383333333,1.00891165820791,20240617,0,interpolate,Success
60,20240722,20240920,60,59,0.0533959266666667,1.00866847792562,20240722,0,interpolate,Success
60,20240819,20241018,60,59,0.0528736256666667,1.00858332293206,20240819,0,interpolate,Success
60,20240916,20241115,60,59,0.0522244796666667,1.00847749738307,20240916,0,interpolate,Success
60,20241021,20241220,60,59,0.048526039,1.00787477932396,20241021,0,interpolate,Success
60,20241118,20250117,60,59,0.0486168423333333,1.00788957281605,20241118,0,interpolate,Success
60,20241223,20250221,60,59,0.0487093526666667,1.00790464463235,20241223,0,interpolate,Success
90,19960122,19960419,88,87,0.054997883968254,1.01319538541796,19960122,0,interpolate,Success
90,19960220,19960517,87,86,0.0534838495238095,1.01268140981219,19960220,0,interpolate,Success
90,19960325,19960621,88,87,0.0546516265934066,1.01311176723966,19960325,0,interpolate,Success
90,19960422,19960719,88,87,0.0551687112698413,1.01323664128453,19960422,0,interpolate,Success
90,19960520,19960816,88,87,0.0554585645714286,1.0133066465213,19960520,0,interpolate,Success
90,19960624,19960920,88,87,0.0570609478021978,1.01369374067323,19960624,0,interpolate,Success
90,19960722,19961018,88,87,0.0570207141269841,1.01368401945313,19960722,0,interpolate,Success
90,19960819,19961115,88,87,0.0559547638095238,1.01342649956162,19960819,0,interpolate,Success
90,19960923,19961220,88,87,0.0580382114285714,1.01392989476249,19960923,0,interpolate,Success
90,19961021,19970117,88,87,0.0557447307936508,1.01337576600116,19961021,0,interpolate,Success
90,19961125,19970221,88,87,0.0551465307142857,1.01323128444612,19961125,0,interpolate,Success
90,19961223,19970321,88,87,0.0570316154945055,1.01368665342136,19961223,0,interpolate,Success
90,19970120,19970418,88,87,0.0560613384126984,1.01345224367176,19970120,0,interpolate,Success
90,19970324,19970620,88,87,0.0586560931868132,1.01407923322328,19970324,0,interpolate,Success
90,19970421,19970718,88,87,0.0592068907936508,1.01421237637421,19970421,0,interpolate,Success
90,19970519,19970815,88,87,0.0592587882857143,1.01422492234729,19970519,0,interpolate,Success
90,19970623,19970919,88,87,0.0584406638461538,1.01402716269554,19970623,0,interpolate,Success
90,19970721,19971017,88,87,0.0579110417460317,1.01389916131204,19970721,0,interpolate,Success
90,19970825,19971121,88,87,0.0581471353571429,1.01395621945158,19970825,0,interpolate,Success
90,19970922,19971219,88,87,0.0579232452747253,1.01390211053231,19970922,0,interpolate,Success
90,19971020,19980116,88,87,0.0586458542857143,1.01407675836067,19971020,0,interpolate,Success
90,19971124,19980220,88,87,0.0585711046428571,1.01405869067732,19971124,0,interpolate,Success
90,19971222,19980320,88,87,0.058883386043956,1.01413417413089,19971222,0,interpolate,Success
90,19980120,19980417,87,86,0.0566308057142857,1.01343256581198,19980120,0,interpolate,Success
90,19980323,19980619,88,87,0.0572909542857143,1.01374931639812,19980323,0,interpolate,Success
90,19980420,19980717,88,87,0.0574494325714286,1.01378761076819,19980420,0,interpolate,Success
90,19980526,19980821,87,86,0.0575964271428571,1.01366316445268,19980526,0,interpolate,Success
90,19980622,19980918,88,87,0.0573741694285714,1.01376942415533,19980622,0,interpolate,Success
90,19980720,19981016,88,87,0.0573738011428571,1.01376933516344,19980720,0,interpolate,Success
90,19980824,19981120,88,87,0.0571933578571429,1.01372573411568,19980824,0,interpolate,Success
90,19980921,19981218,88,87,0.0550535185714286,1.0132088213397,19980921,0,interpolate,Success
90,19981019,19990115,88,87,0.0505072628571429,1.01211147448102,19981019,0,interpolate,Success
90,19981123,19990219,88,87,0.0514095578571429,1.01232917025062,19981123,0,interpolate,Success
90,19981221,19990319,88,87,0.0518705768571429,1.01244041789546,19981221,0,interpolate,Success
90,19990119,19990416,87,86,0.0500823622857143,1.01187012517892,19990119,0,interpolate,Success
90,19990222,19990521,88,87,0.0505718703571429,1.01212706070873,19990222,0,interpolate,Success
90,19990322,19990618,88,87,0.0504776871428571,1.01210433957186,19990322,0,interpolate,Success
90,19990419,19990716,88,87,0.0503227925714286,1.01206697329258,19990419,0,interpolate,Success
90,19990524,19990820,88,87,0.0511503828571429,1.01226663457702,19990524,0,interpolate,Success
90,19990621,19990917,88,87,0.0528248208571429,1.012670723598,19990621,0,interpolate,Success
90,19990719,19991015,88,87,0.0535272948571429,1.01284029837594,19990719,0,interpolate,Success
90,19990823,19991119,88,87,0.0563931014285714,1.01353238837379,19990823,0,interpolate,Success
90,19990920,19991217,88,87,0.0582447938461538,1.01397982209508,19990920,0,interpolate,Success
90,19991025,20000121,88,87,0.0599443614285714,1.01439067097708,19991025,0,interpolate,Success
90,19991122,20000218,88,87,0.0587642739285714,1.01410538214781,19991122,0,interpolate,Success
90,19991220,20000317,88,87,0.0617080474285714,1.01481719568173,19991220,0,interpolate,Success
90,20000124,20000420,87,86,0.06118662,1.01452099346427,20000124,0,interpolate,Success
90,20000222,20000519,87,86,0.0625270582857143,1.01484145951773,20000222,0,interpolate,Success
90,20000320,20000616,88,87,0.0638004031428571,1.01532343751076,20000320,0,interpolate,Success
90,20000424,20000721,88,87,0.0649533477777778,1.01560249837074,20000424,0,interpolate,Success
90,20000522,20000818,88,87,0.0688729871428571,1.0165517889028,20000522,0,interpolate,Success
90,20000619,20000915,88,87,0.0685233748571429,1.01646708089115,20000619,0,interpolate,Success
90,20000724,20001020,88,87,0.067786782967033,1.01628863419358,20000724,0,interpolate,Success
90,20000821,20001117,88,87,0.0671474007692308,1.01613376290782,20000821,0,interpolate,Success
90,20000918,20001215,88,87,0.0677367982857143,1.01627652604345,20000918,0,interpolate,Success
90,20001023,20010119,88,87,0.067397526,1.0161943454814,20001023,0,interpolate,Success
90,20001120,20010216,88,87,0.0671265668571429,1.01612871691046,20001120,0,interpolate,Success
90,20001218,20010316,88,87,0.0646572514285714,1.01553082334196,20001218,0,interpolate,Success
90,20010122,20010420,88,87,0.0554355303571429,1.0133010831315,20010122,0,interpolate,Success
90,20010220,20010518,87,86,0.0533450694285714,1.01264829681403,20010220,0,interpolate,Success
90,20010319,20010615,88,87,0.048567768,1.01164369303957,20010319,0,interpolate,Success
90,20010423,20010720,88,87,0.0431724896428571,1.01034355758519,20010423,0,interpolate,Success
90,20010521,20010817,88,87,0.0409810568571429,1.00981595100976,20010521,0,interpolate,Success
90,20010625,20010921,88,87,0.0372995721428571,1.00893022156476,20010625,0,interpolate,Success
90,20010723,20011019,88,87,0.0372337252380952,1.0089143865134,20010723,0,interpolate,Success
90,20010820,20011116,88,87,0.0356040525396825,1.0085225573594,20010820,0,interpolate,Success
90,20010924,20011221,88,87,0.0263997014285714,1.00631237114206,20010924,0,interpolate,Success
90,20011022,20020118,88,87,0.0236403702857143,1.00565073349002,20011022,0,interpolate,Success
90,20011119,20020215,88,87,0.021311568,1.00509266737691,20011119,0,interpolate,Success
90,20011217,20020315,88,87,0.0195629835714286,1.00467384623301,20011217,0,interpolate,Success
90,20020122,20020419,87,86,0.0185862403571429,1.00438882656824,20020122,0,interpolate,Success
90,20020219,20020517,87,86,0.0197329917142857,1.00466024253673,20020219,0,interpolate,Success
90,20020325,20020621,88,87,0.0222514707142857,1.005317865126,20020325,0,interpolate,Success
90,20020422,20020719,88,87,0.0202396137142857,1.00483589205859,20020422,0,interpolate,Success
90,20020520,20020816,88,87,0.0199571111428571,1.00476823247649,20020520,0,interpolate,Success
90,20020624,20020920,88,87,0.0192989342857143,1.00461061628637,20020624,0,interpolate,Success
90,20020722,20021018,88,87,0.0185070454285714,1.00442101232919,20020722,0,interpolate,Success
90,20020819,20021115,88,87,0.0180344914285714,1.0043078845757,20020819,0,interpolate,Success
90,20020923,20021220,88,87,0.0175905560714286,1.00420161963139,20020923,0,interpolate,Success
90,20021021,20030117,88,87,0.0182151574285714,1.00435113387151,20021021,0,interpolate,Success
90,20021125,20030221,88,87,0.0143235007142857,1.00341992935022,20021125,0,interpolate,Success
90,20021223,20030321,88,87,0.0141558246428571,1.00337982684333,20021223,0,interpolate,Success
90,20030121,20030417,86,85,0.01352117,1.00315372818618,20030121,0,interpolate,Success
90,20030324,20030620,88,87,0.0129150346428571,1.00308312119202,20030324,0,interpolate,Success
90,20030421,20030718,88,87,0.0131923368571429,1.00314942385947,20030421,0,interpolate,Success
90,20030519,20030815,88,87,0.0122376968571429,1.00292118886494,20030519,0,interpolate,Success
90,20030623,20030919,88,87,0.00991387678571429,1.00236582780929,20030623,0,interpolate,Success
90,20030721,20031017,88,87,0.0111805768571429,1.00266851357614,20030721,0,interpolate,Success
90,20030825,20031121,88,87,0.0117599328571429,1.00280698471408,20030825,0,interpolate,Success
90,20030922,20031219,88,87,0.011693506,1.00279110714521,20030922,0,interpolate,Success
90,20031020,20040116,88,87,0.0119024245714286,1.00284104440676,20031020,0,interpolate,Success
90,20031124,20040220,88,87,0.0118637407142857,1.00283179771763,20031124,0,interpolate,Success
90,20031222,20040319,88,87,0.0118180517142857,1.0028208766833,20031222,0,interpolate,Success
90,20040120,20040416,87,86,0.0114465988571429,1.0027006470488,20040120,0,interpolate,Success
90,20040223,20040521,88,87,0.0114480625,1.00273244260196,20040223,0,interpolate,Success
90,20040322,20040618,88,87,0.0112498751428571,1.00268507546414,20040322,0,interpolate,Success
90,20040419,20040716,88,87,0.0119872502857143,1.00286132078595,20040419,0,interpolate,Success
90,20040524,20040820,88,87,0.0143888921428571,1.00343556922676,20040524,0,interpolate,Success
90,20040621,20040917,88,87,0.016602486,1.00396514535212,20040621,0,interpolate,Success
90,20040719,20041015,88,87,0.0170480391428571,1.00407177245188,20040719,0,interpolate,Success
90,20040823,20041119,88,87,0.0188329178571429,1.00449903245776,20040823,0,interpolate,Success
90,20040920,20041217,88,87,0.0202307051428571,1.00483375837934,20040920,0,interpolate,Success
90,20041025,20050121,88,87,0.0217557282142857,1.00519908048691,20041025,0,interpolate,Success
90,20041122,20050218,88,87,0.0246330053571429,1.00588869929604,20041122,0,interpolate,Success
90,20041220,20050318,88,87,0.0264299762857143,1.00631963291841,20041220,0,interpolate,Success
90,20050222,20050520,87,86,0.0298994928571429,1.0070696850782,20050222,0,interpolate,Success
90,20050321,20050617,88,87,0.0317243568571429,1.00759035783979,20050321,0,interpolate,Success
90,20050418,20050715,88,87,0.0324045014285714,1.00775371825582,20050418,0,interpolate,Success
90,20050523,20050819,88,87,0.0342741722857143,1.00820292134141,20050523,0,interpolate,Success
90,20050620,20050916,88,87,0.0355736008571429,1.00851523718005,20050620,0,interpolate,Success
90,20050725,20051021,88,87,0.037985005,1.00909507117161,20050725,0,interpolate,Success
90,20050822,20051118,88,87,0.0396007334285714,1.00948376752805,20050822,0,interpolate,Success
90,20050919,20051216,88,87,0.0400949245714286,1.00960268516327,20050919,0,interpolate,Success
90,20051024,20060120,88,87,0.0432307528571429,1.01035758872398,20051024,0,interpolate,Success
90,20051121,20060217,88,87,0.0447833046428571,1.01073155113495,20051121,0,interpolate,Success
90,20051219,20060317,88,87,0.0460764482857143,1.01104313568354,20051219,0,interpolate,Success
90,20060123,20060421,88,87,0.0471946796428571,1.01131265234523,20060123,0,interpolate,Success
90,20060221,20060519,87,86,0.0490097085714286,1.01161442265073,20060221,0,interpolate,Success
90,20060320,20060616,88,87,0.0499982914285714,1.01198869612977,20060320,0,interpolate,Success
90,20060424,20060721,88,87,0.0518641907142857,1.01243887678361,20060424,0,interpolate,Success
90,20060522,20060818,88,87,0.0529078557142857,1.01269076644372,20060522,0,interpolate,Success
90,20060619,20060915,88,87,0.0550947722857143,1.01321878434915,20060619,0,interpolate,Success
90,20060724,20061020,88,87,0.0554298575,1.01329971298676,20060724,0,interpolate,Success
90,20060821,20061117,88,87,0.0546147362857143,1.01310285895439,20060821,0,interpolate,Success
90,20060918,20061215,88,87,0.0544695268571429,1.01306779448837,20060918,0,interpolate,Success
90,20061023,20070119,88,87,0.0543754471428571,1.01304507722474,20061023,0,interpolate,Success
90,20061120,20070216,88,87,0.0540079522857143,1.01295634376734,20061120,0,interpolate,Success
90,20061218,20070316,88,87,0.05407877,1.01297344245139,20061218,0,interpolate,Success
90,20070122,20070420,88,87,0.0540947435714286,1.01297729925303,20070122,0,interpolate,Success
90,20070220,20070518,87,86,0.0540617585714286,1.01281931083465,20070220,0,interpolate,Success
90,20070319,20070615,88,87,0.053810876,1.01290876192157,20070319,0,interpolate,Success
90,20070423,20070720,88,87,0.0539374835714286,1.01293932963458,20070423,0,interpolate,Success
90,20070521,20070817,88,87,0.0540047831428571,1.01295557859587,20070521,0,interpolate,Success
90,20070625,20070921,88,87,0.0539878021428571,1.0129514786401,20070625,0,interpolate,Success
90,20070723,20071019,88,87,0.054003494,1.01295526733984,20070723,0,interpolate,Success
90,20070820,20071116,88,87,0.0525827505714286,1.01261229525145,20070820,0,interpolate,Success
90,20070924,20071221,88,87,0.0514733196428571,1.01234455576112,20070924,0,interpolate,Success
90,20071022,20080118,88,87,0.0488562522857143,1.0117132580828,20071022,0,interpolate,Success
90,20071119,20080215,88,87,0.0482882282857143,1.01157628945162,20071119,0,interpolate,Success
90,20071224,20080320,87,86,0.04733205,1.01121462674029,20071224,0,interpolate,Success
90,20080122,20080418,87,86,0.0337490805714286,1.00798353799539,20080122,0,interpolate,Success
90,20080219,20080516,87,86,0.0299241177142857,1.00707552813475,20080219,0,interpolate,Success
90,20080324,20080620,88,87,0.0256752042857143,1.00613860771285,20080324,0,interpolate,Success
90,20080421,20080718,88,87,0.0293395194285714,1.00701776522718,20080421,0,interpolate,Success
90,20080519,20080815,88,87,0.02592788,1.00619920606053,20080519,0,interpolate,Success
90,20080623,20080919,88,87,0.0290575878571429,1.0069500957782,20080623,0,interpolate,Success
90,20080721,20081017,88,87,0.0278042222857143,1.00664931697559,20080721,0,interpolate,Success
90,20080825,20081121,88,87,0.0281826664285714,1.00674012536379,20080825,0,interpolate,Success
90,20080922,20081219,88,87,0.034093974,1.00815961857244,20080922,0,interpolate,Success
90,20081020,20090116,88,87,0.0311147814285714,1.00744396956471,20081020,0,interpolate,Success
90,20081124,20090220,88,87,0.0188033532142857,1.00449195386353,20081124,0,interpolate,Success
90,20081222,20090320,88,87,0.0103329217857143,1.00246595107188,20081222,0,interpolate,Success
90,20090120,20090417,87,86,0.00798160542857143,1.00188236687584,20090120,0,interpolate,Success
90,20090217,20090515,87,86,0.0103010854285714,1.00243005286376,20090217,0,interpolate,Success
90,20090323,20090619,88,87,0.0105421425,1.00251594434002,20090323,0,interpolate,Success
90,20090420,20090717,88,87,0.00880474885714286,1.00210086990716,20090420,0,interpolate,Success
90,20090526,20090821,87,86,0.00638523285714286,1.00150559810033,20090526,0,interpolate,Success
90,20090622,20090918,88,87,0.00590817828571429,1.00140924276535,20090622,0,interpolate,Success
90,20090720,20091016,88,87,0.00435712171428571,1.00103908629606,20090720,0,interpolate,Success
90,20090824,20091120,88,87,0.00383279214285714,1.0009139870659,20090824,0,interpolate,Success
90,20090921,20091218,88,87,0.00340584285714286,1.00081213324168,20090921,0,interpolate,Success
90,20091019,20100115,88,87,0.00312270828571429,1.00074459384194,20091019,0,interpolate,Success
90,20091123,20100219,88,87,0.0026382375,1.00062903793266,20091123,0,interpolate,Success
90,20091221,20100319,88,87,0.00277308428571429,1.00066120023042,20091221,0,interpolate,Success
90,20100119,20100416,87,86,0.002624356,1.00061853262616,20100119,0,interpolate,Success
90,20100222,20100521,88,87,0.00282860464285714,1.00067444268749,20100222,0,interpolate,Success
90,20100322,20100618,88,87,0.00315711771428571,1.00075280168194,20100322,0,interpolate,Success
90,20100419,20100716,88,87,0.00319542457142857,1.00076193927279,20100419,0,interpolate,Success
90,20100524,20100820,88,87,0.00662095821428571,1.00157939213256,20100524,0,interpolate,Success
90,20100621,20100917,88,87,0.00521686257142857,1.00124424478369,20100621,0,interpolate,Success
90,20100719,20101015,88,87,0.00454075057142857,1.00108290180483,20100719,0,interpolate,Success
90,20100823,20101119,88,87,0.00309125321428571,1.00073709077729,20100823,0,interpolate,Success
90,20100920,20101217,88,87,0.00317402685714286,1.0007568351226,20100920,0,interpolate,Success
90,20101025,20110121,88,87,0.00306596571428571,1.0007310589212,20101025,0,interpolate,Success
90,20101122,20110218,88,87,0.00310221857142857,1.00073970636768,20101122,0,interpolate,Success
90,20101220,20110318,88,87,0.00327246828571429,1.00078031727789,20101220,0,interpolate,Success
90,20110118,20110415,87,86,0.00313676371428571,1.00073934627614,20110118,0,interpolate,Success
90,20110222,20110520,87,86,0.00324836107142857,1.00076566023441,20110222,0,interpolate,Success
90,20110321,20110617,88,87,0.003108504,1.00074120564766,20110321,0,interpolate,Success
90,20110418,20110715,88,87,0.00267669228571429,1.00063820967564,20110418,0,interpolate,Success
90,20110523,20110819,88,87,0.00262422428571429,1.00062569570117,20110523,0,interpolate,Success
90,20110620,20110916,88,87,0.00275357285714286,1.00065654649694,20110620,0,interpolate,Success
90,20110725,20111021,88,87,0.00284214821428571,1.00067767306367,20110725,0,interpolate,Success
90,20110822,20111118,88,87,0.00374731028571429,1.00089359352346,20110822,0,interpolate,Success
90,20110919,20111216,88,87,0.00352945,1.00084162012802,20110919,0,interpolate,Success
90,20111024,20120120,88,87,0.00429576107142857,1.0010244455183,20111024,0,interpolate,Success
90,20111121,20120217,88,87,0.00558026542857143,1.0013309756267,20111121,0,interpolate,Success
90,20111219,20120316,88,87,0.00513650657142857,1.00122506778794,20111219,0,interpolate,Success
90,20120123,20120420,88,87,0.00452836785714286,1.00107994711673,20120123,0,interpolate,Success
90,20120221,20120518,87,86,0.00399536257142857,1.00094181632975,20120221,0,interpolate,Success
90,20120319,20120615,88,87,0.00391911971428571,1.00093458279344,20120319,0,interpolate,Success
90,20120423,20120720,88,87,0.00417899142857143,1.00099658462868,20120423,0,interpolate,Success
90,20120521,20120817,88,87,0.00414568571428571,1.00098863812641,20120521,0,interpolate,Success
90,20120625,20120921,88,87,0.00388596321428571,1.00092667238248,20120625,0,interpolate,Success
90,20120723,20121019,88,87,0.00371714857142857,1.00088639789455,20120723,0,interpolate,Success
90,20120820,20121116,88,87,0.003555016,1.00084771908897,20120820,0,interpolate,Success
90,20120924,20121221,88,87,0.00305032964285714,1.00072732924951,20120924,0,interpolate,Success
90,20121022,20130118,88,87,0.00270012,1.00064379739522,20121022,0,interpolate,Success
90,20121119,20130215,88,87,0.00284651,1.00067871342727,20121119,0,interpolate,Success
90,20121217,20130315,88,87,0.002693405,1.00064219580442,20121217,0,interpolate,Success
90,20130122,20130419,87,86,0.00273291607142857,1.00064412731203,20130122,0,interpolate,Success
90,20130219,20130517,87,86,0.00269289285714286,1.00063469115512,20130219,0,interpolate,Success
90,20130325,20130621,88,87,0.00282643107142857,1.00067392425406,20130325,0,interpolate,Success
90,20130422,20130719,88,87,0.00259772142857143,1.00061937464916,20130422,0,interpolate,Success
90,20130520,20130816,88,87,0.00251480371428571,1.00059959865496,20130520,0,interpolate,Success
90,20130624,20130920,88,87,0.00279557142857143,1.00066656373791,20130624,0,interpolate,Success
90,20130722,20131018,88,87,0.00253042685714286,1.00060332476714,20130722,0,interpolate,Success
90,20130819,20131115,88,87,0.00247824142857143,1.00059087862137,20130819,0,interpolate,Success
90,20130923,20131220,88,87,0.00237758214285714,1.0005668719713,20130923,0,interpolate,Success
90,20131021,20140117,88,87,0.00225474542857143,1.00053757691472,20131021,0,interpolate,Success
90,20131125,20140221,88,87,0.00220773321428571,1.00052636530256,20131125,0,interpolate,Success
90,20131223,20140321,88,87,0.00237419857142857,1.00056606501934,20131223,0,interpolate,Success
90,20140121,20140417,86,85,0.00219066,1.00051028384916,20140121,0,interpolate,Success
90,20140218,20140516,87,86,0.00211687028571429,1.00049889384334,20140218,0,interpolate,Success
90,20140324,20140620,88,87,0.00219943321428571,1.00052438590702,20140324,0,interpolate,Success
90,20140421,20140718,88,87,0.00206954685714286,1.00049341093803,20140421,0,interpolate,Success
90,20140519,20140815,88,87,0.001991964,1.00047490963252,20140519,0,interpolate,Success
90,20140623,20140919,88,87,0.00212584892857143,1.00050683759546,20140623,0,interpolate,Success
90,20140721,20141017,88,87,0.00209718142857143,1.00050000108022,20140721,0,interpolate,Success
90,20140825,20141121,88,87,0.00220900035714286,1.0005266674929,20140825,0,interpolate,Success
90,20140922,20141219,88,87,0.00216663685714286,1.00051656462446,20140922,0,interpolate,Success
90,20141020,20150116,88,87,0.00212716514285714,1.00050715148231,20141020,0,interpolate,Success
90,20141124,20150220,88,87,0.00218346607142857,1.00052057805159,20141124,0,interpolate,Success
90,20141222,20150320,88,87,0.00233222821428571,1.0005560555132,20141222,0,interpolate,Success
90,20150120,20150417,87,86,0.002330836,1.00054933410546,20150120,0,interpolate,Success
90,20150217,20150515,87,86,0.00257886457142857,1.0006078075255,20150217,0,interpolate,Success
90,20150323,20150619,88,87,0.00260895,1.00062205270966,20150323,0,interpolate,Success
90,20150420,20150717,88,87,0.00260963742857143,1.00062221666443,20150420,0,interpolate,Success
90,20150526,20150821,87,86,0.00280183571428571,1.00066037650447,20150526,0,interpolate,Success
90,20150622,20150918,88,87,0.00280633428571429,1.00066913084455,20150622,0,interpolate,Success
90,20150720,20151016,88,87,0.00299615571428571,1.00071440725134,20150720,0,interpolate,Success
90,20150824,20151120,88,87,0.00301951607142857,1.00071997932986,20150824,0,interpolate,Success
90,20150921,20151218,88,87,0.00307627571428571,1.00073351817281,20150921,0,interpolate,Success
90,20151019,20160115,88,87,0.00300751285714286,1.00071711623395,20151019,0,interpolate,Success
90,20151123,20160219,88,87,0.00426198821428571,1.00101638733529,20151123,0,interpolate,Success
90,20151221,20160318,88,87,0.00575748314285714,1.00137327367634,20151221,0,interpolate,Success
90,20160119,20160415,87,86,0.005852138,1.00137981097674,20160119,0,interpolate,Success
90,20160222,20160520,88,87,0.00602557785714286,1.00143726550368,20160222,0,interpolate,Success
90,20160321,20160617,88,87,0.00600832,1.00143314608331,20160321,0,interpolate,Success
90,20160418,20160715,88,87,0.00596222142857143,1.00142214251786,20160418,0,interpolate,Success
90,20160523,20160819,88,87,0.00683358028571429,1.00163015324348,20160523,0,interpolate,Success
90,20160620,20160916,88,87,0.00609366457142857,1.00145351784885,20160620,0,interpolate,Success
90,20160725,20161021,88,87,0.00730439678571429,1.00174256450502,20160725,0,interpolate,Success
90,20160822,20161118,88,87,0.00772950028571429,1.00184407225451,20160822,0,interpolate,Success
90,20160919,20161216,88,87,0.00775133342857143,1.00184928592894,20160919,0,interpolate,Success
90,20161024,20170120,88,87,0.00826829071428571,1.00197274135957,20161024,0,interpolate,Success
90,20161121,20170217,88,87,0.00853152642857143,1.00203561096447,20161121,0,interpolate,Success
90,20161219,20170317,88,87,0.00941734028571429,1.0022472022919,20161219,0,interpolate,Success
90,20170123,20170421,88,87,0.0100068764285714,1.00238804753711,20170123,0,interpolate,Success
90,20170221,20170519,87,86,0.0105563311428571,1.0024903409063,20170221,0,interpolate,Success
90,20170320,20170616,88,87,0.0114851851428571,1.00274131522975,20170320,0,interpolate,Success
90,20170424,20170721,88,87,0.0119146332142857,1.00284396268374,20170424,0,interpolate,Success
90,20170522,20170818,88,87,0.0119932665714286,1.00286275890896,20170522,0,interpolate,Success
90,20170619,20170915,88,87,0.0129743251428571,1.00309729711981,20170619,0,interpolate,Success
90,20170724,20171020,88,87,0.0132628396428571,1.00316628170005,20170724,0,interpolate,Success
90,20170821,20171117,88,87,0.0132034142857143,1.00315207255201,20170821,0,interpolate,Success
90,20170918,20171215,88,87,0.0135089111428571,1.00322512179535,20170918,0,interpolate,Success
90,20171023,20180119,88,87,0.0141244251428571,1.00337231731153,20171023,0,interpolate,Success
90,20171120,20180216,88,87,0.0149089565714286,1.0035599633741,20171120,0,interpolate,Success
90,20171218,20180316,88,87,0.0163852521428571,1.00391316235761,20171218,0,interpolate,Success
90,20180122,20180420,88,87,0.01747577,1.00417414508336,20180122,0,interpolate,Success
90,20180220,20180518,87,86,0.0194863057142857,1.00460185008845,20180220,0,interpolate,Success
90,20180319,20180615,88,87,0.0214604868571429,1.00512834450563,20180319,0,interpolate,Success
90,20180423,20180720,88,87,0.0225215942857143,1.00538259522225,20180423,0,interpolate,Success
90,20180521,20180817,88,87,0.0223183851428571,1.00533389953751,20180521,0,interpolate,Success
90,20180625,20180921,88,87,0.0232469789285714,1.00555644080211,20180625,0,interpolate,Success
90,20180723,20181019,88,87,0.0232844068571429,1.00556541158962,20180723,0,interpolate,Success
90,20180820,20181116,88,87,0.0230271854285714,1.00550376194928,20180820,0,interpolate,Success
90,20180924,20181221,88,87,0.0245059346428571,1.00585823331191,20180924,0,interpolate,Success
90,20181022,20190118,88,87,0.0258131108571429,1.00617168091928,20181022,0,interpolate,Success
90,20181119,20190215,88,87,0.0261779277142857,1.00625917773702,20181119,0,interpolate,Success
90,20181217,20190315,88,87,0.0270152942857143,1.00646003854413,20181217,0,interpolate,Success
90,20190118,20190418,90,89,0.02664988,1.00651934896091,20190118,0,interpolate,Success
90,20190219,20190517,87,86,0.0260163925714286,1.00614871597867,20190219,0,interpolate,Success
90,20190325,20190621,88,87,0.0257785592857143,1.00616339454599,20190325,0,interpolate,Success
90,20190422,20190719,88,87,0.0258301992857143,1.00617577919799,20190422,0,interpolate,Success
90,20190520,20190816,88,87,0.0251116082857143,1.0060034555706,20190520,0,interpolate,Success
90,20190624,20190920,88,87,0.0221711953571429,1.0052986294311,20190624,0,interpolate,Success
90,20190722,20191018,88,87,0.0222469405714286,1.00531677959694,20190722,0,interpolate,Success
90,20190819,20191115,88,87,0.0206897705714286,1.00494371438478,20190819,0,interpolate,Success
90,20190923,20191220,88,87,0.0205272928571429,1.00490479611559,20190923,0,interpolate,Success
90,20191021,20200117,88,87,0.0188814628571429,1.00451065558331,20191021,0,interpolate,Success
90,20191125,20200221,88,87,0.018463345,1.0044105500667,20191125,0,interpolate,Success
90,20191223,20200320,88,87,0.0183452739285714,1.00438228337078,20191223,0,interpolate,Success
90,20200121,20200417,87,86,0.0173124,1.0040874168223,20200121,0,interpolate,Success
90,20200218,20200515,87,86,0.0166037125714286,1.00391976990121,20200218,0,interpolate,Success
90,20200323,20200619,88,87,0.00797479321428572,1.00190264886602,20200323,0,interpolate,Success
90,20200420,20200717,88,87,0.00612200942857143,1.00146028386335,20200420,0,interpolate,Success
90,20200526,20200821,87,86,0.00277596821428571,1.00065427768997,20200526,0,interpolate,Success
90,20200622,20200918,88,87,0.002681638,1.00063938927018,20200622,0,interpolate,Success
90,20200720,20201016,88,87,0.00232759371428571,1.00055495023792,20200720,0,interpolate,Success
90,20200824,20201120,88,87,0.00210779392857143,1.00050253190299,20200824,0,interpolate,Success
90,20200921,20201218,88,87,0.00208921333333333,1.00049810088778,20200921,0,interpolate,Success
90,20201019,20210115,88,87,0.00202544305555556,1.00048289339339,20201019,0,interpolate,Success
90,20201123,20210219,88,87,0.00211502407407407,1.00050425612027,20201123,0,interpolate,Success
90,20201221,20210319,88,87,0.00177348714285714,1.00042281095232,20201221,0,interpolate,Success
90,20210119,20210416,87,86,0.001723654,1.00040620369482,20210119,0,interpolate,Success
90,20210222,20210521,88,87,0.00141630964285714,1.00033764312266,20210222,0,interpolate,Success
90,20210322,20210618,88,87,0.00153029542857143,1.00036482188005,20210322,0,interpolate,Success
90,20210419,20210716,88,87,0.00166192057142857,1.00039620748237,20210419,0,interpolate,Success
90,20210524,20210820,88,87,0.00127646821428571,1.00030430035748,20210524,0,interpolate,Success
90,20210621,20210917,88,87,0.00127333714285714,1.00030355382048,20210621,0,interpolate,Success
90,20210719,20211015,88,87,0.00118746,1.00028307847011,20210719,0,interpolate,Success
90,20210823,20211119,88,87,0.00124694142857143,1.00029726034923,20210823,0,interpolate,Success
90,20210920,20211217,88,87,0.0012582575,1.00029995841004,20210920,0,interpolate,Success
90,20211025,20220121,88,87,0.00150433666666667,1.00035863221097,20211025,0,interpolate,Success
90,20211122,20220218,88,87,0.00190551607142857,1.00045429466253,20211122,0,interpolate,Success
90,20211220,20220318,88,87,0.00560153580645161,1.0013360523132,20211220,0,interpolate,Success
90,20220114,20220414,90,89,0.00531538032258065,1.00129691931098,20220114,0,interpolate,Success
90,20220222,20220520,87,86,0.00574375225806452,1.00135423860391,20220222,0,interpolate,Success
90,20220321,20220617,88,87,0.00639064483870968,1.00152441032564,20220321,0,interpolate,Success
90,20220418,20220715,88,87,0.00806642903225806,1.00192453262469,20220418,0,interpolate,Success
90,20220523,20220819,88,87,0.0124671690322581,1.00297604625032,20220523,0,interpolate,Success
90,20220621,20220916,87,86,0.0152476767741935,1.00359906442907,20220621,0,interpolate,Success
90,20220725,20221021,88,87,0.0220695577419355,1.00527427540964,20220725,0,interpolate,Success
90,20220822,20221118,88,87,0.0273873606451613,1.0065492997165,20220822,0,interpolate,Success
90,20220919,20221216,88,87,0.0306505225806452,1.00733249303257,20220919,0,interpolate,Success
90,20221024,20230120,88,87,0.0357479377419355,1.00855714616644,20221024,0,interpolate,Success
90,20221121,20230217,88,87,0.0391584706451613,1.0093773573347,20221121,0,interpolate,Success
90,20221219,20230317,88,87,0.0430755032258065,1.01032020142956,20221219,0,interpolate,Success
90,20230123,20230421,88,87,0.0438841203225806,1.01051494817019,20230123,0,interpolate,Success
90,20230221,20230519,87,86,0.0442823496774194,1.01048826983192,20230221,0,interpolate,Success
90,20230320,20230616,88,87,0.0460449370967742,1.01103554188219,20230320,0,interpolate,Success
90,20230424,20230721,88,87,0.0475003648387097,1.01138634124247,20230424,0,interpolate,Success
90,20230522,20230818,88,87,0.048341874516129,1.011589224469,20230522,0,interpolate,Success
90,20230620,20230915,87,86,0.0500074532258065,1.01185226602523,20230620,0,interpolate,Success
90,20230724,20231020,88,87,0.0511534761290323,1.01226738092191,20230724,0,interpolate,Success
90,20230821,20231117,88,87,0.0527095541935484,1.01264290133835,20230821,0,interpolate,Success
90,20230918,20231215,88,87,0.0533121377419355,1.01278835718092,20230918,0,interpolate,Success
90,20231023,20240119,88,87,0.0536027716129032,1.01285851989131,20231023,0,interpolate,Success
90,20231120,20240216,88,87,0.0535221141935484,1.01283904767785,20231120,0,interpolate,Success
90,20231218,20240315,88,87,0.0539475422580645,1.01294175821015,20231218,0,interpolate,Success
90,20240122,20240419,88,87,0.0536600751612903,1.01287235426986,20240122,0,interpolate,Success
90,20240220,20240517,87,86,0.0529660193548387,1.01255786079939,20240220,0,interpolate,Success
90,20240325,20240621,88,87,0.0534130619354839,1.01281272101313,20240325,0,interpolate,Success
90,20240422,20240719,88,87,0.053189,1.01275863163083,20240422,0,interpolate,Success
90,20240520,20240816,88,87,0.0540094593548387,1.01295670764079,20240520,0,interpolate,Success
90,20240624,20240920,88,87,0.0550669067741935,1.01321205465699,20240624,0,interpolate,Success
90,20240722,20241018,88,87,0.0537121622580645,1.01288492944241,20240722,0,interpolate,Success
90,20240819,20241115,88,87,0.0527651312903226,1.01265631605314,20240819,0,interpolate,Success
90,20240923,20241220,88,87,0.0510421606451613,1.01224052305932,20240923,0,interpolate,Success
90,20241021,20250117,88,87,0.0482600967741936,1.01156950653246,20241021,0,interpolate,Success
90,20241125,20250221,88,87,0.0485386590322581,1.01163667397456,20241125,0,interpolate,Success
90,20241223,20250321,88,87,0.0487302158064516,1.01168286508287,20241223,0,interpolate,Success
180,19960325,19960920,179,178,0.0544648468131868,1.026916824633,19960325,0,interpolate,Success
180,19960624,19961220,179,178,0.0579556964835165,1.02866652335642,19960624,0,interpolate,Success
180,19960923,19970321,179,178,0.0589370458241758,1.02915893612387,19960923,0,interpolate,Success
180,19961223,19970620,179,178,0.0564457320879121,1.02790932692034,19961223,0,interpolate,Success
180,19970324,19970919,179,178,0.0591891850549451,1.02928549036725,19970324,0,interpolate,Success
180,19970623,19971219,179,178,0.0587239440659341,1.02905198778249,19970623,0,interpolate,Success
180,19970922,19980320,179,178,0.0582100965934066,1.02879415136101,19970922,0,interpolate,Success
180,19971222,19980619,179,178,0.0586503736263736,1.02901506792519,19971222,0,interpolate,Success
180,19980323,19980918,179,178,0.0572344279120879,1.02830476183169,19980323,0,interpolate,Success
180,19980622,19981218,179,178,0.0576083251648352,1.02849227892132,19980622,0,interpolate,Success
180,19980921,19990319,179,178,0.0534330582417582,1.02640023717011,19980921,0,interpolate,Success
180,19981221,19990618,179,178,0.0505654917582418,1.02496589176181,19981221,0,interpolate,Success
180,19990322,19990917,179,178,0.0510209903296703,1.02519359636335,19990322,0,interpolate,Success
180,19990621,19991217,179,178,0.0545769642857143,1.02697297435092,19990621,0,interpolate,Success
180,19990726,20000121,179,178,0.0561160320879121,1.02774406759398,19990726,0,interpolate,Success
180,19990920,20000317,179,178,0.0590030921428571,1.02919208472432,19990920,0,interpolate,Success
180,19991220,20000616,179,178,0.0621197357142857,1.030757540476,19991220,0,interpolate,Success
180,20000320,20000915,179,178,0.0654884728571429,1.03245229799581,20000320,0,interpolate,Success
180,20000619,20001215,179,178,0.0690757213186813,1.03426004863353,20000619,0,interpolate,Success
180,20000918,20010316,179,178,0.0673339307142857,1.03338189926356,20000918,0,interpolate,Success
180,20001218,20010615,179,178,0.0625865191428571,1.03099220558393,20001218,0,interpolate,Success
180,20010326,20010921,179,178,0.0462191758241758,1.02279570222575,20010326,0,interpolate,Success
180,20010625,20011221,179,178,0.0374900187912088,1.01845095735004,20010625,0,interpolate,Success
180,20010917,20020315,179,178,0.0287116642857143,1.01410033778089,20010917,0,interpolate,Success
180,20011224,20020621,179,178,0.0208219663736264,1.01020600359657,20011224,0,interpolate,Success
180,20020325,20020920,179,178,0.0255138463736264,1.01252009722882,20020325,0,interpolate,Success
180,20020624,20021220,179,178,0.0206566787912088,1.01012457821408,20020624,0,interpolate,Success
180,20020923,20030321,179,178,0.0172793459340659,1.00846224400255,20020923,0,interpolate,Success
180,20021223,20030620,179,178,0.014133233956044,1.00691617868547,20021223,0,interpolate,Success
180,20030324,20030919,179,178,0.0128357650549451,1.00627926581682,20030324,0,interpolate,Success
180,20030623,20031219,179,178,0.00980489604395604,1.00479301566971,20030623,0,interpolate,Success
180,20030922,20040319,179,178,0.0119522923076923,1.00584580957019,20030922,0,interpolate,Success
180,20031222,20040618,179,178,0.0125204252747253,1.0061245299366,20031222,0,interpolate,Success
180,20040322,20040917,179,178,0.0116886995604396,1.00571651982127,20040322,0,interpolate,Success
180,20040621,20041217,179,178,0.0198225957142857,1.00971378518759,20040621,0,interpolate,Success
180,20040920,20050318,179,178,0.0216677492307692,1.01062276311724,20040920,0,interpolate,Success
180,20041220,20050617,179,178,0.0283063204081633,1.01389989576627,20041220,0,interpolate,Success
180,20050321,20050916,179,178,0.0343008571428571,1.01686822997428,20050321,0,interpolate,Success
180,20050620,20051216,179,178,0.037372696,1.01839268839614,20050620,0,interpolate,Success
180,20050919,20060317,179,178,0.0411232346938775,1.02025706347971,20050919,0,interpolate,Success
180,20051219,20060616,179,178,0.0472981225714286,1.02333400956877,20051219,0,interpolate,Success
180,20060320,20060915,179,178,0.0507139817142857,1.02504011661625,20060320,0,interpolate,Success
180,20060619,20061215,179,178,0.0559273568571429,1.02764950768915,20060619,0,interpolate,Success
180,20060918,20070316,179,178,0.0545725321428571,1.02697075462459,20060918,0,interpolate,Success
180,20061218,20070615,179,178,0.0537333868571429,1.02655057642711,20061218,0,interpolate,Success
180,20070326,20070921,179,178,0.0531562323076923,1.02626168244502,20070326,0,interpolate,Success
180,20070625,20071221,179,178,0.0537520452747253,1.02655991723141,20070625,0,interpolate,Success
180,20070924,20080320,178,177,0.04937657,1.02423321989918,20070924,0,interpolate,Success
180,20071224,20080620,179,178,0.0447728462637363,1.02207454469565,20071224,0,interpolate,Success
180,20080324,20080919,179,178,0.0244760550549451,1.01200778947426,20080324,0,interpolate,Success
180,20080623,20081219,179,178,0.0312955415384615,1.01537899341338,20080623,0,interpolate,Success
180,20080922,20090320,179,178,0.0325488807692308,1.01599980051573,20080922,0,interpolate,Success
180,20081222,20090619,179,178,0.011406177032967,1.00557796364591,20081222,0,interpolate,Success
180,20090323,20090918,179,178,0.0114297105494505,1.0055895043473,20090323,0,interpolate,Success
180,20090622,20091218,179,178,0.00746122153846154,1.00364525093176,20090622,0,interpolate,Success
180,20090921,20100319,179,178,0.00431962076923077,1.00210877513144,20090921,0,interpolate,Success
180,20091221,20100618,179,178,0.00361592384615385,1.00176493771243,20091221,0,interpolate,Success
180,20100322,20100917,179,178,0.00389321714285714,1.00190041350509,20100322,0,interpolate,Success
180,20100621,20101217,179,178,0.00625448593406593,1.00305478925473,20100621,0,interpolate,Success
180,20100920,20110318,179,178,0.00370564813186813,1.00180877185099,20100920,0,interpolate,Success
180,20101220,20110617,179,178,0.00395645795918367,1.00193131331857,20101220,0,interpolate,Success
180,20110321,20110916,179,178,0.00355769371428571,1.00173649083692,20110321,0,interpolate,Success
180,20110620,20111216,179,178,0.00356988257142857,1.00174244533158,20110620,0,interpolate,Success
180,20110919,20120316,179,178,0.00424645971428571,1.00207302198937,20110919,0,interpolate,Success
180,20111219,20120615,179,178,0.00610221542857143,1.00298030723268,20111219,0,interpolate,Success
180,20120326,20120921,179,178,0.00442961549450549,1.00216253095384,20120326,0,interpolate,Success
180,20120521,20121116,179,178,0.00495057457142857,1.00241716945971,20120521,0,interpolate,Success
180,20120625,20121221,179,178,0.00422305978021978,1.00206158692368,20120625,0,interpolate,Success
180,20120917,20130315,179,178,0.00308065857142857,1.00150347765456,20120917,0,interpolate,Success
180,20121224,20130621,179,178,0.00311978010989011,1.00152258496975,20121224,0,interpolate,Success
180,20130325,20130920,179,178,0.00317111681318681,1.00154765883558,20130325,0,interpolate,Success
180,20130624,20131220,179,178,0.00328747747252747,1.00160449401739,20130624,0,interpolate,Success
180,20130722,20140117,179,178,0.00287379698412698,1.00140245063366,20130722,0,interpolate,Success
180,20130923,20140321,179,178,0.00264115494505495,1.00128884513621,20130923,0,interpolate,Success
180,20131223,20140620,179,178,0.00269913703296703,1.00131715817644,20131223,0,interpolate,Success
180,20140324,20140919,179,178,0.00244983318681319,1.00119542712463,20140324,0,interpolate,Success
180,20140623,20141219,179,178,0.00234464725274725,1.00114407096687,20140623,0,interpolate,Success
180,20140721,20150116,179,178,0.002358208,1.00115069174105,20140721,0,interpolate,Success
180,20140922,20150320,179,178,0.00250407659340659,1.00122191204647,20140922,0,interpolate,Success
180,20141222,20150619,179,178,0.00291497054945055,1.00142255815893,20141222,0,interpolate,Success
180,20150323,20150918,179,178,0.0034137067032967,1.00166615304981,20150323,0,interpolate,Success
180,20150622,20151218,179,178,0.00363601197802198,1.00177475145458,20150622,0,interpolate,Success
180,20150720,20160115,179,178,0.004063156,1.00198344873318,20150720,0,interpolate,Success
180,20150921,20160318,179,178,0.00394364967032967,1.00192505504067,20150921,0,interpolate,Success
180,20151221,20160617,179,178,0.00678260163265306,1.00331315610921,20151221,0,interpolate,Success
180,20160321,20160916,179,178,0.00700006314285714,1.00341956283339,20160321,0,interpolate,Success
180,20160620,20161216,179,178,0.00692207657142857,1.00338140169947,20160620,0,interpolate,Success
180,20160725,20170120,179,178,0.00814146464285714,1.00397825041317,20160725,0,interpolate,Success
180,20160919,20170317,179,178,0.00867902591836735,1.00424148099596,20160919,0,interpolate,Success
180,20161219,20170616,179,178,0.0104319745714286,1.00510033655983,20161219,0,interpolate,Success
180,20170320,20170915,179,178,0.0126077754285714,1.00616738990038,20170320,0,interpolate,Success
180,20170619,20171215,179,178,0.0134934577142857,1.00660206936957,20170619,0,interpolate,Success
180,20170724,20180119,179,178,0.0138488088888889,1.00677652313311,20170724,0,interpolate,Success
180,20170918,20180316,179,178,0.0143061442857143,1.00700108885469,20170918,0,interpolate,Success
180,20171218,20180615,179,178,0.0174164457142857,1.00852967165788,20171218,0,interpolate,Success
180,20180326,20180921,179,178,0.0228477398901099,1.01120449082016,20180326,0,interpolate,Success
180,20180625,20181221,179,178,0.0244505002197802,1.01199517754951,20180625,0,interpolate,Success
180,20180723,20190118,179,178,0.0247531093650794,1.01214453251827,20180723,0,interpolate,Success
180,20180917,20190315,179,178,0.0255953657142857,1.01256035039823,20180917,0,interpolate,Success
180,20181224,20190621,179,178,0.0273450068131868,1.01342468583889,20181224,0,interpolate,Success
180,20190219,20190816,178,177,0.0262351705714286,1.01280353304743,20190219,0,interpolate,Success
180,20190325,20190920,179,178,0.0254972814285714,1.01251191787424,20190325,0,interpolate,Success
180,20190422,20191018,179,178,0.0258772492857143,1.01269955310219,20190422,0,interpolate,Success
180,20190520,20191115,179,178,0.0248535811428571,1.01219412597701,20190520,0,interpolate,Success
180,20190624,20191220,179,178,0.0207130220879121,1.01015233379346,20190624,0,interpolate,Success
180,20190722,20200117,179,178,0.0214605223809524,1.0105206361831,20190722,0,interpolate,Success
180,20190826,20200221,179,178,0.019097874,1.0093569892063,20190826,0,interpolate,Success
180,20190923,20200320,179,178,0.0196607496703297,1.00963409398643,20190923,0,interpolate,Success
180,20191021,20200417,179,178,0.0180927692063492,1.00886236331708,20191021,0,interpolate,Success
180,20191118,20200515,179,178,0.0176651508571429,1.00865199995243,20191118,0,interpolate,Success
180,20191223,20200619,179,178,0.0180380343956044,1.00883543452439,20191223,0,interpolate,Success
180,20200121,20200717,178,177,0.017195293015873,1.00837340180545,20200121,0,interpolate,Success
180,20200224,20200821,179,178,0.01506317,1.00737292181008,20200224,0,interpolate,Success
180,20200323,20200918,179,178,0.00622593010989011,1.00304082095745,20200323,0,interpolate,Success
180,20200420,20201016,179,178,0.00504735857142857,1.00246448343631,20200420,0,interpolate,Success
180,20200526,20201120,178,177,0.00292126357142857,1.00141761661541,20200526,0,interpolate,Success
180,20200622,20201218,179,178,0.00284163978021978,1.00138674662009,20200622,0,interpolate,Success
180,20200720,20210115,179,178,0.00258865388888889,1.00126320921098,20200720,0,interpolate,Success
180,20200824,20210219,179,178,0.00236013333333333,1.00115163175159,20200824,0,interpolate,Success
180,20200921,20210319,179,178,0.00226572571428571,1.00110553991166,20200921,0,interpolate,Success
180,20201019,20210416,179,178,0.00207404914285714,1.00101196579475,20201019,0,interpolate,Success
180,20201123,20210521,179,178,0.00213217178571429,1.00104033962168,20201123,0,interpolate,Success
180,20201221,20210618,179,178,0.00177326934065934,1.00086514646908,20201221,0,interpolate,Success
180,20210119,20210716,178,177,0.00175362257142857,1.00085074851741,20210119,0,interpolate,Success
180,20210222,20210820,179,178,0.00145342,1.00070904237507,20210222,0,interpolate,Success
180,20210322,20210917,179,178,0.00165520010989011,1.00080751934658,20210322,0,interpolate,Success
180,20210419,20211015,179,178,0.001816796,1.00088639175839,20210419,0,interpolate,Success
180,20210524,20211119,179,178,0.00139570678571429,1.00068087774101,20210524,0,interpolate,Success
180,20210621,20211217,179,178,0.00146246648351648,1.00071345722267,20210621,0,interpolate,Success
180,20210726,20220121,179,178,0.00144762090909091,1.00070621232406,20210726,0,interpolate,Success
180,20210823,20220218,179,178,0.00152600142857143,1.00074446397389,20210823,0,interpolate,Success
180,20210920,20220318,179,178,0.00145280274725275,1.00070874114528,20210920,0,interpolate,Success
180,20211018,20220414,178,177,0.00172513129032258,1.00083692053884,20211018,0,interpolate,Success
180,20211122,20220520,179,178,0.00250366,1.00122170863763,20211122,0,interpolate,Success
180,20211220,20220617,179,178,0.00580176666666667,1.00283336110483,20211220,0,interpolate,Success
180,20220118,20220715,178,177,0.00591717166666667,1.00287354370713,20220118,0,interpolate,Success
180,20220222,20220819,178,177,0.00729215,1.00354245299549,20220222,0,interpolate,Success
180,20220321,20220916,179,178,0.00874980466666667,1.00427614475582,20220321,0,interpolate,Success
180,20220425,20221021,179,178,0.0128956846666667,1.00630867080423,20220425,0,interpolate,Success
180,20220523,20221118,179,178,0.016938802,1.00829477907419,20220523,0,interpolate,Success
180,20220621,20221216,178,177,0.0202502216666667,1.00986834463172,20220621,0,interpolate,Success
180,20220725,20230120,179,178,0.0262393373333333,1.01287839130207,20220725,0,interpolate,Success
180,20220822,20230217,179,178,0.0305014293333333,1.0149858481097,20220822,0,interpolate,Success
180,20220919,20230317,179,178,0.0340601586666667,1.01674887523492,20220919,0,interpolate,Success
180,20221024,20230421,179,178,0.0397516493333333,1.01957485933886,20221024,0,interpolate,Success
180,20221121,20230519,179,178,0.043530602,1.02145555250869,20221121,0,interpolate,Success
180,20221219,20230616,179,178,0.0466583853333333,1.02301479813967,20221219,0,interpolate,Success
180,20230123,20230721,179,178,0.047386498,1.02337811432613,20230123,0,interpolate,Success
180,20230221,20230818,178,177,0.0478545916666667,1.0234775580919,20230221,0,interpolate,Success
180,20230320,20230915,179,178,0.04946841,1.0244176660839,20230320,0,interpolate,Success
180,20230424,20231020,179,178,0.049653202,1.02450998845119,20230424,0,interpolate,Success
180,20230522,20231117,179,178,0.050146982,1.02475672252006,20230522,0,interpolate,Success
180,20230620,20231215,178,177,0.0524359983333333,1.02575391359737,20230620,0,interpolate,Success
180,20230724,20240119,179,178,0.053766928,1.02656736790405,20230724,0,interpolate,Success
180,20230821,20240216,179,178,0.055164726,1.02726738240697,20230821,0,interpolate,Success
180,20230918,20240315,179,178,0.0557326186666667,1.02755191828539,20230918,0,interpolate,Success
180,20231023,20240419,179,178,0.055683588,1.0275273489438,20231023,0,interpolate,Success
180,20231120,20240517,179,178,0.055280834,1.0273255505335,20231120,0,interpolate,Success
180,20231226,20240621,178,177,0.0545376583333333,1.02679985503717,20231226,0,interpolate,Success
180,20240122,20240719,179,178,0.053367314,1.02636732968902,20240122,0,interpolate,Success
180,20240220,20240816,178,177,0.05289608,1.02598279313137,20240220,0,interpolate,Success
180,20240325,20240920,179,178,0.053758642,1.02656321971401,20240325,0,interpolate,Success
180,20240422,20241018,179,178,0.054121634,1.02674495879673,20240422,0,interpolate,Success
180,20240520,20241115,179,178,0.05500924,1.02718949173288,20240520,0,interpolate,Success
180,20240624,20241220,179,178,0.0557692446666667,1.02757027201299,20240624,0,interpolate,Success
180,20240722,20250117,179,178,0.0544093786666667,1.02688904668329,20240722,0,interpolate,Success
180,20240826,20250221,179,178,0.0516981373333333,1.02553219693983,20240826,0,interpolate,Success
180,20240923,20250321,179,178,0.0495306853333333,1.02444877800672,20240923,0,interpolate,Success
180,20241021,20250417,178,177,0.0473357083333333,1.02322006012203,20241021,0,interpolate,Success
180,20241118,20250516,179,178,0.0479968866666667,1.02368278760314,20241118,0,interpolate,Success
180,20241223,20250620,179,178,0.048655674,1.0240117206776,20241223,0,interpolate,Success
