TTM,gamma
30,1.84089834491244
60,2.16371118900584
90,1.7279329324653
180,1.81647946058564
