TTM,gamma
30,1.84089385615172
60,2.16371220849954
90,1.72792861946945
180,1.81647934504062
